# Official OSRS drop tables compiled from osrsreboxed-db (OSRS Wiki)
# Format: npc <id> -> g <objId> <min> <max> / t <weight> <name> -> i <objId> <min> <max> <weight> -> end
npc 1 # Molanisk (lvl 51)
g 526 1 1
t 1 main
i 1623 1 1 13672
i 1621 1 1 6836
i 1619 1 1 3418
i 1452 1 1 1282
i 1462 1 1 1282
i 1617 1 1 854
i 830 5 5 427
i 987 1 1 427
i 985 1 1 427
i 1247 1 1 27
i 2366 1 1 13
i 1249 1 1 10
i 205 1 1 27322
i 207 1 1 21505
i 209 1 1 15625
i 211 1 1 11723
i 213 1 1 9766
i 215 1 1 7812
i 2485 1 1 5858
i 217 1 1 5858
i 10978 1 4 289062
i 10978 5 8 78125
i 555 1 14 78125
i 995 1 75 78125
i 7416 1 1 7812
i 557 1 20 78125
i 2677 1 1 7812
i 561 1 5 23438
i 564 1 7 39062
i 4698 1 15 15625
i 199 1 1 62500
i 201 1 1 46948
i 203 1 1 35211
end
npc 2 # Aberrant spectre (lvl 96)
g 20543 1 1
t 1 main
i 1623 1 1 9766
i 1621 1 1 4883
i 1619 1 1 2441
i 1452 1 1 915
i 1462 1 1 915
i 1617 1 1 610
i 830 5 5 305
i 987 1 1 305
i 985 1 1 305
i 1247 1 1 19
i 2366 1 1 10
i 1249 1 1 7
i 1353 1 1 23438
i 205 1 3 66667
i 207 1 3 52356
i 209 1 3 38023
i 211 1 3 28571
i 213 1 3 23810
i 215 1 3 19048
i 2485 1 3 14286
i 217 1 3 14286
i 5296 1 1 29586
i 5297 1 1 20121
i 1197 1 1 7812
i 5281 1 1 19493
i 5106 1 1 13831
i 5298 1 1 13831
i 5280 1 1 13210
i 22873 1 1 9434
i 5299 1 1 9434
i 5300 1 1 6289
i 5301 1 1 4403
i 5302 1 1 3145
i 22879 3 3 2516
i 3053 1 1 7812
i 5303 1 1 1887
i 5304 1 1 1258
i 995 460 460 7812
i 1073 1 1 7812
i 23083 1 1 12195
i 2722 1 1 7812
i 1163 1 1 7812
i 4103 1 1 1953
i 199 1 3 151515
i 201 1 3 113636
i 203 1 3 85470
end
npc 3 # Aberrant spectre (lvl 96)
g 20543 1 1
t 1 main
i 1623 1 1 9766
i 1621 1 1 4883
i 1619 1 1 2441
i 1452 1 1 915
i 1462 1 1 915
i 1617 1 1 610
i 830 5 5 305
i 987 1 1 305
i 985 1 1 305
i 1247 1 1 19
i 2366 1 1 10
i 1249 1 1 7
i 1353 1 1 23438
i 205 1 3 66667
i 207 1 3 52356
i 209 1 3 38023
i 211 1 3 28571
i 213 1 3 23810
i 215 1 3 19048
i 2485 1 3 14286
i 217 1 3 14286
i 5296 1 1 29586
i 5297 1 1 20121
i 1197 1 1 7812
i 5281 1 1 19493
i 5106 1 1 13831
i 5298 1 1 13831
i 5280 1 1 13210
i 22873 1 1 9434
i 5299 1 1 9434
i 5300 1 1 6289
i 5301 1 1 4403
i 5302 1 1 3145
i 22879 3 3 2516
i 3053 1 1 7812
i 5303 1 1 1887
i 5304 1 1 1258
i 995 460 460 7812
i 1073 1 1 7812
i 23083 1 1 12195
i 2722 1 1 7812
i 1163 1 1 7812
i 4103 1 1 1953
i 199 1 3 151515
i 201 1 3 113636
i 203 1 3 85470
end
npc 4 # Aberrant spectre (lvl 96)
g 20543 1 1
t 1 main
i 1623 1 1 9766
i 1621 1 1 4883
i 1619 1 1 2441
i 1452 1 1 915
i 1462 1 1 915
i 1617 1 1 610
i 830 5 5 305
i 987 1 1 305
i 985 1 1 305
i 1247 1 1 19
i 2366 1 1 10
i 1249 1 1 7
i 1353 1 1 23438
i 205 1 3 66667
i 207 1 3 52356
i 209 1 3 38023
i 211 1 3 28571
i 213 1 3 23810
i 215 1 3 19048
i 2485 1 3 14286
i 217 1 3 14286
i 5296 1 1 29586
i 5297 1 1 20121
i 1197 1 1 7812
i 5281 1 1 19493
i 5106 1 1 13831
i 5298 1 1 13831
i 5280 1 1 13210
i 22873 1 1 9434
i 5299 1 1 9434
i 5300 1 1 6289
i 5301 1 1 4403
i 5302 1 1 3145
i 22879 3 3 2516
i 3053 1 1 7812
i 5303 1 1 1887
i 5304 1 1 1258
i 995 460 460 7812
i 1073 1 1 7812
i 23083 1 1 12195
i 2722 1 1 7812
i 1163 1 1 7812
i 4103 1 1 1953
i 199 1 3 151515
i 201 1 3 113636
i 203 1 3 85470
end
npc 5 # Aberrant spectre (lvl 96)
g 20543 1 1
t 1 main
i 1623 1 1 9766
i 1621 1 1 4883
i 1619 1 1 2441
i 1452 1 1 915
i 1462 1 1 915
i 1617 1 1 610
i 830 5 5 305
i 987 1 1 305
i 985 1 1 305
i 1247 1 1 19
i 2366 1 1 10
i 1249 1 1 7
i 1353 1 1 23438
i 205 1 3 66667
i 207 1 3 52356
i 209 1 3 38023
i 211 1 3 28571
i 213 1 3 23810
i 215 1 3 19048
i 2485 1 3 14286
i 217 1 3 14286
i 5296 1 1 29586
i 5297 1 1 20121
i 1197 1 1 7812
i 5281 1 1 19493
i 5106 1 1 13831
i 5298 1 1 13831
i 5280 1 1 13210
i 22873 1 1 9434
i 5299 1 1 9434
i 5300 1 1 6289
i 5301 1 1 4403
i 5302 1 1 3145
i 22879 3 3 2516
i 3053 1 1 7812
i 5303 1 1 1887
i 5304 1 1 1258
i 995 460 460 7812
i 1073 1 1 7812
i 23083 1 1 12195
i 2722 1 1 7812
i 1163 1 1 7812
i 4103 1 1 1953
i 199 1 3 151515
i 201 1 3 113636
i 203 1 3 85470
end
npc 6 # Aberrant spectre (lvl 96)
g 20543 1 1
t 1 main
i 1623 1 1 9766
i 1621 1 1 4883
i 1619 1 1 2441
i 1452 1 1 915
i 1462 1 1 915
i 1617 1 1 610
i 830 5 5 305
i 987 1 1 305
i 985 1 1 305
i 1247 1 1 19
i 2366 1 1 10
i 1249 1 1 7
i 1353 1 1 23438
i 205 1 3 66667
i 207 1 3 52356
i 209 1 3 38023
i 211 1 3 28571
i 213 1 3 23810
i 215 1 3 19048
i 2485 1 3 14286
i 217 1 3 14286
i 5296 1 1 29586
i 5297 1 1 20121
i 1197 1 1 7812
i 5281 1 1 19493
i 5106 1 1 13831
i 5298 1 1 13831
i 5280 1 1 13210
i 22873 1 1 9434
i 5299 1 1 9434
i 5300 1 1 6289
i 5301 1 1 4403
i 5302 1 1 3145
i 22879 3 3 2516
i 3053 1 1 7812
i 5303 1 1 1887
i 5304 1 1 1258
i 995 460 460 7812
i 1073 1 1 7812
i 23083 1 1 12195
i 2722 1 1 7812
i 1163 1 1 7812
i 4103 1 1 1953
i 199 1 3 151515
i 201 1 3 113636
i 203 1 3 85470
end
npc 7 # Aberrant spectre (lvl 96)
g 20543 1 1
t 1 main
i 1623 1 1 9766
i 1621 1 1 4883
i 1619 1 1 2441
i 1452 1 1 915
i 1462 1 1 915
i 1617 1 1 610
i 830 5 5 305
i 987 1 1 305
i 985 1 1 305
i 1247 1 1 19
i 2366 1 1 10
i 1249 1 1 7
i 1353 1 1 23438
i 205 1 3 66667
i 207 1 3 52356
i 209 1 3 38023
i 211 1 3 28571
i 213 1 3 23810
i 215 1 3 19048
i 2485 1 3 14286
i 217 1 3 14286
i 5296 1 1 29586
i 5297 1 1 20121
i 1197 1 1 7812
i 5281 1 1 19493
i 5106 1 1 13831
i 5298 1 1 13831
i 5280 1 1 13210
i 22873 1 1 9434
i 5299 1 1 9434
i 5300 1 1 6289
i 5301 1 1 4403
i 5302 1 1 3145
i 22879 3 3 2516
i 3053 1 1 7812
i 5303 1 1 1887
i 5304 1 1 1258
i 995 460 460 7812
i 1073 1 1 7812
i 23083 1 1 12195
i 2722 1 1 7812
i 1163 1 1 7812
i 4103 1 1 1953
i 199 1 3 151515
i 201 1 3 113636
i 203 1 3 85470
end
npc 8 # Nechryael (lvl 115)
g 25772 1 1
t 1 main
i 563 25 35 43103
i 565 15 20 34483
i 5100 1 1 51724
i 5296 1 2 30864
i 5297 1 2 21053
i 5281 1 2 20367
i 5106 1 2 14472
i 5298 1 2 14472
i 5280 1 2 13812
i 22873 1 2 9862
i 1073 1 1 34483
i 5299 1 2 9862
i 5300 1 2 6575
i 5301 1 2 4602
i 5302 1 2 3287
i 22879 3 6 2630
i 5303 1 2 1972
i 5304 1 2 1315
i 995 1000 1499 112069
i 995 1500 2000 90517
i 995 2500 2999 51724
i 1319 1 1 34483
i 995 3000 3500 25862
i 995 500 999 21552
i 995 5000 5000 8621
i 1761 25 25 34483
i 361 1 1 25862
i 1163 1 1 25862
i 1199 1 1 17241
i 4131 1 1 8621
i 23083 1 1 12987
i 2722 1 1 7812
i 562 37 37 68966
i 560 5 5 51724
i 560 10 10 51724
end
npc 10 # Death spawn (lvl 46)
g 25766 1 1
end
npc 11 # Nechryael (lvl 115)
g 25772 1 1
t 1 main
i 563 25 35 43103
i 565 15 20 34483
i 5100 1 1 51724
i 5296 1 2 30864
i 5297 1 2 21053
i 5281 1 2 20367
i 5106 1 2 14472
i 5298 1 2 14472
i 5280 1 2 13812
i 22873 1 2 9862
i 1073 1 1 34483
i 5299 1 2 9862
i 5300 1 2 6575
i 5301 1 2 4602
i 5302 1 2 3287
i 22879 3 6 2630
i 5303 1 2 1972
i 5304 1 2 1315
i 995 1000 1499 112069
i 995 1500 2000 90517
i 995 2500 2999 51724
i 1319 1 1 34483
i 995 3000 3500 25862
i 995 500 999 21552
i 995 5000 5000 8621
i 1761 25 25 34483
i 361 1 1 25862
i 1163 1 1 25862
i 1199 1 1 17241
i 4131 1 1 8621
i 23083 1 1 12987
i 2722 1 1 7812
i 562 37 37 68966
i 560 5 5 51724
i 560 10 10 51724
end
npc 26 # Zombie (lvl 13)
g 526 1 1
g 526 1 1
g 526 1 1
g 526 1 1
g 526 1 1
t 1 main
i 1623 1 1 5000
i 1621 1 1 2500
i 1619 1 1 1250
i 1452 1 1 469
i 1462 1 1 469
i 1617 1 1 312
i 830 5 5 156
i 987 1 1 156
i 985 1 1 156
i 1247 1 1 10
i 2366 1 1 5
i 1249 1 1 4
i 1623 1 1 1953
i 1621 1 1 977
i 1619 1 1 488
i 1452 1 1 183
i 1462 1 1 183
i 1617 1 1 122
i 830 5 5 61
i 987 1 1 61
i 985 1 1 61
i 1247 1 1 4
i 2366 1 1 2
i 1249 1 1 1
i 884 5 5 54688
i 217 1 1 2380
i 995 10 10 148438
i 995 26 26 39062
i 995 35 35 31250
i 995 1 1 15625
i 995 18 18 7812
i 313 3 3 328125
i 11940 3 3 328125
i 313 4 4 195312
i 11940 4 4 195312
i 559 6 6 39062
i 313 7 7 23438
i 11940 7 7 23438
i 221 1 1 15625
i 590 1 1 7812
i 558 5 5 39062
i 7863 1 1 250000
i 6807 1 1 200
i 23490 1 1 798
i 21257 1 1 3322
i 556 13 13 31250
i 886 5 14 200000
i 559 7 7 100000
i 199 1 1 10000
i 201 1 1 7502
i 203 1 1 5624
i 205 1 1 4374
i 207 1 1 3438
i 209 1 1 2500
i 211 1 1 1875
i 213 1 1 1562
i 884 8 8 31250
i 215 1 1 1250
i 2485 1 1 937
i 217 1 1 937
i 995 5 84 100000
i 995 10 10 40000
i 1917 1 1 100000
i 592 1 1 40000
i 886 5 5 15625
i 6807 1 1 200
i 561 6 6 7812
i 199 1 1 48780
i 201 1 1 36630
i 203 1 1 27473
i 7863 1 1 250000
i 205 1 1 21368
i 207 1 1 16779
i 209 1 1 12210
i 211 1 1 9158
i 213 1 1 7628
i 215 1 1 6105
i 2485 1 1 4577
i 217 1 1 4577
i 995 10 10 281250
i 995 4 4 31250
i 6807 1 1 200
i 995 18 18 23438
i 995 13 13 15625
i 995 28 28 15625
i 313 5 5 289062
i 436 1 1 15625
i 7863 1 1 250000
i 6807 1 1 200
i 1420 1 1 23438
i 1203 1 1 15625
i 23490 1 1 798
i 1189 1 1 7812
i 888 1 1 23438
i 559 3 3 15625
i 556 4 4 23438
i 562 4 4 7812
i 564 2 2 7812
i 554 7 7 7812
i 199 1 1 58480
i 201 1 1 43860
i 203 1 1 33003
i 21257 1 1 3322
i 205 1 1 25641
i 207 1 1 20161
i 209 1 1 14641
i 211 1 1 10989
i 213 1 1 9158
i 215 1 1 7326
i 2485 1 1 5495
i 217 1 1 5495
i 995 10 10 312500
i 995 18 18 164062
i 995 26 26 62500
i 995 35 35 46875
i 995 1 1 15625
i 313 7 7 203125
i 590 1 1 15625
i 221 1 1 7812
i 438 1 1 7812
i 1139 1 1 31250
i 7863 1 1 250000
i 1291 1 1 7812
i 6807 1 1 200
i 1189 1 1 15625
i 1203 1 1 15625
i 1420 1 1 7812
i 564 2 2 46875
i 562 4 4 39062
i 556 3 3 23438
i 559 3 3 23438
i 554 7 7 7812
i 1349 1 1 7812
i 199 1 1 25381
i 201 1 1 19048
i 203 1 1 14286
i 205 1 1 11111
i 207 1 1 8726
i 209 1 1 6349
i 211 1 1 4760
i 213 1 1 3967
i 215 1 1 3174
i 2485 1 1 2380
end
npc 27 # Zombie (lvl 13)
g 526 1 1
g 526 1 1
g 526 1 1
g 526 1 1
g 526 1 1
t 1 main
i 1623 1 1 5000
i 1621 1 1 2500
i 1619 1 1 1250
i 1452 1 1 469
i 1462 1 1 469
i 1617 1 1 312
i 830 5 5 156
i 987 1 1 156
i 985 1 1 156
i 1247 1 1 10
i 2366 1 1 5
i 1249 1 1 4
i 1623 1 1 1953
i 1621 1 1 977
i 1619 1 1 488
i 1452 1 1 183
i 1462 1 1 183
i 1617 1 1 122
i 830 5 5 61
i 987 1 1 61
i 985 1 1 61
i 1247 1 1 4
i 2366 1 1 2
i 1249 1 1 1
i 884 5 5 54688
i 217 1 1 2380
i 995 10 10 148438
i 995 26 26 39062
i 995 35 35 31250
i 995 1 1 15625
i 995 18 18 7812
i 313 3 3 328125
i 11940 3 3 328125
i 313 4 4 195312
i 11940 4 4 195312
i 559 6 6 39062
i 313 7 7 23438
i 11940 7 7 23438
i 221 1 1 15625
i 590 1 1 7812
i 558 5 5 39062
i 7863 1 1 250000
i 6807 1 1 200
i 23490 1 1 798
i 21257 1 1 3322
i 556 13 13 31250
i 886 5 14 200000
i 559 7 7 100000
i 199 1 1 10000
i 201 1 1 7502
i 203 1 1 5624
i 205 1 1 4374
i 207 1 1 3438
i 209 1 1 2500
i 211 1 1 1875
i 213 1 1 1562
i 884 8 8 31250
i 215 1 1 1250
i 2485 1 1 937
i 217 1 1 937
i 995 5 84 100000
i 995 10 10 40000
i 1917 1 1 100000
i 592 1 1 40000
i 886 5 5 15625
i 6807 1 1 200
i 561 6 6 7812
i 199 1 1 48780
i 201 1 1 36630
i 203 1 1 27473
i 7863 1 1 250000
i 205 1 1 21368
i 207 1 1 16779
i 209 1 1 12210
i 211 1 1 9158
i 213 1 1 7628
i 215 1 1 6105
i 2485 1 1 4577
i 217 1 1 4577
i 995 10 10 281250
i 995 4 4 31250
i 6807 1 1 200
i 995 18 18 23438
i 995 13 13 15625
i 995 28 28 15625
i 313 5 5 289062
i 436 1 1 15625
i 7863 1 1 250000
i 6807 1 1 200
i 1420 1 1 23438
i 1203 1 1 15625
i 23490 1 1 798
i 1189 1 1 7812
i 888 1 1 23438
i 559 3 3 15625
i 556 4 4 23438
i 562 4 4 7812
i 564 2 2 7812
i 554 7 7 7812
i 199 1 1 58480
i 201 1 1 43860
i 203 1 1 33003
i 21257 1 1 3322
i 205 1 1 25641
i 207 1 1 20161
i 209 1 1 14641
i 211 1 1 10989
i 213 1 1 9158
i 215 1 1 7326
i 2485 1 1 5495
i 217 1 1 5495
i 995 10 10 312500
i 995 18 18 164062
i 995 26 26 62500
i 995 35 35 46875
i 995 1 1 15625
i 313 7 7 203125
i 590 1 1 15625
i 221 1 1 7812
i 438 1 1 7812
i 1139 1 1 31250
i 7863 1 1 250000
i 1291 1 1 7812
i 6807 1 1 200
i 1189 1 1 15625
i 1203 1 1 15625
i 1420 1 1 7812
i 564 2 2 46875
i 562 4 4 39062
i 556 3 3 23438
i 559 3 3 23438
i 554 7 7 7812
i 1349 1 1 7812
i 199 1 1 25381
i 201 1 1 19048
i 203 1 1 14286
i 205 1 1 11111
i 207 1 1 8726
i 209 1 1 6349
i 211 1 1 4760
i 213 1 1 3967
i 215 1 1 3174
i 2485 1 1 2380
end
npc 28 # Zombie (lvl 13)
g 526 1 1
g 526 1 1
g 526 1 1
g 526 1 1
g 526 1 1
t 1 main
i 1623 1 1 5000
i 1621 1 1 2500
i 1619 1 1 1250
i 1452 1 1 469
i 1462 1 1 469
i 1617 1 1 312
i 830 5 5 156
i 987 1 1 156
i 985 1 1 156
i 1247 1 1 10
i 2366 1 1 5
i 1249 1 1 4
i 1623 1 1 1953
i 1621 1 1 977
i 1619 1 1 488
i 1452 1 1 183
i 1462 1 1 183
i 1617 1 1 122
i 830 5 5 61
i 987 1 1 61
i 985 1 1 61
i 1247 1 1 4
i 2366 1 1 2
i 1249 1 1 1
i 884 5 5 54688
i 217 1 1 2380
i 995 10 10 148438
i 995 26 26 39062
i 995 35 35 31250
i 995 1 1 15625
i 995 18 18 7812
i 313 3 3 328125
i 11940 3 3 328125
i 313 4 4 195312
i 11940 4 4 195312
i 559 6 6 39062
i 313 7 7 23438
i 11940 7 7 23438
i 221 1 1 15625
i 590 1 1 7812
i 558 5 5 39062
i 7863 1 1 250000
i 6807 1 1 200
i 23490 1 1 798
i 21257 1 1 3322
i 556 13 13 31250
i 886 5 14 200000
i 559 7 7 100000
i 199 1 1 10000
i 201 1 1 7502
i 203 1 1 5624
i 205 1 1 4374
i 207 1 1 3438
i 209 1 1 2500
i 211 1 1 1875
i 213 1 1 1562
i 884 8 8 31250
i 215 1 1 1250
i 2485 1 1 937
i 217 1 1 937
i 995 5 84 100000
i 995 10 10 40000
i 1917 1 1 100000
i 592 1 1 40000
i 886 5 5 15625
i 6807 1 1 200
i 561 6 6 7812
i 199 1 1 48780
i 201 1 1 36630
i 203 1 1 27473
i 7863 1 1 250000
i 205 1 1 21368
i 207 1 1 16779
i 209 1 1 12210
i 211 1 1 9158
i 213 1 1 7628
i 215 1 1 6105
i 2485 1 1 4577
i 217 1 1 4577
i 995 10 10 281250
i 995 4 4 31250
i 6807 1 1 200
i 995 18 18 23438
i 995 13 13 15625
i 995 28 28 15625
i 313 5 5 289062
i 436 1 1 15625
i 7863 1 1 250000
i 6807 1 1 200
i 1420 1 1 23438
i 1203 1 1 15625
i 23490 1 1 798
i 1189 1 1 7812
i 888 1 1 23438
i 559 3 3 15625
i 556 4 4 23438
i 562 4 4 7812
i 564 2 2 7812
i 554 7 7 7812
i 199 1 1 58480
i 201 1 1 43860
i 203 1 1 33003
i 21257 1 1 3322
i 205 1 1 25641
i 207 1 1 20161
i 209 1 1 14641
i 211 1 1 10989
i 213 1 1 9158
i 215 1 1 7326
i 2485 1 1 5495
i 217 1 1 5495
i 995 10 10 312500
i 995 18 18 164062
i 995 26 26 62500
i 995 35 35 46875
i 995 1 1 15625
i 313 7 7 203125
i 590 1 1 15625
i 221 1 1 7812
i 438 1 1 7812
i 1139 1 1 31250
i 7863 1 1 250000
i 1291 1 1 7812
i 6807 1 1 200
i 1189 1 1 15625
i 1203 1 1 15625
i 1420 1 1 7812
i 564 2 2 46875
i 562 4 4 39062
i 556 3 3 23438
i 559 3 3 23438
i 554 7 7 7812
i 1349 1 1 7812
i 199 1 1 25381
i 201 1 1 19048
i 203 1 1 14286
i 205 1 1 11111
i 207 1 1 8726
i 209 1 1 6349
i 211 1 1 4760
i 213 1 1 3967
i 215 1 1 3174
i 2485 1 1 2380
end
npc 29 # Zombie (lvl 13)
g 526 1 1
g 526 1 1
g 526 1 1
g 526 1 1
g 526 1 1
t 1 main
i 1623 1 1 5000
i 1621 1 1 2500
i 1619 1 1 1250
i 1452 1 1 469
i 1462 1 1 469
i 1617 1 1 312
i 830 5 5 156
i 987 1 1 156
i 985 1 1 156
i 1247 1 1 10
i 2366 1 1 5
i 1249 1 1 4
i 1623 1 1 1953
i 1621 1 1 977
i 1619 1 1 488
i 1452 1 1 183
i 1462 1 1 183
i 1617 1 1 122
i 830 5 5 61
i 987 1 1 61
i 985 1 1 61
i 1247 1 1 4
i 2366 1 1 2
i 1249 1 1 1
i 884 5 5 54688
i 217 1 1 2380
i 995 10 10 148438
i 995 26 26 39062
i 995 35 35 31250
i 995 1 1 15625
i 995 18 18 7812
i 313 3 3 328125
i 11940 3 3 328125
i 313 4 4 195312
i 11940 4 4 195312
i 559 6 6 39062
i 313 7 7 23438
i 11940 7 7 23438
i 221 1 1 15625
i 590 1 1 7812
i 558 5 5 39062
i 7863 1 1 250000
i 6807 1 1 200
i 23490 1 1 798
i 21257 1 1 3322
i 556 13 13 31250
i 886 5 14 200000
i 559 7 7 100000
i 199 1 1 10000
i 201 1 1 7502
i 203 1 1 5624
i 205 1 1 4374
i 207 1 1 3438
i 209 1 1 2500
i 211 1 1 1875
i 213 1 1 1562
i 884 8 8 31250
i 215 1 1 1250
i 2485 1 1 937
i 217 1 1 937
i 995 5 84 100000
i 995 10 10 40000
i 1917 1 1 100000
i 592 1 1 40000
i 886 5 5 15625
i 6807 1 1 200
i 561 6 6 7812
i 199 1 1 48780
i 201 1 1 36630
i 203 1 1 27473
i 7863 1 1 250000
i 205 1 1 21368
i 207 1 1 16779
i 209 1 1 12210
i 211 1 1 9158
i 213 1 1 7628
i 215 1 1 6105
i 2485 1 1 4577
i 217 1 1 4577
i 995 10 10 281250
i 995 4 4 31250
i 6807 1 1 200
i 995 18 18 23438
i 995 13 13 15625
i 995 28 28 15625
i 313 5 5 289062
i 436 1 1 15625
i 7863 1 1 250000
i 6807 1 1 200
i 1420 1 1 23438
i 1203 1 1 15625
i 23490 1 1 798
i 1189 1 1 7812
i 888 1 1 23438
i 559 3 3 15625
i 556 4 4 23438
i 562 4 4 7812
i 564 2 2 7812
i 554 7 7 7812
i 199 1 1 58480
i 201 1 1 43860
i 203 1 1 33003
i 21257 1 1 3322
i 205 1 1 25641
i 207 1 1 20161
i 209 1 1 14641
i 211 1 1 10989
i 213 1 1 9158
i 215 1 1 7326
i 2485 1 1 5495
i 217 1 1 5495
i 995 10 10 312500
i 995 18 18 164062
i 995 26 26 62500
i 995 35 35 46875
i 995 1 1 15625
i 313 7 7 203125
i 590 1 1 15625
i 221 1 1 7812
i 438 1 1 7812
i 1139 1 1 31250
i 7863 1 1 250000
i 1291 1 1 7812
i 6807 1 1 200
i 1189 1 1 15625
i 1203 1 1 15625
i 1420 1 1 7812
i 564 2 2 46875
i 562 4 4 39062
i 556 3 3 23438
i 559 3 3 23438
i 554 7 7 7812
i 1349 1 1 7812
i 199 1 1 25381
i 201 1 1 19048
i 203 1 1 14286
i 205 1 1 11111
i 207 1 1 8726
i 209 1 1 6349
i 211 1 1 4760
i 213 1 1 3967
i 215 1 1 3174
i 2485 1 1 2380
end
npc 30 # Zombie (lvl 13)
g 526 1 1
g 526 1 1
g 526 1 1
g 526 1 1
g 526 1 1
t 1 main
i 1623 1 1 5000
i 1621 1 1 2500
i 1619 1 1 1250
i 1452 1 1 469
i 1462 1 1 469
i 1617 1 1 312
i 830 5 5 156
i 987 1 1 156
i 985 1 1 156
i 1247 1 1 10
i 2366 1 1 5
i 1249 1 1 4
i 1623 1 1 1953
i 1621 1 1 977
i 1619 1 1 488
i 1452 1 1 183
i 1462 1 1 183
i 1617 1 1 122
i 830 5 5 61
i 987 1 1 61
i 985 1 1 61
i 1247 1 1 4
i 2366 1 1 2
i 1249 1 1 1
i 884 5 5 54688
i 217 1 1 2380
i 995 10 10 148438
i 995 26 26 39062
i 995 35 35 31250
i 995 1 1 15625
i 995 18 18 7812
i 313 3 3 328125
i 11940 3 3 328125
i 313 4 4 195312
i 11940 4 4 195312
i 559 6 6 39062
i 313 7 7 23438
i 11940 7 7 23438
i 221 1 1 15625
i 590 1 1 7812
i 558 5 5 39062
i 7863 1 1 250000
i 6807 1 1 200
i 23490 1 1 798
i 21257 1 1 3322
i 556 13 13 31250
i 886 5 14 200000
i 559 7 7 100000
i 199 1 1 10000
i 201 1 1 7502
i 203 1 1 5624
i 205 1 1 4374
i 207 1 1 3438
i 209 1 1 2500
i 211 1 1 1875
i 213 1 1 1562
i 884 8 8 31250
i 215 1 1 1250
i 2485 1 1 937
i 217 1 1 937
i 995 5 84 100000
i 995 10 10 40000
i 1917 1 1 100000
i 592 1 1 40000
i 886 5 5 15625
i 6807 1 1 200
i 561 6 6 7812
i 199 1 1 48780
i 201 1 1 36630
i 203 1 1 27473
i 7863 1 1 250000
i 205 1 1 21368
i 207 1 1 16779
i 209 1 1 12210
i 211 1 1 9158
i 213 1 1 7628
i 215 1 1 6105
i 2485 1 1 4577
i 217 1 1 4577
i 995 10 10 281250
i 995 4 4 31250
i 6807 1 1 200
i 995 18 18 23438
i 995 13 13 15625
i 995 28 28 15625
i 313 5 5 289062
i 436 1 1 15625
i 7863 1 1 250000
i 6807 1 1 200
i 1420 1 1 23438
i 1203 1 1 15625
i 23490 1 1 798
i 1189 1 1 7812
i 888 1 1 23438
i 559 3 3 15625
i 556 4 4 23438
i 562 4 4 7812
i 564 2 2 7812
i 554 7 7 7812
i 199 1 1 58480
i 201 1 1 43860
i 203 1 1 33003
i 21257 1 1 3322
i 205 1 1 25641
i 207 1 1 20161
i 209 1 1 14641
i 211 1 1 10989
i 213 1 1 9158
i 215 1 1 7326
i 2485 1 1 5495
i 217 1 1 5495
i 995 10 10 312500
i 995 18 18 164062
i 995 26 26 62500
i 995 35 35 46875
i 995 1 1 15625
i 313 7 7 203125
i 590 1 1 15625
i 221 1 1 7812
i 438 1 1 7812
i 1139 1 1 31250
i 7863 1 1 250000
i 1291 1 1 7812
i 6807 1 1 200
i 1189 1 1 15625
i 1203 1 1 15625
i 1420 1 1 7812
i 564 2 2 46875
i 562 4 4 39062
i 556 3 3 23438
i 559 3 3 23438
i 554 7 7 7812
i 1349 1 1 7812
i 199 1 1 25381
i 201 1 1 19048
i 203 1 1 14286
i 205 1 1 11111
i 207 1 1 8726
i 209 1 1 6349
i 211 1 1 4760
i 213 1 1 3967
i 215 1 1 3174
i 2485 1 1 2380
end
npc 31 # Zombie (lvl 13)
g 526 1 1
g 526 1 1
g 526 1 1
g 526 1 1
g 526 1 1
t 1 main
i 1623 1 1 5000
i 1621 1 1 2500
i 1619 1 1 1250
i 1452 1 1 469
i 1462 1 1 469
i 1617 1 1 312
i 830 5 5 156
i 987 1 1 156
i 985 1 1 156
i 1247 1 1 10
i 2366 1 1 5
i 1249 1 1 4
i 1623 1 1 1953
i 1621 1 1 977
i 1619 1 1 488
i 1452 1 1 183
i 1462 1 1 183
i 1617 1 1 122
i 830 5 5 61
i 987 1 1 61
i 985 1 1 61
i 1247 1 1 4
i 2366 1 1 2
i 1249 1 1 1
i 884 5 5 54688
i 217 1 1 2380
i 995 10 10 148438
i 995 26 26 39062
i 995 35 35 31250
i 995 1 1 15625
i 995 18 18 7812
i 313 3 3 328125
i 11940 3 3 328125
i 313 4 4 195312
i 11940 4 4 195312
i 559 6 6 39062
i 313 7 7 23438
i 11940 7 7 23438
i 221 1 1 15625
i 590 1 1 7812
i 558 5 5 39062
i 7863 1 1 250000
i 6807 1 1 200
i 23490 1 1 798
i 21257 1 1 3322
i 556 13 13 31250
i 886 5 14 200000
i 559 7 7 100000
i 199 1 1 10000
i 201 1 1 7502
i 203 1 1 5624
i 205 1 1 4374
i 207 1 1 3438
i 209 1 1 2500
i 211 1 1 1875
i 213 1 1 1562
i 884 8 8 31250
i 215 1 1 1250
i 2485 1 1 937
i 217 1 1 937
i 995 5 84 100000
i 995 10 10 40000
i 1917 1 1 100000
i 592 1 1 40000
i 886 5 5 15625
i 6807 1 1 200
i 561 6 6 7812
i 199 1 1 48780
i 201 1 1 36630
i 203 1 1 27473
i 7863 1 1 250000
i 205 1 1 21368
i 207 1 1 16779
i 209 1 1 12210
i 211 1 1 9158
i 213 1 1 7628
i 215 1 1 6105
i 2485 1 1 4577
i 217 1 1 4577
i 995 10 10 281250
i 995 4 4 31250
i 6807 1 1 200
i 995 18 18 23438
i 995 13 13 15625
i 995 28 28 15625
i 313 5 5 289062
i 436 1 1 15625
i 7863 1 1 250000
i 6807 1 1 200
i 1420 1 1 23438
i 1203 1 1 15625
i 23490 1 1 798
i 1189 1 1 7812
i 888 1 1 23438
i 559 3 3 15625
i 556 4 4 23438
i 562 4 4 7812
i 564 2 2 7812
i 554 7 7 7812
i 199 1 1 58480
i 201 1 1 43860
i 203 1 1 33003
i 21257 1 1 3322
i 205 1 1 25641
i 207 1 1 20161
i 209 1 1 14641
i 211 1 1 10989
i 213 1 1 9158
i 215 1 1 7326
i 2485 1 1 5495
i 217 1 1 5495
i 995 10 10 312500
i 995 18 18 164062
i 995 26 26 62500
i 995 35 35 46875
i 995 1 1 15625
i 313 7 7 203125
i 590 1 1 15625
i 221 1 1 7812
i 438 1 1 7812
i 1139 1 1 31250
i 7863 1 1 250000
i 1291 1 1 7812
i 6807 1 1 200
i 1189 1 1 15625
i 1203 1 1 15625
i 1420 1 1 7812
i 564 2 2 46875
i 562 4 4 39062
i 556 3 3 23438
i 559 3 3 23438
i 554 7 7 7812
i 1349 1 1 7812
i 199 1 1 25381
i 201 1 1 19048
i 203 1 1 14286
i 205 1 1 11111
i 207 1 1 8726
i 209 1 1 6349
i 211 1 1 4760
i 213 1 1 3967
i 215 1 1 3174
i 2485 1 1 2380
end
npc 32 # Zombie (lvl 13)
g 526 1 1
g 526 1 1
g 526 1 1
g 526 1 1
g 526 1 1
t 1 main
i 1623 1 1 5000
i 1621 1 1 2500
i 1619 1 1 1250
i 1452 1 1 469
i 1462 1 1 469
i 1617 1 1 312
i 830 5 5 156
i 987 1 1 156
i 985 1 1 156
i 1247 1 1 10
i 2366 1 1 5
i 1249 1 1 4
i 1623 1 1 1953
i 1621 1 1 977
i 1619 1 1 488
i 1452 1 1 183
i 1462 1 1 183
i 1617 1 1 122
i 830 5 5 61
i 987 1 1 61
i 985 1 1 61
i 1247 1 1 4
i 2366 1 1 2
i 1249 1 1 1
i 884 5 5 54688
i 217 1 1 2380
i 995 10 10 148438
i 995 26 26 39062
i 995 35 35 31250
i 995 1 1 15625
i 995 18 18 7812
i 313 3 3 328125
i 11940 3 3 328125
i 313 4 4 195312
i 11940 4 4 195312
i 559 6 6 39062
i 313 7 7 23438
i 11940 7 7 23438
i 221 1 1 15625
i 590 1 1 7812
i 558 5 5 39062
i 7863 1 1 250000
i 6807 1 1 200
i 23490 1 1 798
i 21257 1 1 3322
i 556 13 13 31250
i 886 5 14 200000
i 559 7 7 100000
i 199 1 1 10000
i 201 1 1 7502
i 203 1 1 5624
i 205 1 1 4374
i 207 1 1 3438
i 209 1 1 2500
i 211 1 1 1875
i 213 1 1 1562
i 884 8 8 31250
i 215 1 1 1250
i 2485 1 1 937
i 217 1 1 937
i 995 5 84 100000
i 995 10 10 40000
i 1917 1 1 100000
i 592 1 1 40000
i 886 5 5 15625
i 6807 1 1 200
i 561 6 6 7812
i 199 1 1 48780
i 201 1 1 36630
i 203 1 1 27473
i 7863 1 1 250000
i 205 1 1 21368
i 207 1 1 16779
i 209 1 1 12210
i 211 1 1 9158
i 213 1 1 7628
i 215 1 1 6105
i 2485 1 1 4577
i 217 1 1 4577
i 995 10 10 281250
i 995 4 4 31250
i 6807 1 1 200
i 995 18 18 23438
i 995 13 13 15625
i 995 28 28 15625
i 313 5 5 289062
i 436 1 1 15625
i 7863 1 1 250000
i 6807 1 1 200
i 1420 1 1 23438
i 1203 1 1 15625
i 23490 1 1 798
i 1189 1 1 7812
i 888 1 1 23438
i 559 3 3 15625
i 556 4 4 23438
i 562 4 4 7812
i 564 2 2 7812
i 554 7 7 7812
i 199 1 1 58480
i 201 1 1 43860
i 203 1 1 33003
i 21257 1 1 3322
i 205 1 1 25641
i 207 1 1 20161
i 209 1 1 14641
i 211 1 1 10989
i 213 1 1 9158
i 215 1 1 7326
i 2485 1 1 5495
i 217 1 1 5495
i 995 10 10 312500
i 995 18 18 164062
i 995 26 26 62500
i 995 35 35 46875
i 995 1 1 15625
i 313 7 7 203125
i 590 1 1 15625
i 221 1 1 7812
i 438 1 1 7812
i 1139 1 1 31250
i 7863 1 1 250000
i 1291 1 1 7812
i 6807 1 1 200
i 1189 1 1 15625
i 1203 1 1 15625
i 1420 1 1 7812
i 564 2 2 46875
i 562 4 4 39062
i 556 3 3 23438
i 559 3 3 23438
i 554 7 7 7812
i 1349 1 1 7812
i 199 1 1 25381
i 201 1 1 19048
i 203 1 1 14286
i 205 1 1 11111
i 207 1 1 8726
i 209 1 1 6349
i 211 1 1 4760
i 213 1 1 3967
i 215 1 1 3174
i 2485 1 1 2380
end
npc 33 # Zombie (lvl 13)
g 526 1 1
g 526 1 1
g 526 1 1
g 526 1 1
g 526 1 1
t 1 main
i 1623 1 1 5000
i 1621 1 1 2500
i 1619 1 1 1250
i 1452 1 1 469
i 1462 1 1 469
i 1617 1 1 312
i 830 5 5 156
i 987 1 1 156
i 985 1 1 156
i 1247 1 1 10
i 2366 1 1 5
i 1249 1 1 4
i 1623 1 1 1953
i 1621 1 1 977
i 1619 1 1 488
i 1452 1 1 183
i 1462 1 1 183
i 1617 1 1 122
i 830 5 5 61
i 987 1 1 61
i 985 1 1 61
i 1247 1 1 4
i 2366 1 1 2
i 1249 1 1 1
i 884 5 5 54688
i 217 1 1 2380
i 995 10 10 148438
i 995 26 26 39062
i 995 35 35 31250
i 995 1 1 15625
i 995 18 18 7812
i 313 3 3 328125
i 11940 3 3 328125
i 313 4 4 195312
i 11940 4 4 195312
i 559 6 6 39062
i 313 7 7 23438
i 11940 7 7 23438
i 221 1 1 15625
i 590 1 1 7812
i 558 5 5 39062
i 7863 1 1 250000
i 6807 1 1 200
i 23490 1 1 798
i 21257 1 1 3322
i 556 13 13 31250
i 886 5 14 200000
i 559 7 7 100000
i 199 1 1 10000
i 201 1 1 7502
i 203 1 1 5624
i 205 1 1 4374
i 207 1 1 3438
i 209 1 1 2500
i 211 1 1 1875
i 213 1 1 1562
i 884 8 8 31250
i 215 1 1 1250
i 2485 1 1 937
i 217 1 1 937
i 995 5 84 100000
i 995 10 10 40000
i 1917 1 1 100000
i 592 1 1 40000
i 886 5 5 15625
i 6807 1 1 200
i 561 6 6 7812
i 199 1 1 48780
i 201 1 1 36630
i 203 1 1 27473
i 7863 1 1 250000
i 205 1 1 21368
i 207 1 1 16779
i 209 1 1 12210
i 211 1 1 9158
i 213 1 1 7628
i 215 1 1 6105
i 2485 1 1 4577
i 217 1 1 4577
i 995 10 10 281250
i 995 4 4 31250
i 6807 1 1 200
i 995 18 18 23438
i 995 13 13 15625
i 995 28 28 15625
i 313 5 5 289062
i 436 1 1 15625
i 7863 1 1 250000
i 6807 1 1 200
i 1420 1 1 23438
i 1203 1 1 15625
i 23490 1 1 798
i 1189 1 1 7812
i 888 1 1 23438
i 559 3 3 15625
i 556 4 4 23438
i 562 4 4 7812
i 564 2 2 7812
i 554 7 7 7812
i 199 1 1 58480
i 201 1 1 43860
i 203 1 1 33003
i 21257 1 1 3322
i 205 1 1 25641
i 207 1 1 20161
i 209 1 1 14641
i 211 1 1 10989
i 213 1 1 9158
i 215 1 1 7326
i 2485 1 1 5495
i 217 1 1 5495
i 995 10 10 312500
i 995 18 18 164062
i 995 26 26 62500
i 995 35 35 46875
i 995 1 1 15625
i 313 7 7 203125
i 590 1 1 15625
i 221 1 1 7812
i 438 1 1 7812
i 1139 1 1 31250
i 7863 1 1 250000
i 1291 1 1 7812
i 6807 1 1 200
i 1189 1 1 15625
i 1203 1 1 15625
i 1420 1 1 7812
i 564 2 2 46875
i 562 4 4 39062
i 556 3 3 23438
i 559 3 3 23438
i 554 7 7 7812
i 1349 1 1 7812
i 199 1 1 25381
i 201 1 1 19048
i 203 1 1 14286
i 205 1 1 11111
i 207 1 1 8726
i 209 1 1 6349
i 211 1 1 4760
i 213 1 1 3967
i 215 1 1 3174
i 2485 1 1 2380
end
npc 34 # Zombie (lvl 13)
g 526 1 1
g 526 1 1
g 526 1 1
g 526 1 1
g 526 1 1
t 1 main
i 1623 1 1 5000
i 1621 1 1 2500
i 1619 1 1 1250
i 1452 1 1 469
i 1462 1 1 469
i 1617 1 1 312
i 830 5 5 156
i 987 1 1 156
i 985 1 1 156
i 1247 1 1 10
i 2366 1 1 5
i 1249 1 1 4
i 1623 1 1 1953
i 1621 1 1 977
i 1619 1 1 488
i 1452 1 1 183
i 1462 1 1 183
i 1617 1 1 122
i 830 5 5 61
i 987 1 1 61
i 985 1 1 61
i 1247 1 1 4
i 2366 1 1 2
i 1249 1 1 1
i 884 5 5 54688
i 217 1 1 2380
i 995 10 10 148438
i 995 26 26 39062
i 995 35 35 31250
i 995 1 1 15625
i 995 18 18 7812
i 313 3 3 328125
i 11940 3 3 328125
i 313 4 4 195312
i 11940 4 4 195312
i 559 6 6 39062
i 313 7 7 23438
i 11940 7 7 23438
i 221 1 1 15625
i 590 1 1 7812
i 558 5 5 39062
i 7863 1 1 250000
i 6807 1 1 200
i 23490 1 1 798
i 21257 1 1 3322
i 556 13 13 31250
i 886 5 14 200000
i 559 7 7 100000
i 199 1 1 10000
i 201 1 1 7502
i 203 1 1 5624
i 205 1 1 4374
i 207 1 1 3438
i 209 1 1 2500
i 211 1 1 1875
i 213 1 1 1562
i 884 8 8 31250
i 215 1 1 1250
i 2485 1 1 937
i 217 1 1 937
i 995 5 84 100000
i 995 10 10 40000
i 1917 1 1 100000
i 592 1 1 40000
i 886 5 5 15625
i 6807 1 1 200
i 561 6 6 7812
i 199 1 1 48780
i 201 1 1 36630
i 203 1 1 27473
i 7863 1 1 250000
i 205 1 1 21368
i 207 1 1 16779
i 209 1 1 12210
i 211 1 1 9158
i 213 1 1 7628
i 215 1 1 6105
i 2485 1 1 4577
i 217 1 1 4577
i 995 10 10 281250
i 995 4 4 31250
i 6807 1 1 200
i 995 18 18 23438
i 995 13 13 15625
i 995 28 28 15625
i 313 5 5 289062
i 436 1 1 15625
i 7863 1 1 250000
i 6807 1 1 200
i 1420 1 1 23438
i 1203 1 1 15625
i 23490 1 1 798
i 1189 1 1 7812
i 888 1 1 23438
i 559 3 3 15625
i 556 4 4 23438
i 562 4 4 7812
i 564 2 2 7812
i 554 7 7 7812
i 199 1 1 58480
i 201 1 1 43860
i 203 1 1 33003
i 21257 1 1 3322
i 205 1 1 25641
i 207 1 1 20161
i 209 1 1 14641
i 211 1 1 10989
i 213 1 1 9158
i 215 1 1 7326
i 2485 1 1 5495
i 217 1 1 5495
i 995 10 10 312500
i 995 18 18 164062
i 995 26 26 62500
i 995 35 35 46875
i 995 1 1 15625
i 313 7 7 203125
i 590 1 1 15625
i 221 1 1 7812
i 438 1 1 7812
i 1139 1 1 31250
i 7863 1 1 250000
i 1291 1 1 7812
i 6807 1 1 200
i 1189 1 1 15625
i 1203 1 1 15625
i 1420 1 1 7812
i 564 2 2 46875
i 562 4 4 39062
i 556 3 3 23438
i 559 3 3 23438
i 554 7 7 7812
i 1349 1 1 7812
i 199 1 1 25381
i 201 1 1 19048
i 203 1 1 14286
i 205 1 1 11111
i 207 1 1 8726
i 209 1 1 6349
i 211 1 1 4760
i 213 1 1 3967
i 215 1 1 3174
i 2485 1 1 2380
end
npc 35 # Zombie (lvl 13)
g 526 1 1
g 526 1 1
g 526 1 1
g 526 1 1
g 526 1 1
t 1 main
i 1623 1 1 5000
i 1621 1 1 2500
i 1619 1 1 1250
i 1452 1 1 469
i 1462 1 1 469
i 1617 1 1 312
i 830 5 5 156
i 987 1 1 156
i 985 1 1 156
i 1247 1 1 10
i 2366 1 1 5
i 1249 1 1 4
i 1623 1 1 1953
i 1621 1 1 977
i 1619 1 1 488
i 1452 1 1 183
i 1462 1 1 183
i 1617 1 1 122
i 830 5 5 61
i 987 1 1 61
i 985 1 1 61
i 1247 1 1 4
i 2366 1 1 2
i 1249 1 1 1
i 884 5 5 54688
i 217 1 1 2380
i 995 10 10 148438
i 995 26 26 39062
i 995 35 35 31250
i 995 1 1 15625
i 995 18 18 7812
i 313 3 3 328125
i 11940 3 3 328125
i 313 4 4 195312
i 11940 4 4 195312
i 559 6 6 39062
i 313 7 7 23438
i 11940 7 7 23438
i 221 1 1 15625
i 590 1 1 7812
i 558 5 5 39062
i 7863 1 1 250000
i 6807 1 1 200
i 23490 1 1 798
i 21257 1 1 3322
i 556 13 13 31250
i 886 5 14 200000
i 559 7 7 100000
i 199 1 1 10000
i 201 1 1 7502
i 203 1 1 5624
i 205 1 1 4374
i 207 1 1 3438
i 209 1 1 2500
i 211 1 1 1875
i 213 1 1 1562
i 884 8 8 31250
i 215 1 1 1250
i 2485 1 1 937
i 217 1 1 937
i 995 5 84 100000
i 995 10 10 40000
i 1917 1 1 100000
i 592 1 1 40000
i 886 5 5 15625
i 6807 1 1 200
i 561 6 6 7812
i 199 1 1 48780
i 201 1 1 36630
i 203 1 1 27473
i 7863 1 1 250000
i 205 1 1 21368
i 207 1 1 16779
i 209 1 1 12210
i 211 1 1 9158
i 213 1 1 7628
i 215 1 1 6105
i 2485 1 1 4577
i 217 1 1 4577
i 995 10 10 281250
i 995 4 4 31250
i 6807 1 1 200
i 995 18 18 23438
i 995 13 13 15625
i 995 28 28 15625
i 313 5 5 289062
i 436 1 1 15625
i 7863 1 1 250000
i 6807 1 1 200
i 1420 1 1 23438
i 1203 1 1 15625
i 23490 1 1 798
i 1189 1 1 7812
i 888 1 1 23438
i 559 3 3 15625
i 556 4 4 23438
i 562 4 4 7812
i 564 2 2 7812
i 554 7 7 7812
i 199 1 1 58480
i 201 1 1 43860
i 203 1 1 33003
i 21257 1 1 3322
i 205 1 1 25641
i 207 1 1 20161
i 209 1 1 14641
i 211 1 1 10989
i 213 1 1 9158
i 215 1 1 7326
i 2485 1 1 5495
i 217 1 1 5495
i 995 10 10 312500
i 995 18 18 164062
i 995 26 26 62500
i 995 35 35 46875
i 995 1 1 15625
i 313 7 7 203125
i 590 1 1 15625
i 221 1 1 7812
i 438 1 1 7812
i 1139 1 1 31250
i 7863 1 1 250000
i 1291 1 1 7812
i 6807 1 1 200
i 1189 1 1 15625
i 1203 1 1 15625
i 1420 1 1 7812
i 564 2 2 46875
i 562 4 4 39062
i 556 3 3 23438
i 559 3 3 23438
i 554 7 7 7812
i 1349 1 1 7812
i 199 1 1 25381
i 201 1 1 19048
i 203 1 1 14286
i 205 1 1 11111
i 207 1 1 8726
i 209 1 1 6349
i 211 1 1 4760
i 213 1 1 3967
i 215 1 1 3174
i 2485 1 1 2380
end
npc 36 # Zombie (lvl 13)
g 526 1 1
g 526 1 1
g 526 1 1
g 526 1 1
g 526 1 1
t 1 main
i 1623 1 1 5000
i 1621 1 1 2500
i 1619 1 1 1250
i 1452 1 1 469
i 1462 1 1 469
i 1617 1 1 312
i 830 5 5 156
i 987 1 1 156
i 985 1 1 156
i 1247 1 1 10
i 2366 1 1 5
i 1249 1 1 4
i 1623 1 1 1953
i 1621 1 1 977
i 1619 1 1 488
i 1452 1 1 183
i 1462 1 1 183
i 1617 1 1 122
i 830 5 5 61
i 987 1 1 61
i 985 1 1 61
i 1247 1 1 4
i 2366 1 1 2
i 1249 1 1 1
i 884 5 5 54688
i 217 1 1 2380
i 995 10 10 148438
i 995 26 26 39062
i 995 35 35 31250
i 995 1 1 15625
i 995 18 18 7812
i 313 3 3 328125
i 11940 3 3 328125
i 313 4 4 195312
i 11940 4 4 195312
i 559 6 6 39062
i 313 7 7 23438
i 11940 7 7 23438
i 221 1 1 15625
i 590 1 1 7812
i 558 5 5 39062
i 7863 1 1 250000
i 6807 1 1 200
i 23490 1 1 798
i 21257 1 1 3322
i 556 13 13 31250
i 886 5 14 200000
i 559 7 7 100000
i 199 1 1 10000
i 201 1 1 7502
i 203 1 1 5624
i 205 1 1 4374
i 207 1 1 3438
i 209 1 1 2500
i 211 1 1 1875
i 213 1 1 1562
i 884 8 8 31250
i 215 1 1 1250
i 2485 1 1 937
i 217 1 1 937
i 995 5 84 100000
i 995 10 10 40000
i 1917 1 1 100000
i 592 1 1 40000
i 886 5 5 15625
i 6807 1 1 200
i 561 6 6 7812
i 199 1 1 48780
i 201 1 1 36630
i 203 1 1 27473
i 7863 1 1 250000
i 205 1 1 21368
i 207 1 1 16779
i 209 1 1 12210
i 211 1 1 9158
i 213 1 1 7628
i 215 1 1 6105
i 2485 1 1 4577
i 217 1 1 4577
i 995 10 10 281250
i 995 4 4 31250
i 6807 1 1 200
i 995 18 18 23438
i 995 13 13 15625
i 995 28 28 15625
i 313 5 5 289062
i 436 1 1 15625
i 7863 1 1 250000
i 6807 1 1 200
i 1420 1 1 23438
i 1203 1 1 15625
i 23490 1 1 798
i 1189 1 1 7812
i 888 1 1 23438
i 559 3 3 15625
i 556 4 4 23438
i 562 4 4 7812
i 564 2 2 7812
i 554 7 7 7812
i 199 1 1 58480
i 201 1 1 43860
i 203 1 1 33003
i 21257 1 1 3322
i 205 1 1 25641
i 207 1 1 20161
i 209 1 1 14641
i 211 1 1 10989
i 213 1 1 9158
i 215 1 1 7326
i 2485 1 1 5495
i 217 1 1 5495
i 995 10 10 312500
i 995 18 18 164062
i 995 26 26 62500
i 995 35 35 46875
i 995 1 1 15625
i 313 7 7 203125
i 590 1 1 15625
i 221 1 1 7812
i 438 1 1 7812
i 1139 1 1 31250
i 7863 1 1 250000
i 1291 1 1 7812
i 6807 1 1 200
i 1189 1 1 15625
i 1203 1 1 15625
i 1420 1 1 7812
i 564 2 2 46875
i 562 4 4 39062
i 556 3 3 23438
i 559 3 3 23438
i 554 7 7 7812
i 1349 1 1 7812
i 199 1 1 25381
i 201 1 1 19048
i 203 1 1 14286
i 205 1 1 11111
i 207 1 1 8726
i 209 1 1 6349
i 211 1 1 4760
i 213 1 1 3967
i 215 1 1 3174
i 2485 1 1 2380
end
npc 37 # Zombie (lvl 13)
g 526 1 1
g 526 1 1
g 526 1 1
g 526 1 1
g 526 1 1
t 1 main
i 1623 1 1 5000
i 1621 1 1 2500
i 1619 1 1 1250
i 1452 1 1 469
i 1462 1 1 469
i 1617 1 1 312
i 830 5 5 156
i 987 1 1 156
i 985 1 1 156
i 1247 1 1 10
i 2366 1 1 5
i 1249 1 1 4
i 1623 1 1 1953
i 1621 1 1 977
i 1619 1 1 488
i 1452 1 1 183
i 1462 1 1 183
i 1617 1 1 122
i 830 5 5 61
i 987 1 1 61
i 985 1 1 61
i 1247 1 1 4
i 2366 1 1 2
i 1249 1 1 1
i 884 5 5 54688
i 217 1 1 2380
i 995 10 10 148438
i 995 26 26 39062
i 995 35 35 31250
i 995 1 1 15625
i 995 18 18 7812
i 313 3 3 328125
i 11940 3 3 328125
i 313 4 4 195312
i 11940 4 4 195312
i 559 6 6 39062
i 313 7 7 23438
i 11940 7 7 23438
i 221 1 1 15625
i 590 1 1 7812
i 558 5 5 39062
i 7863 1 1 250000
i 6807 1 1 200
i 23490 1 1 798
i 21257 1 1 3322
i 556 13 13 31250
i 886 5 14 200000
i 559 7 7 100000
i 199 1 1 10000
i 201 1 1 7502
i 203 1 1 5624
i 205 1 1 4374
i 207 1 1 3438
i 209 1 1 2500
i 211 1 1 1875
i 213 1 1 1562
i 884 8 8 31250
i 215 1 1 1250
i 2485 1 1 937
i 217 1 1 937
i 995 5 84 100000
i 995 10 10 40000
i 1917 1 1 100000
i 592 1 1 40000
i 886 5 5 15625
i 6807 1 1 200
i 561 6 6 7812
i 199 1 1 48780
i 201 1 1 36630
i 203 1 1 27473
i 7863 1 1 250000
i 205 1 1 21368
i 207 1 1 16779
i 209 1 1 12210
i 211 1 1 9158
i 213 1 1 7628
i 215 1 1 6105
i 2485 1 1 4577
i 217 1 1 4577
i 995 10 10 281250
i 995 4 4 31250
i 6807 1 1 200
i 995 18 18 23438
i 995 13 13 15625
i 995 28 28 15625
i 313 5 5 289062
i 436 1 1 15625
i 7863 1 1 250000
i 6807 1 1 200
i 1420 1 1 23438
i 1203 1 1 15625
i 23490 1 1 798
i 1189 1 1 7812
i 888 1 1 23438
i 559 3 3 15625
i 556 4 4 23438
i 562 4 4 7812
i 564 2 2 7812
i 554 7 7 7812
i 199 1 1 58480
i 201 1 1 43860
i 203 1 1 33003
i 21257 1 1 3322
i 205 1 1 25641
i 207 1 1 20161
i 209 1 1 14641
i 211 1 1 10989
i 213 1 1 9158
i 215 1 1 7326
i 2485 1 1 5495
i 217 1 1 5495
i 995 10 10 312500
i 995 18 18 164062
i 995 26 26 62500
i 995 35 35 46875
i 995 1 1 15625
i 313 7 7 203125
i 590 1 1 15625
i 221 1 1 7812
i 438 1 1 7812
i 1139 1 1 31250
i 7863 1 1 250000
i 1291 1 1 7812
i 6807 1 1 200
i 1189 1 1 15625
i 1203 1 1 15625
i 1420 1 1 7812
i 564 2 2 46875
i 562 4 4 39062
i 556 3 3 23438
i 559 3 3 23438
i 554 7 7 7812
i 1349 1 1 7812
i 199 1 1 25381
i 201 1 1 19048
i 203 1 1 14286
i 205 1 1 11111
i 207 1 1 8726
i 209 1 1 6349
i 211 1 1 4760
i 213 1 1 3967
i 215 1 1 3174
i 2485 1 1 2380
end
npc 38 # Zombie (lvl 13)
g 526 1 1
g 526 1 1
g 526 1 1
g 526 1 1
g 526 1 1
t 1 main
i 1623 1 1 5000
i 1621 1 1 2500
i 1619 1 1 1250
i 1452 1 1 469
i 1462 1 1 469
i 1617 1 1 312
i 830 5 5 156
i 987 1 1 156
i 985 1 1 156
i 1247 1 1 10
i 2366 1 1 5
i 1249 1 1 4
i 1623 1 1 1953
i 1621 1 1 977
i 1619 1 1 488
i 1452 1 1 183
i 1462 1 1 183
i 1617 1 1 122
i 830 5 5 61
i 987 1 1 61
i 985 1 1 61
i 1247 1 1 4
i 2366 1 1 2
i 1249 1 1 1
i 884 5 5 54688
i 217 1 1 2380
i 995 10 10 148438
i 995 26 26 39062
i 995 35 35 31250
i 995 1 1 15625
i 995 18 18 7812
i 313 3 3 328125
i 11940 3 3 328125
i 313 4 4 195312
i 11940 4 4 195312
i 559 6 6 39062
i 313 7 7 23438
i 11940 7 7 23438
i 221 1 1 15625
i 590 1 1 7812
i 558 5 5 39062
i 7863 1 1 250000
i 6807 1 1 200
i 23490 1 1 798
i 21257 1 1 3322
i 556 13 13 31250
i 886 5 14 200000
i 559 7 7 100000
i 199 1 1 10000
i 201 1 1 7502
i 203 1 1 5624
i 205 1 1 4374
i 207 1 1 3438
i 209 1 1 2500
i 211 1 1 1875
i 213 1 1 1562
i 884 8 8 31250
i 215 1 1 1250
i 2485 1 1 937
i 217 1 1 937
i 995 5 84 100000
i 995 10 10 40000
i 1917 1 1 100000
i 592 1 1 40000
i 886 5 5 15625
i 6807 1 1 200
i 561 6 6 7812
i 199 1 1 48780
i 201 1 1 36630
i 203 1 1 27473
i 7863 1 1 250000
i 205 1 1 21368
i 207 1 1 16779
i 209 1 1 12210
i 211 1 1 9158
i 213 1 1 7628
i 215 1 1 6105
i 2485 1 1 4577
i 217 1 1 4577
i 995 10 10 281250
i 995 4 4 31250
i 6807 1 1 200
i 995 18 18 23438
i 995 13 13 15625
i 995 28 28 15625
i 313 5 5 289062
i 436 1 1 15625
i 7863 1 1 250000
i 6807 1 1 200
i 1420 1 1 23438
i 1203 1 1 15625
i 23490 1 1 798
i 1189 1 1 7812
i 888 1 1 23438
i 559 3 3 15625
i 556 4 4 23438
i 562 4 4 7812
i 564 2 2 7812
i 554 7 7 7812
i 199 1 1 58480
i 201 1 1 43860
i 203 1 1 33003
i 21257 1 1 3322
i 205 1 1 25641
i 207 1 1 20161
i 209 1 1 14641
i 211 1 1 10989
i 213 1 1 9158
i 215 1 1 7326
i 2485 1 1 5495
i 217 1 1 5495
i 995 10 10 312500
i 995 18 18 164062
i 995 26 26 62500
i 995 35 35 46875
i 995 1 1 15625
i 313 7 7 203125
i 590 1 1 15625
i 221 1 1 7812
i 438 1 1 7812
i 1139 1 1 31250
i 7863 1 1 250000
i 1291 1 1 7812
i 6807 1 1 200
i 1189 1 1 15625
i 1203 1 1 15625
i 1420 1 1 7812
i 564 2 2 46875
i 562 4 4 39062
i 556 3 3 23438
i 559 3 3 23438
i 554 7 7 7812
i 1349 1 1 7812
i 199 1 1 25381
i 201 1 1 19048
i 203 1 1 14286
i 205 1 1 11111
i 207 1 1 8726
i 209 1 1 6349
i 211 1 1 4760
i 213 1 1 3967
i 215 1 1 3174
i 2485 1 1 2380
end
npc 39 # Zombie (lvl 13)
g 526 1 1
g 526 1 1
g 526 1 1
g 526 1 1
g 526 1 1
t 1 main
i 1623 1 1 5000
i 1621 1 1 2500
i 1619 1 1 1250
i 1452 1 1 469
i 1462 1 1 469
i 1617 1 1 312
i 830 5 5 156
i 987 1 1 156
i 985 1 1 156
i 1247 1 1 10
i 2366 1 1 5
i 1249 1 1 4
i 1623 1 1 1953
i 1621 1 1 977
i 1619 1 1 488
i 1452 1 1 183
i 1462 1 1 183
i 1617 1 1 122
i 830 5 5 61
i 987 1 1 61
i 985 1 1 61
i 1247 1 1 4
i 2366 1 1 2
i 1249 1 1 1
i 884 5 5 54688
i 217 1 1 2380
i 995 10 10 148438
i 995 26 26 39062
i 995 35 35 31250
i 995 1 1 15625
i 995 18 18 7812
i 313 3 3 328125
i 11940 3 3 328125
i 313 4 4 195312
i 11940 4 4 195312
i 559 6 6 39062
i 313 7 7 23438
i 11940 7 7 23438
i 221 1 1 15625
i 590 1 1 7812
i 558 5 5 39062
i 7863 1 1 250000
i 6807 1 1 200
i 23490 1 1 798
i 21257 1 1 3322
i 556 13 13 31250
i 886 5 14 200000
i 559 7 7 100000
i 199 1 1 10000
i 201 1 1 7502
i 203 1 1 5624
i 205 1 1 4374
i 207 1 1 3438
i 209 1 1 2500
i 211 1 1 1875
i 213 1 1 1562
i 884 8 8 31250
i 215 1 1 1250
i 2485 1 1 937
i 217 1 1 937
i 995 5 84 100000
i 995 10 10 40000
i 1917 1 1 100000
i 592 1 1 40000
i 886 5 5 15625
i 6807 1 1 200
i 561 6 6 7812
i 199 1 1 48780
i 201 1 1 36630
i 203 1 1 27473
i 7863 1 1 250000
i 205 1 1 21368
i 207 1 1 16779
i 209 1 1 12210
i 211 1 1 9158
i 213 1 1 7628
i 215 1 1 6105
i 2485 1 1 4577
i 217 1 1 4577
i 995 10 10 281250
i 995 4 4 31250
i 6807 1 1 200
i 995 18 18 23438
i 995 13 13 15625
i 995 28 28 15625
i 313 5 5 289062
i 436 1 1 15625
i 7863 1 1 250000
i 6807 1 1 200
i 1420 1 1 23438
i 1203 1 1 15625
i 23490 1 1 798
i 1189 1 1 7812
i 888 1 1 23438
i 559 3 3 15625
i 556 4 4 23438
i 562 4 4 7812
i 564 2 2 7812
i 554 7 7 7812
i 199 1 1 58480
i 201 1 1 43860
i 203 1 1 33003
i 21257 1 1 3322
i 205 1 1 25641
i 207 1 1 20161
i 209 1 1 14641
i 211 1 1 10989
i 213 1 1 9158
i 215 1 1 7326
i 2485 1 1 5495
i 217 1 1 5495
i 995 10 10 312500
i 995 18 18 164062
i 995 26 26 62500
i 995 35 35 46875
i 995 1 1 15625
i 313 7 7 203125
i 590 1 1 15625
i 221 1 1 7812
i 438 1 1 7812
i 1139 1 1 31250
i 7863 1 1 250000
i 1291 1 1 7812
i 6807 1 1 200
i 1189 1 1 15625
i 1203 1 1 15625
i 1420 1 1 7812
i 564 2 2 46875
i 562 4 4 39062
i 556 3 3 23438
i 559 3 3 23438
i 554 7 7 7812
i 1349 1 1 7812
i 199 1 1 25381
i 201 1 1 19048
i 203 1 1 14286
i 205 1 1 11111
i 207 1 1 8726
i 209 1 1 6349
i 211 1 1 4760
i 213 1 1 3967
i 215 1 1 3174
i 2485 1 1 2380
end
npc 40 # Zombie (lvl 13)
g 526 1 1
g 526 1 1
g 526 1 1
g 526 1 1
g 526 1 1
t 1 main
i 1623 1 1 5000
i 1621 1 1 2500
i 1619 1 1 1250
i 1452 1 1 469
i 1462 1 1 469
i 1617 1 1 312
i 830 5 5 156
i 987 1 1 156
i 985 1 1 156
i 1247 1 1 10
i 2366 1 1 5
i 1249 1 1 4
i 1623 1 1 1953
i 1621 1 1 977
i 1619 1 1 488
i 1452 1 1 183
i 1462 1 1 183
i 1617 1 1 122
i 830 5 5 61
i 987 1 1 61
i 985 1 1 61
i 1247 1 1 4
i 2366 1 1 2
i 1249 1 1 1
i 884 5 5 54688
i 217 1 1 2380
i 995 10 10 148438
i 995 26 26 39062
i 995 35 35 31250
i 995 1 1 15625
i 995 18 18 7812
i 313 3 3 328125
i 11940 3 3 328125
i 313 4 4 195312
i 11940 4 4 195312
i 559 6 6 39062
i 313 7 7 23438
i 11940 7 7 23438
i 221 1 1 15625
i 590 1 1 7812
i 558 5 5 39062
i 7863 1 1 250000
i 6807 1 1 200
i 23490 1 1 798
i 21257 1 1 3322
i 556 13 13 31250
i 886 5 14 200000
i 559 7 7 100000
i 199 1 1 10000
i 201 1 1 7502
i 203 1 1 5624
i 205 1 1 4374
i 207 1 1 3438
i 209 1 1 2500
i 211 1 1 1875
i 213 1 1 1562
i 884 8 8 31250
i 215 1 1 1250
i 2485 1 1 937
i 217 1 1 937
i 995 5 84 100000
i 995 10 10 40000
i 1917 1 1 100000
i 592 1 1 40000
i 886 5 5 15625
i 6807 1 1 200
i 561 6 6 7812
i 199 1 1 48780
i 201 1 1 36630
i 203 1 1 27473
i 7863 1 1 250000
i 205 1 1 21368
i 207 1 1 16779
i 209 1 1 12210
i 211 1 1 9158
i 213 1 1 7628
i 215 1 1 6105
i 2485 1 1 4577
i 217 1 1 4577
i 995 10 10 281250
i 995 4 4 31250
i 6807 1 1 200
i 995 18 18 23438
i 995 13 13 15625
i 995 28 28 15625
i 313 5 5 289062
i 436 1 1 15625
i 7863 1 1 250000
i 6807 1 1 200
i 1420 1 1 23438
i 1203 1 1 15625
i 23490 1 1 798
i 1189 1 1 7812
i 888 1 1 23438
i 559 3 3 15625
i 556 4 4 23438
i 562 4 4 7812
i 564 2 2 7812
i 554 7 7 7812
i 199 1 1 58480
i 201 1 1 43860
i 203 1 1 33003
i 21257 1 1 3322
i 205 1 1 25641
i 207 1 1 20161
i 209 1 1 14641
i 211 1 1 10989
i 213 1 1 9158
i 215 1 1 7326
i 2485 1 1 5495
i 217 1 1 5495
i 995 10 10 312500
i 995 18 18 164062
i 995 26 26 62500
i 995 35 35 46875
i 995 1 1 15625
i 313 7 7 203125
i 590 1 1 15625
i 221 1 1 7812
i 438 1 1 7812
i 1139 1 1 31250
i 7863 1 1 250000
i 1291 1 1 7812
i 6807 1 1 200
i 1189 1 1 15625
i 1203 1 1 15625
i 1420 1 1 7812
i 564 2 2 46875
i 562 4 4 39062
i 556 3 3 23438
i 559 3 3 23438
i 554 7 7 7812
i 1349 1 1 7812
i 199 1 1 25381
i 201 1 1 19048
i 203 1 1 14286
i 205 1 1 11111
i 207 1 1 8726
i 209 1 1 6349
i 211 1 1 4760
i 213 1 1 3967
i 215 1 1 3174
i 2485 1 1 2380
end
npc 41 # Zombie (lvl 13)
g 526 1 1
g 526 1 1
g 526 1 1
g 526 1 1
g 526 1 1
t 1 main
i 1623 1 1 5000
i 1621 1 1 2500
i 1619 1 1 1250
i 1452 1 1 469
i 1462 1 1 469
i 1617 1 1 312
i 830 5 5 156
i 987 1 1 156
i 985 1 1 156
i 1247 1 1 10
i 2366 1 1 5
i 1249 1 1 4
i 1623 1 1 1953
i 1621 1 1 977
i 1619 1 1 488
i 1452 1 1 183
i 1462 1 1 183
i 1617 1 1 122
i 830 5 5 61
i 987 1 1 61
i 985 1 1 61
i 1247 1 1 4
i 2366 1 1 2
i 1249 1 1 1
i 884 5 5 54688
i 217 1 1 2380
i 995 10 10 148438
i 995 26 26 39062
i 995 35 35 31250
i 995 1 1 15625
i 995 18 18 7812
i 313 3 3 328125
i 11940 3 3 328125
i 313 4 4 195312
i 11940 4 4 195312
i 559 6 6 39062
i 313 7 7 23438
i 11940 7 7 23438
i 221 1 1 15625
i 590 1 1 7812
i 558 5 5 39062
i 7863 1 1 250000
i 6807 1 1 200
i 23490 1 1 798
i 21257 1 1 3322
i 556 13 13 31250
i 886 5 14 200000
i 559 7 7 100000
i 199 1 1 10000
i 201 1 1 7502
i 203 1 1 5624
i 205 1 1 4374
i 207 1 1 3438
i 209 1 1 2500
i 211 1 1 1875
i 213 1 1 1562
i 884 8 8 31250
i 215 1 1 1250
i 2485 1 1 937
i 217 1 1 937
i 995 5 84 100000
i 995 10 10 40000
i 1917 1 1 100000
i 592 1 1 40000
i 886 5 5 15625
i 6807 1 1 200
i 561 6 6 7812
i 199 1 1 48780
i 201 1 1 36630
i 203 1 1 27473
i 7863 1 1 250000
i 205 1 1 21368
i 207 1 1 16779
i 209 1 1 12210
i 211 1 1 9158
i 213 1 1 7628
i 215 1 1 6105
i 2485 1 1 4577
i 217 1 1 4577
i 995 10 10 281250
i 995 4 4 31250
i 6807 1 1 200
i 995 18 18 23438
i 995 13 13 15625
i 995 28 28 15625
i 313 5 5 289062
i 436 1 1 15625
i 7863 1 1 250000
i 6807 1 1 200
i 1420 1 1 23438
i 1203 1 1 15625
i 23490 1 1 798
i 1189 1 1 7812
i 888 1 1 23438
i 559 3 3 15625
i 556 4 4 23438
i 562 4 4 7812
i 564 2 2 7812
i 554 7 7 7812
i 199 1 1 58480
i 201 1 1 43860
i 203 1 1 33003
i 21257 1 1 3322
i 205 1 1 25641
i 207 1 1 20161
i 209 1 1 14641
i 211 1 1 10989
i 213 1 1 9158
i 215 1 1 7326
i 2485 1 1 5495
i 217 1 1 5495
i 995 10 10 312500
i 995 18 18 164062
i 995 26 26 62500
i 995 35 35 46875
i 995 1 1 15625
i 313 7 7 203125
i 590 1 1 15625
i 221 1 1 7812
i 438 1 1 7812
i 1139 1 1 31250
i 7863 1 1 250000
i 1291 1 1 7812
i 6807 1 1 200
i 1189 1 1 15625
i 1203 1 1 15625
i 1420 1 1 7812
i 564 2 2 46875
i 562 4 4 39062
i 556 3 3 23438
i 559 3 3 23438
i 554 7 7 7812
i 1349 1 1 7812
i 199 1 1 25381
i 201 1 1 19048
i 203 1 1 14286
i 205 1 1 11111
i 207 1 1 8726
i 209 1 1 6349
i 211 1 1 4760
i 213 1 1 3967
i 215 1 1 3174
i 2485 1 1 2380
end
npc 42 # Zombie (lvl 18)
g 526 1 1
g 526 1 1
g 526 1 1
g 526 1 1
g 526 1 1
t 1 main
i 1623 1 1 5000
i 1621 1 1 2500
i 1619 1 1 1250
i 1452 1 1 469
i 1462 1 1 469
i 1617 1 1 312
i 830 5 5 156
i 987 1 1 156
i 985 1 1 156
i 1247 1 1 10
i 2366 1 1 5
i 1249 1 1 4
i 1623 1 1 1953
i 1621 1 1 977
i 1619 1 1 488
i 1452 1 1 183
i 1462 1 1 183
i 1617 1 1 122
i 830 5 5 61
i 987 1 1 61
i 985 1 1 61
i 1247 1 1 4
i 2366 1 1 2
i 1249 1 1 1
i 884 5 5 54688
i 217 1 1 2380
i 995 10 10 148438
i 995 26 26 39062
i 995 35 35 31250
i 995 1 1 15625
i 995 18 18 7812
i 313 3 3 328125
i 11940 3 3 328125
i 313 4 4 195312
i 11940 4 4 195312
i 559 6 6 39062
i 313 7 7 23438
i 11940 7 7 23438
i 221 1 1 15625
i 590 1 1 7812
i 558 5 5 39062
i 7863 1 1 250000
i 6807 1 1 200
i 23490 1 1 798
i 21257 1 1 3322
i 556 13 13 31250
i 886 5 14 200000
i 559 7 7 100000
i 199 1 1 10000
i 201 1 1 7502
i 203 1 1 5624
i 205 1 1 4374
i 207 1 1 3438
i 209 1 1 2500
i 211 1 1 1875
i 213 1 1 1562
i 884 8 8 31250
i 215 1 1 1250
i 2485 1 1 937
i 217 1 1 937
i 995 5 84 100000
i 995 10 10 40000
i 1917 1 1 100000
i 592 1 1 40000
i 886 5 5 15625
i 6807 1 1 200
i 561 6 6 7812
i 199 1 1 48780
i 201 1 1 36630
i 203 1 1 27473
i 7863 1 1 250000
i 205 1 1 21368
i 207 1 1 16779
i 209 1 1 12210
i 211 1 1 9158
i 213 1 1 7628
i 215 1 1 6105
i 2485 1 1 4577
i 217 1 1 4577
i 995 10 10 281250
i 995 4 4 31250
i 6807 1 1 200
i 995 18 18 23438
i 995 13 13 15625
i 995 28 28 15625
i 313 5 5 289062
i 436 1 1 15625
i 7863 1 1 250000
i 6807 1 1 200
i 1420 1 1 23438
i 1203 1 1 15625
i 23490 1 1 798
i 1189 1 1 7812
i 888 1 1 23438
i 559 3 3 15625
i 556 4 4 23438
i 562 4 4 7812
i 564 2 2 7812
i 554 7 7 7812
i 199 1 1 58480
i 201 1 1 43860
i 203 1 1 33003
i 21257 1 1 3322
i 205 1 1 25641
i 207 1 1 20161
i 209 1 1 14641
i 211 1 1 10989
i 213 1 1 9158
i 215 1 1 7326
i 2485 1 1 5495
i 217 1 1 5495
i 995 10 10 312500
i 995 18 18 164062
i 995 26 26 62500
i 995 35 35 46875
i 995 1 1 15625
i 313 7 7 203125
i 590 1 1 15625
i 221 1 1 7812
i 438 1 1 7812
i 1139 1 1 31250
i 7863 1 1 250000
i 1291 1 1 7812
i 6807 1 1 200
i 1189 1 1 15625
i 1203 1 1 15625
i 1420 1 1 7812
i 564 2 2 46875
i 562 4 4 39062
i 556 3 3 23438
i 559 3 3 23438
i 554 7 7 7812
i 1349 1 1 7812
i 199 1 1 25381
i 201 1 1 19048
i 203 1 1 14286
i 205 1 1 11111
i 207 1 1 8726
i 209 1 1 6349
i 211 1 1 4760
i 213 1 1 3967
i 215 1 1 3174
i 2485 1 1 2380
end
npc 43 # Zombie (lvl 18)
g 526 1 1
g 526 1 1
g 526 1 1
g 526 1 1
g 526 1 1
t 1 main
i 1623 1 1 5000
i 1621 1 1 2500
i 1619 1 1 1250
i 1452 1 1 469
i 1462 1 1 469
i 1617 1 1 312
i 830 5 5 156
i 987 1 1 156
i 985 1 1 156
i 1247 1 1 10
i 2366 1 1 5
i 1249 1 1 4
i 1623 1 1 1953
i 1621 1 1 977
i 1619 1 1 488
i 1452 1 1 183
i 1462 1 1 183
i 1617 1 1 122
i 830 5 5 61
i 987 1 1 61
i 985 1 1 61
i 1247 1 1 4
i 2366 1 1 2
i 1249 1 1 1
i 884 5 5 54688
i 217 1 1 2380
i 995 10 10 148438
i 995 26 26 39062
i 995 35 35 31250
i 995 1 1 15625
i 995 18 18 7812
i 313 3 3 328125
i 11940 3 3 328125
i 313 4 4 195312
i 11940 4 4 195312
i 559 6 6 39062
i 313 7 7 23438
i 11940 7 7 23438
i 221 1 1 15625
i 590 1 1 7812
i 558 5 5 39062
i 7863 1 1 250000
i 6807 1 1 200
i 23490 1 1 798
i 21257 1 1 3322
i 556 13 13 31250
i 886 5 14 200000
i 559 7 7 100000
i 199 1 1 10000
i 201 1 1 7502
i 203 1 1 5624
i 205 1 1 4374
i 207 1 1 3438
i 209 1 1 2500
i 211 1 1 1875
i 213 1 1 1562
i 884 8 8 31250
i 215 1 1 1250
i 2485 1 1 937
i 217 1 1 937
i 995 5 84 100000
i 995 10 10 40000
i 1917 1 1 100000
i 592 1 1 40000
i 886 5 5 15625
i 6807 1 1 200
i 561 6 6 7812
i 199 1 1 48780
i 201 1 1 36630
i 203 1 1 27473
i 7863 1 1 250000
i 205 1 1 21368
i 207 1 1 16779
i 209 1 1 12210
i 211 1 1 9158
i 213 1 1 7628
i 215 1 1 6105
i 2485 1 1 4577
i 217 1 1 4577
i 995 10 10 281250
i 995 4 4 31250
i 6807 1 1 200
i 995 18 18 23438
i 995 13 13 15625
i 995 28 28 15625
i 313 5 5 289062
i 436 1 1 15625
i 7863 1 1 250000
i 6807 1 1 200
i 1420 1 1 23438
i 1203 1 1 15625
i 23490 1 1 798
i 1189 1 1 7812
i 888 1 1 23438
i 559 3 3 15625
i 556 4 4 23438
i 562 4 4 7812
i 564 2 2 7812
i 554 7 7 7812
i 199 1 1 58480
i 201 1 1 43860
i 203 1 1 33003
i 21257 1 1 3322
i 205 1 1 25641
i 207 1 1 20161
i 209 1 1 14641
i 211 1 1 10989
i 213 1 1 9158
i 215 1 1 7326
i 2485 1 1 5495
i 217 1 1 5495
i 995 10 10 312500
i 995 18 18 164062
i 995 26 26 62500
i 995 35 35 46875
i 995 1 1 15625
i 313 7 7 203125
i 590 1 1 15625
i 221 1 1 7812
i 438 1 1 7812
i 1139 1 1 31250
i 7863 1 1 250000
i 1291 1 1 7812
i 6807 1 1 200
i 1189 1 1 15625
i 1203 1 1 15625
i 1420 1 1 7812
i 564 2 2 46875
i 562 4 4 39062
i 556 3 3 23438
i 559 3 3 23438
i 554 7 7 7812
i 1349 1 1 7812
i 199 1 1 25381
i 201 1 1 19048
i 203 1 1 14286
i 205 1 1 11111
i 207 1 1 8726
i 209 1 1 6349
i 211 1 1 4760
i 213 1 1 3967
i 215 1 1 3174
i 2485 1 1 2380
end
npc 44 # Zombie (lvl 18)
g 526 1 1
g 526 1 1
g 526 1 1
g 526 1 1
g 526 1 1
t 1 main
i 1623 1 1 5000
i 1621 1 1 2500
i 1619 1 1 1250
i 1452 1 1 469
i 1462 1 1 469
i 1617 1 1 312
i 830 5 5 156
i 987 1 1 156
i 985 1 1 156
i 1247 1 1 10
i 2366 1 1 5
i 1249 1 1 4
i 1623 1 1 1953
i 1621 1 1 977
i 1619 1 1 488
i 1452 1 1 183
i 1462 1 1 183
i 1617 1 1 122
i 830 5 5 61
i 987 1 1 61
i 985 1 1 61
i 1247 1 1 4
i 2366 1 1 2
i 1249 1 1 1
i 884 5 5 54688
i 217 1 1 2380
i 995 10 10 148438
i 995 26 26 39062
i 995 35 35 31250
i 995 1 1 15625
i 995 18 18 7812
i 313 3 3 328125
i 11940 3 3 328125
i 313 4 4 195312
i 11940 4 4 195312
i 559 6 6 39062
i 313 7 7 23438
i 11940 7 7 23438
i 221 1 1 15625
i 590 1 1 7812
i 558 5 5 39062
i 7863 1 1 250000
i 6807 1 1 200
i 23490 1 1 798
i 21257 1 1 3322
i 556 13 13 31250
i 886 5 14 200000
i 559 7 7 100000
i 199 1 1 10000
i 201 1 1 7502
i 203 1 1 5624
i 205 1 1 4374
i 207 1 1 3438
i 209 1 1 2500
i 211 1 1 1875
i 213 1 1 1562
i 884 8 8 31250
i 215 1 1 1250
i 2485 1 1 937
i 217 1 1 937
i 995 5 84 100000
i 995 10 10 40000
i 1917 1 1 100000
i 592 1 1 40000
i 886 5 5 15625
i 6807 1 1 200
i 561 6 6 7812
i 199 1 1 48780
i 201 1 1 36630
i 203 1 1 27473
i 7863 1 1 250000
i 205 1 1 21368
i 207 1 1 16779
i 209 1 1 12210
i 211 1 1 9158
i 213 1 1 7628
i 215 1 1 6105
i 2485 1 1 4577
i 217 1 1 4577
i 995 10 10 281250
i 995 4 4 31250
i 6807 1 1 200
i 995 18 18 23438
i 995 13 13 15625
i 995 28 28 15625
i 313 5 5 289062
i 436 1 1 15625
i 7863 1 1 250000
i 6807 1 1 200
i 1420 1 1 23438
i 1203 1 1 15625
i 23490 1 1 798
i 1189 1 1 7812
i 888 1 1 23438
i 559 3 3 15625
i 556 4 4 23438
i 562 4 4 7812
i 564 2 2 7812
i 554 7 7 7812
i 199 1 1 58480
i 201 1 1 43860
i 203 1 1 33003
i 21257 1 1 3322
i 205 1 1 25641
i 207 1 1 20161
i 209 1 1 14641
i 211 1 1 10989
i 213 1 1 9158
i 215 1 1 7326
i 2485 1 1 5495
i 217 1 1 5495
i 995 10 10 312500
i 995 18 18 164062
i 995 26 26 62500
i 995 35 35 46875
i 995 1 1 15625
i 313 7 7 203125
i 590 1 1 15625
i 221 1 1 7812
i 438 1 1 7812
i 1139 1 1 31250
i 7863 1 1 250000
i 1291 1 1 7812
i 6807 1 1 200
i 1189 1 1 15625
i 1203 1 1 15625
i 1420 1 1 7812
i 564 2 2 46875
i 562 4 4 39062
i 556 3 3 23438
i 559 3 3 23438
i 554 7 7 7812
i 1349 1 1 7812
i 199 1 1 25381
i 201 1 1 19048
i 203 1 1 14286
i 205 1 1 11111
i 207 1 1 8726
i 209 1 1 6349
i 211 1 1 4760
i 213 1 1 3967
i 215 1 1 3174
i 2485 1 1 2380
end
npc 45 # Zombie (lvl 18)
g 526 1 1
g 526 1 1
g 526 1 1
g 526 1 1
g 526 1 1
t 1 main
i 1623 1 1 5000
i 1621 1 1 2500
i 1619 1 1 1250
i 1452 1 1 469
i 1462 1 1 469
i 1617 1 1 312
i 830 5 5 156
i 987 1 1 156
i 985 1 1 156
i 1247 1 1 10
i 2366 1 1 5
i 1249 1 1 4
i 1623 1 1 1953
i 1621 1 1 977
i 1619 1 1 488
i 1452 1 1 183
i 1462 1 1 183
i 1617 1 1 122
i 830 5 5 61
i 987 1 1 61
i 985 1 1 61
i 1247 1 1 4
i 2366 1 1 2
i 1249 1 1 1
i 884 5 5 54688
i 217 1 1 2380
i 995 10 10 148438
i 995 26 26 39062
i 995 35 35 31250
i 995 1 1 15625
i 995 18 18 7812
i 313 3 3 328125
i 11940 3 3 328125
i 313 4 4 195312
i 11940 4 4 195312
i 559 6 6 39062
i 313 7 7 23438
i 11940 7 7 23438
i 221 1 1 15625
i 590 1 1 7812
i 558 5 5 39062
i 7863 1 1 250000
i 6807 1 1 200
i 23490 1 1 798
i 21257 1 1 3322
i 556 13 13 31250
i 886 5 14 200000
i 559 7 7 100000
i 199 1 1 10000
i 201 1 1 7502
i 203 1 1 5624
i 205 1 1 4374
i 207 1 1 3438
i 209 1 1 2500
i 211 1 1 1875
i 213 1 1 1562
i 884 8 8 31250
i 215 1 1 1250
i 2485 1 1 937
i 217 1 1 937
i 995 5 84 100000
i 995 10 10 40000
i 1917 1 1 100000
i 592 1 1 40000
i 886 5 5 15625
i 6807 1 1 200
i 561 6 6 7812
i 199 1 1 48780
i 201 1 1 36630
i 203 1 1 27473
i 7863 1 1 250000
i 205 1 1 21368
i 207 1 1 16779
i 209 1 1 12210
i 211 1 1 9158
i 213 1 1 7628
i 215 1 1 6105
i 2485 1 1 4577
i 217 1 1 4577
i 995 10 10 281250
i 995 4 4 31250
i 6807 1 1 200
i 995 18 18 23438
i 995 13 13 15625
i 995 28 28 15625
i 313 5 5 289062
i 436 1 1 15625
i 7863 1 1 250000
i 6807 1 1 200
i 1420 1 1 23438
i 1203 1 1 15625
i 23490 1 1 798
i 1189 1 1 7812
i 888 1 1 23438
i 559 3 3 15625
i 556 4 4 23438
i 562 4 4 7812
i 564 2 2 7812
i 554 7 7 7812
i 199 1 1 58480
i 201 1 1 43860
i 203 1 1 33003
i 21257 1 1 3322
i 205 1 1 25641
i 207 1 1 20161
i 209 1 1 14641
i 211 1 1 10989
i 213 1 1 9158
i 215 1 1 7326
i 2485 1 1 5495
i 217 1 1 5495
i 995 10 10 312500
i 995 18 18 164062
i 995 26 26 62500
i 995 35 35 46875
i 995 1 1 15625
i 313 7 7 203125
i 590 1 1 15625
i 221 1 1 7812
i 438 1 1 7812
i 1139 1 1 31250
i 7863 1 1 250000
i 1291 1 1 7812
i 6807 1 1 200
i 1189 1 1 15625
i 1203 1 1 15625
i 1420 1 1 7812
i 564 2 2 46875
i 562 4 4 39062
i 556 3 3 23438
i 559 3 3 23438
i 554 7 7 7812
i 1349 1 1 7812
i 199 1 1 25381
i 201 1 1 19048
i 203 1 1 14286
i 205 1 1 11111
i 207 1 1 8726
i 209 1 1 6349
i 211 1 1 4760
i 213 1 1 3967
i 215 1 1 3174
i 2485 1 1 2380
end
npc 46 # Zombie (lvl 18)
g 526 1 1
g 526 1 1
g 526 1 1
g 526 1 1
g 526 1 1
t 1 main
i 1623 1 1 5000
i 1621 1 1 2500
i 1619 1 1 1250
i 1452 1 1 469
i 1462 1 1 469
i 1617 1 1 312
i 830 5 5 156
i 987 1 1 156
i 985 1 1 156
i 1247 1 1 10
i 2366 1 1 5
i 1249 1 1 4
i 1623 1 1 1953
i 1621 1 1 977
i 1619 1 1 488
i 1452 1 1 183
i 1462 1 1 183
i 1617 1 1 122
i 830 5 5 61
i 987 1 1 61
i 985 1 1 61
i 1247 1 1 4
i 2366 1 1 2
i 1249 1 1 1
i 884 5 5 54688
i 217 1 1 2380
i 995 10 10 148438
i 995 26 26 39062
i 995 35 35 31250
i 995 1 1 15625
i 995 18 18 7812
i 313 3 3 328125
i 11940 3 3 328125
i 313 4 4 195312
i 11940 4 4 195312
i 559 6 6 39062
i 313 7 7 23438
i 11940 7 7 23438
i 221 1 1 15625
i 590 1 1 7812
i 558 5 5 39062
i 7863 1 1 250000
i 6807 1 1 200
i 23490 1 1 798
i 21257 1 1 3322
i 556 13 13 31250
i 886 5 14 200000
i 559 7 7 100000
i 199 1 1 10000
i 201 1 1 7502
i 203 1 1 5624
i 205 1 1 4374
i 207 1 1 3438
i 209 1 1 2500
i 211 1 1 1875
i 213 1 1 1562
i 884 8 8 31250
i 215 1 1 1250
i 2485 1 1 937
i 217 1 1 937
i 995 5 84 100000
i 995 10 10 40000
i 1917 1 1 100000
i 592 1 1 40000
i 886 5 5 15625
i 6807 1 1 200
i 561 6 6 7812
i 199 1 1 48780
i 201 1 1 36630
i 203 1 1 27473
i 7863 1 1 250000
i 205 1 1 21368
i 207 1 1 16779
i 209 1 1 12210
i 211 1 1 9158
i 213 1 1 7628
i 215 1 1 6105
i 2485 1 1 4577
i 217 1 1 4577
i 995 10 10 281250
i 995 4 4 31250
i 6807 1 1 200
i 995 18 18 23438
i 995 13 13 15625
i 995 28 28 15625
i 313 5 5 289062
i 436 1 1 15625
i 7863 1 1 250000
i 6807 1 1 200
i 1420 1 1 23438
i 1203 1 1 15625
i 23490 1 1 798
i 1189 1 1 7812
i 888 1 1 23438
i 559 3 3 15625
i 556 4 4 23438
i 562 4 4 7812
i 564 2 2 7812
i 554 7 7 7812
i 199 1 1 58480
i 201 1 1 43860
i 203 1 1 33003
i 21257 1 1 3322
i 205 1 1 25641
i 207 1 1 20161
i 209 1 1 14641
i 211 1 1 10989
i 213 1 1 9158
i 215 1 1 7326
i 2485 1 1 5495
i 217 1 1 5495
i 995 10 10 312500
i 995 18 18 164062
i 995 26 26 62500
i 995 35 35 46875
i 995 1 1 15625
i 313 7 7 203125
i 590 1 1 15625
i 221 1 1 7812
i 438 1 1 7812
i 1139 1 1 31250
i 7863 1 1 250000
i 1291 1 1 7812
i 6807 1 1 200
i 1189 1 1 15625
i 1203 1 1 15625
i 1420 1 1 7812
i 564 2 2 46875
i 562 4 4 39062
i 556 3 3 23438
i 559 3 3 23438
i 554 7 7 7812
i 1349 1 1 7812
i 199 1 1 25381
i 201 1 1 19048
i 203 1 1 14286
i 205 1 1 11111
i 207 1 1 8726
i 209 1 1 6349
i 211 1 1 4760
i 213 1 1 3967
i 215 1 1 3174
i 2485 1 1 2380
end
npc 47 # Zombie (lvl 18)
g 526 1 1
g 526 1 1
g 526 1 1
g 526 1 1
g 526 1 1
t 1 main
i 1623 1 1 5000
i 1621 1 1 2500
i 1619 1 1 1250
i 1452 1 1 469
i 1462 1 1 469
i 1617 1 1 312
i 830 5 5 156
i 987 1 1 156
i 985 1 1 156
i 1247 1 1 10
i 2366 1 1 5
i 1249 1 1 4
i 1623 1 1 1953
i 1621 1 1 977
i 1619 1 1 488
i 1452 1 1 183
i 1462 1 1 183
i 1617 1 1 122
i 830 5 5 61
i 987 1 1 61
i 985 1 1 61
i 1247 1 1 4
i 2366 1 1 2
i 1249 1 1 1
i 884 5 5 54688
i 217 1 1 2380
i 995 10 10 148438
i 995 26 26 39062
i 995 35 35 31250
i 995 1 1 15625
i 995 18 18 7812
i 313 3 3 328125
i 11940 3 3 328125
i 313 4 4 195312
i 11940 4 4 195312
i 559 6 6 39062
i 313 7 7 23438
i 11940 7 7 23438
i 221 1 1 15625
i 590 1 1 7812
i 558 5 5 39062
i 7863 1 1 250000
i 6807 1 1 200
i 23490 1 1 798
i 21257 1 1 3322
i 556 13 13 31250
i 886 5 14 200000
i 559 7 7 100000
i 199 1 1 10000
i 201 1 1 7502
i 203 1 1 5624
i 205 1 1 4374
i 207 1 1 3438
i 209 1 1 2500
i 211 1 1 1875
i 213 1 1 1562
i 884 8 8 31250
i 215 1 1 1250
i 2485 1 1 937
i 217 1 1 937
i 995 5 84 100000
i 995 10 10 40000
i 1917 1 1 100000
i 592 1 1 40000
i 886 5 5 15625
i 6807 1 1 200
i 561 6 6 7812
i 199 1 1 48780
i 201 1 1 36630
i 203 1 1 27473
i 7863 1 1 250000
i 205 1 1 21368
i 207 1 1 16779
i 209 1 1 12210
i 211 1 1 9158
i 213 1 1 7628
i 215 1 1 6105
i 2485 1 1 4577
i 217 1 1 4577
i 995 10 10 281250
i 995 4 4 31250
i 6807 1 1 200
i 995 18 18 23438
i 995 13 13 15625
i 995 28 28 15625
i 313 5 5 289062
i 436 1 1 15625
i 7863 1 1 250000
i 6807 1 1 200
i 1420 1 1 23438
i 1203 1 1 15625
i 23490 1 1 798
i 1189 1 1 7812
i 888 1 1 23438
i 559 3 3 15625
i 556 4 4 23438
i 562 4 4 7812
i 564 2 2 7812
i 554 7 7 7812
i 199 1 1 58480
i 201 1 1 43860
i 203 1 1 33003
i 21257 1 1 3322
i 205 1 1 25641
i 207 1 1 20161
i 209 1 1 14641
i 211 1 1 10989
i 213 1 1 9158
i 215 1 1 7326
i 2485 1 1 5495
i 217 1 1 5495
i 995 10 10 312500
i 995 18 18 164062
i 995 26 26 62500
i 995 35 35 46875
i 995 1 1 15625
i 313 7 7 203125
i 590 1 1 15625
i 221 1 1 7812
i 438 1 1 7812
i 1139 1 1 31250
i 7863 1 1 250000
i 1291 1 1 7812
i 6807 1 1 200
i 1189 1 1 15625
i 1203 1 1 15625
i 1420 1 1 7812
i 564 2 2 46875
i 562 4 4 39062
i 556 3 3 23438
i 559 3 3 23438
i 554 7 7 7812
i 1349 1 1 7812
i 199 1 1 25381
i 201 1 1 19048
i 203 1 1 14286
i 205 1 1 11111
i 207 1 1 8726
i 209 1 1 6349
i 211 1 1 4760
i 213 1 1 3967
i 215 1 1 3174
i 2485 1 1 2380
end
npc 48 # Zombie (lvl 18)
g 526 1 1
g 526 1 1
g 526 1 1
g 526 1 1
g 526 1 1
t 1 main
i 1623 1 1 5000
i 1621 1 1 2500
i 1619 1 1 1250
i 1452 1 1 469
i 1462 1 1 469
i 1617 1 1 312
i 830 5 5 156
i 987 1 1 156
i 985 1 1 156
i 1247 1 1 10
i 2366 1 1 5
i 1249 1 1 4
i 1623 1 1 1953
i 1621 1 1 977
i 1619 1 1 488
i 1452 1 1 183
i 1462 1 1 183
i 1617 1 1 122
i 830 5 5 61
i 987 1 1 61
i 985 1 1 61
i 1247 1 1 4
i 2366 1 1 2
i 1249 1 1 1
i 884 5 5 54688
i 217 1 1 2380
i 995 10 10 148438
i 995 26 26 39062
i 995 35 35 31250
i 995 1 1 15625
i 995 18 18 7812
i 313 3 3 328125
i 11940 3 3 328125
i 313 4 4 195312
i 11940 4 4 195312
i 559 6 6 39062
i 313 7 7 23438
i 11940 7 7 23438
i 221 1 1 15625
i 590 1 1 7812
i 558 5 5 39062
i 7863 1 1 250000
i 6807 1 1 200
i 23490 1 1 798
i 21257 1 1 3322
i 556 13 13 31250
i 886 5 14 200000
i 559 7 7 100000
i 199 1 1 10000
i 201 1 1 7502
i 203 1 1 5624
i 205 1 1 4374
i 207 1 1 3438
i 209 1 1 2500
i 211 1 1 1875
i 213 1 1 1562
i 884 8 8 31250
i 215 1 1 1250
i 2485 1 1 937
i 217 1 1 937
i 995 5 84 100000
i 995 10 10 40000
i 1917 1 1 100000
i 592 1 1 40000
i 886 5 5 15625
i 6807 1 1 200
i 561 6 6 7812
i 199 1 1 48780
i 201 1 1 36630
i 203 1 1 27473
i 7863 1 1 250000
i 205 1 1 21368
i 207 1 1 16779
i 209 1 1 12210
i 211 1 1 9158
i 213 1 1 7628
i 215 1 1 6105
i 2485 1 1 4577
i 217 1 1 4577
i 995 10 10 281250
i 995 4 4 31250
i 6807 1 1 200
i 995 18 18 23438
i 995 13 13 15625
i 995 28 28 15625
i 313 5 5 289062
i 436 1 1 15625
i 7863 1 1 250000
i 6807 1 1 200
i 1420 1 1 23438
i 1203 1 1 15625
i 23490 1 1 798
i 1189 1 1 7812
i 888 1 1 23438
i 559 3 3 15625
i 556 4 4 23438
i 562 4 4 7812
i 564 2 2 7812
i 554 7 7 7812
i 199 1 1 58480
i 201 1 1 43860
i 203 1 1 33003
i 21257 1 1 3322
i 205 1 1 25641
i 207 1 1 20161
i 209 1 1 14641
i 211 1 1 10989
i 213 1 1 9158
i 215 1 1 7326
i 2485 1 1 5495
i 217 1 1 5495
i 995 10 10 312500
i 995 18 18 164062
i 995 26 26 62500
i 995 35 35 46875
i 995 1 1 15625
i 313 7 7 203125
i 590 1 1 15625
i 221 1 1 7812
i 438 1 1 7812
i 1139 1 1 31250
i 7863 1 1 250000
i 1291 1 1 7812
i 6807 1 1 200
i 1189 1 1 15625
i 1203 1 1 15625
i 1420 1 1 7812
i 564 2 2 46875
i 562 4 4 39062
i 556 3 3 23438
i 559 3 3 23438
i 554 7 7 7812
i 1349 1 1 7812
i 199 1 1 25381
i 201 1 1 19048
i 203 1 1 14286
i 205 1 1 11111
i 207 1 1 8726
i 209 1 1 6349
i 211 1 1 4760
i 213 1 1 3967
i 215 1 1 3174
i 2485 1 1 2380
end
npc 49 # Zombie (lvl 24)
g 526 1 1
g 526 1 1
g 526 1 1
g 526 1 1
g 526 1 1
t 1 main
i 1623 1 1 5000
i 1621 1 1 2500
i 1619 1 1 1250
i 1452 1 1 469
i 1462 1 1 469
i 1617 1 1 312
i 830 5 5 156
i 987 1 1 156
i 985 1 1 156
i 1247 1 1 10
i 2366 1 1 5
i 1249 1 1 4
i 1623 1 1 1953
i 1621 1 1 977
i 1619 1 1 488
i 1452 1 1 183
i 1462 1 1 183
i 1617 1 1 122
i 830 5 5 61
i 987 1 1 61
i 985 1 1 61
i 1247 1 1 4
i 2366 1 1 2
i 1249 1 1 1
i 884 5 5 54688
i 217 1 1 2380
i 995 10 10 148438
i 995 26 26 39062
i 995 35 35 31250
i 995 1 1 15625
i 995 18 18 7812
i 313 3 3 328125
i 11940 3 3 328125
i 313 4 4 195312
i 11940 4 4 195312
i 559 6 6 39062
i 313 7 7 23438
i 11940 7 7 23438
i 221 1 1 15625
i 590 1 1 7812
i 558 5 5 39062
i 7863 1 1 250000
i 6807 1 1 200
i 23490 1 1 798
i 21257 1 1 3322
i 556 13 13 31250
i 886 5 14 200000
i 559 7 7 100000
i 199 1 1 10000
i 201 1 1 7502
i 203 1 1 5624
i 205 1 1 4374
i 207 1 1 3438
i 209 1 1 2500
i 211 1 1 1875
i 213 1 1 1562
i 884 8 8 31250
i 215 1 1 1250
i 2485 1 1 937
i 217 1 1 937
i 995 5 84 100000
i 995 10 10 40000
i 1917 1 1 100000
i 592 1 1 40000
i 886 5 5 15625
i 6807 1 1 200
i 561 6 6 7812
i 199 1 1 48780
i 201 1 1 36630
i 203 1 1 27473
i 7863 1 1 250000
i 205 1 1 21368
i 207 1 1 16779
i 209 1 1 12210
i 211 1 1 9158
i 213 1 1 7628
i 215 1 1 6105
i 2485 1 1 4577
i 217 1 1 4577
i 995 10 10 281250
i 995 4 4 31250
i 6807 1 1 200
i 995 18 18 23438
i 995 13 13 15625
i 995 28 28 15625
i 313 5 5 289062
i 436 1 1 15625
i 7863 1 1 250000
i 6807 1 1 200
i 1420 1 1 23438
i 1203 1 1 15625
i 23490 1 1 798
i 1189 1 1 7812
i 888 1 1 23438
i 559 3 3 15625
i 556 4 4 23438
i 562 4 4 7812
i 564 2 2 7812
i 554 7 7 7812
i 199 1 1 58480
i 201 1 1 43860
i 203 1 1 33003
i 21257 1 1 3322
i 205 1 1 25641
i 207 1 1 20161
i 209 1 1 14641
i 211 1 1 10989
i 213 1 1 9158
i 215 1 1 7326
i 2485 1 1 5495
i 217 1 1 5495
i 995 10 10 312500
i 995 18 18 164062
i 995 26 26 62500
i 995 35 35 46875
i 995 1 1 15625
i 313 7 7 203125
i 590 1 1 15625
i 221 1 1 7812
i 438 1 1 7812
i 1139 1 1 31250
i 7863 1 1 250000
i 1291 1 1 7812
i 6807 1 1 200
i 1189 1 1 15625
i 1203 1 1 15625
i 1420 1 1 7812
i 564 2 2 46875
i 562 4 4 39062
i 556 3 3 23438
i 559 3 3 23438
i 554 7 7 7812
i 1349 1 1 7812
i 199 1 1 25381
i 201 1 1 19048
i 203 1 1 14286
i 205 1 1 11111
i 207 1 1 8726
i 209 1 1 6349
i 211 1 1 4760
i 213 1 1 3967
i 215 1 1 3174
i 2485 1 1 2380
end
npc 50 # Zombie (lvl 24)
g 526 1 1
g 526 1 1
g 526 1 1
g 526 1 1
g 526 1 1
t 1 main
i 1623 1 1 5000
i 1621 1 1 2500
i 1619 1 1 1250
i 1452 1 1 469
i 1462 1 1 469
i 1617 1 1 312
i 830 5 5 156
i 987 1 1 156
i 985 1 1 156
i 1247 1 1 10
i 2366 1 1 5
i 1249 1 1 4
i 1623 1 1 1953
i 1621 1 1 977
i 1619 1 1 488
i 1452 1 1 183
i 1462 1 1 183
i 1617 1 1 122
i 830 5 5 61
i 987 1 1 61
i 985 1 1 61
i 1247 1 1 4
i 2366 1 1 2
i 1249 1 1 1
i 884 5 5 54688
i 217 1 1 2380
i 995 10 10 148438
i 995 26 26 39062
i 995 35 35 31250
i 995 1 1 15625
i 995 18 18 7812
i 313 3 3 328125
i 11940 3 3 328125
i 313 4 4 195312
i 11940 4 4 195312
i 559 6 6 39062
i 313 7 7 23438
i 11940 7 7 23438
i 221 1 1 15625
i 590 1 1 7812
i 558 5 5 39062
i 7863 1 1 250000
i 6807 1 1 200
i 23490 1 1 798
i 21257 1 1 3322
i 556 13 13 31250
i 886 5 14 200000
i 559 7 7 100000
i 199 1 1 10000
i 201 1 1 7502
i 203 1 1 5624
i 205 1 1 4374
i 207 1 1 3438
i 209 1 1 2500
i 211 1 1 1875
i 213 1 1 1562
i 884 8 8 31250
i 215 1 1 1250
i 2485 1 1 937
i 217 1 1 937
i 995 5 84 100000
i 995 10 10 40000
i 1917 1 1 100000
i 592 1 1 40000
i 886 5 5 15625
i 6807 1 1 200
i 561 6 6 7812
i 199 1 1 48780
i 201 1 1 36630
i 203 1 1 27473
i 7863 1 1 250000
i 205 1 1 21368
i 207 1 1 16779
i 209 1 1 12210
i 211 1 1 9158
i 213 1 1 7628
i 215 1 1 6105
i 2485 1 1 4577
i 217 1 1 4577
i 995 10 10 281250
i 995 4 4 31250
i 6807 1 1 200
i 995 18 18 23438
i 995 13 13 15625
i 995 28 28 15625
i 313 5 5 289062
i 436 1 1 15625
i 7863 1 1 250000
i 6807 1 1 200
i 1420 1 1 23438
i 1203 1 1 15625
i 23490 1 1 798
i 1189 1 1 7812
i 888 1 1 23438
i 559 3 3 15625
i 556 4 4 23438
i 562 4 4 7812
i 564 2 2 7812
i 554 7 7 7812
i 199 1 1 58480
i 201 1 1 43860
i 203 1 1 33003
i 21257 1 1 3322
i 205 1 1 25641
i 207 1 1 20161
i 209 1 1 14641
i 211 1 1 10989
i 213 1 1 9158
i 215 1 1 7326
i 2485 1 1 5495
i 217 1 1 5495
i 995 10 10 312500
i 995 18 18 164062
i 995 26 26 62500
i 995 35 35 46875
i 995 1 1 15625
i 313 7 7 203125
i 590 1 1 15625
i 221 1 1 7812
i 438 1 1 7812
i 1139 1 1 31250
i 7863 1 1 250000
i 1291 1 1 7812
i 6807 1 1 200
i 1189 1 1 15625
i 1203 1 1 15625
i 1420 1 1 7812
i 564 2 2 46875
i 562 4 4 39062
i 556 3 3 23438
i 559 3 3 23438
i 554 7 7 7812
i 1349 1 1 7812
i 199 1 1 25381
i 201 1 1 19048
i 203 1 1 14286
i 205 1 1 11111
i 207 1 1 8726
i 209 1 1 6349
i 211 1 1 4760
i 213 1 1 3967
i 215 1 1 3174
i 2485 1 1 2380
end
npc 51 # Zombie (lvl 24)
g 526 1 1
g 526 1 1
g 526 1 1
g 526 1 1
g 526 1 1
t 1 main
i 1623 1 1 5000
i 1621 1 1 2500
i 1619 1 1 1250
i 1452 1 1 469
i 1462 1 1 469
i 1617 1 1 312
i 830 5 5 156
i 987 1 1 156
i 985 1 1 156
i 1247 1 1 10
i 2366 1 1 5
i 1249 1 1 4
i 1623 1 1 1953
i 1621 1 1 977
i 1619 1 1 488
i 1452 1 1 183
i 1462 1 1 183
i 1617 1 1 122
i 830 5 5 61
i 987 1 1 61
i 985 1 1 61
i 1247 1 1 4
i 2366 1 1 2
i 1249 1 1 1
i 884 5 5 54688
i 217 1 1 2380
i 995 10 10 148438
i 995 26 26 39062
i 995 35 35 31250
i 995 1 1 15625
i 995 18 18 7812
i 313 3 3 328125
i 11940 3 3 328125
i 313 4 4 195312
i 11940 4 4 195312
i 559 6 6 39062
i 313 7 7 23438
i 11940 7 7 23438
i 221 1 1 15625
i 590 1 1 7812
i 558 5 5 39062
i 7863 1 1 250000
i 6807 1 1 200
i 23490 1 1 798
i 21257 1 1 3322
i 556 13 13 31250
i 886 5 14 200000
i 559 7 7 100000
i 199 1 1 10000
i 201 1 1 7502
i 203 1 1 5624
i 205 1 1 4374
i 207 1 1 3438
i 209 1 1 2500
i 211 1 1 1875
i 213 1 1 1562
i 884 8 8 31250
i 215 1 1 1250
i 2485 1 1 937
i 217 1 1 937
i 995 5 84 100000
i 995 10 10 40000
i 1917 1 1 100000
i 592 1 1 40000
i 886 5 5 15625
i 6807 1 1 200
i 561 6 6 7812
i 199 1 1 48780
i 201 1 1 36630
i 203 1 1 27473
i 7863 1 1 250000
i 205 1 1 21368
i 207 1 1 16779
i 209 1 1 12210
i 211 1 1 9158
i 213 1 1 7628
i 215 1 1 6105
i 2485 1 1 4577
i 217 1 1 4577
i 995 10 10 281250
i 995 4 4 31250
i 6807 1 1 200
i 995 18 18 23438
i 995 13 13 15625
i 995 28 28 15625
i 313 5 5 289062
i 436 1 1 15625
i 7863 1 1 250000
i 6807 1 1 200
i 1420 1 1 23438
i 1203 1 1 15625
i 23490 1 1 798
i 1189 1 1 7812
i 888 1 1 23438
i 559 3 3 15625
i 556 4 4 23438
i 562 4 4 7812
i 564 2 2 7812
i 554 7 7 7812
i 199 1 1 58480
i 201 1 1 43860
i 203 1 1 33003
i 21257 1 1 3322
i 205 1 1 25641
i 207 1 1 20161
i 209 1 1 14641
i 211 1 1 10989
i 213 1 1 9158
i 215 1 1 7326
i 2485 1 1 5495
i 217 1 1 5495
i 995 10 10 312500
i 995 18 18 164062
i 995 26 26 62500
i 995 35 35 46875
i 995 1 1 15625
i 313 7 7 203125
i 590 1 1 15625
i 221 1 1 7812
i 438 1 1 7812
i 1139 1 1 31250
i 7863 1 1 250000
i 1291 1 1 7812
i 6807 1 1 200
i 1189 1 1 15625
i 1203 1 1 15625
i 1420 1 1 7812
i 564 2 2 46875
i 562 4 4 39062
i 556 3 3 23438
i 559 3 3 23438
i 554 7 7 7812
i 1349 1 1 7812
i 199 1 1 25381
i 201 1 1 19048
i 203 1 1 14286
i 205 1 1 11111
i 207 1 1 8726
i 209 1 1 6349
i 211 1 1 4760
i 213 1 1 3967
i 215 1 1 3174
i 2485 1 1 2380
end
npc 52 # Zombie (lvl 24)
g 526 1 1
g 526 1 1
g 526 1 1
g 526 1 1
g 526 1 1
t 1 main
i 1623 1 1 5000
i 1621 1 1 2500
i 1619 1 1 1250
i 1452 1 1 469
i 1462 1 1 469
i 1617 1 1 312
i 830 5 5 156
i 987 1 1 156
i 985 1 1 156
i 1247 1 1 10
i 2366 1 1 5
i 1249 1 1 4
i 1623 1 1 1953
i 1621 1 1 977
i 1619 1 1 488
i 1452 1 1 183
i 1462 1 1 183
i 1617 1 1 122
i 830 5 5 61
i 987 1 1 61
i 985 1 1 61
i 1247 1 1 4
i 2366 1 1 2
i 1249 1 1 1
i 884 5 5 54688
i 217 1 1 2380
i 995 10 10 148438
i 995 26 26 39062
i 995 35 35 31250
i 995 1 1 15625
i 995 18 18 7812
i 313 3 3 328125
i 11940 3 3 328125
i 313 4 4 195312
i 11940 4 4 195312
i 559 6 6 39062
i 313 7 7 23438
i 11940 7 7 23438
i 221 1 1 15625
i 590 1 1 7812
i 558 5 5 39062
i 7863 1 1 250000
i 6807 1 1 200
i 23490 1 1 798
i 21257 1 1 3322
i 556 13 13 31250
i 886 5 14 200000
i 559 7 7 100000
i 199 1 1 10000
i 201 1 1 7502
i 203 1 1 5624
i 205 1 1 4374
i 207 1 1 3438
i 209 1 1 2500
i 211 1 1 1875
i 213 1 1 1562
i 884 8 8 31250
i 215 1 1 1250
i 2485 1 1 937
i 217 1 1 937
i 995 5 84 100000
i 995 10 10 40000
i 1917 1 1 100000
i 592 1 1 40000
i 886 5 5 15625
i 6807 1 1 200
i 561 6 6 7812
i 199 1 1 48780
i 201 1 1 36630
i 203 1 1 27473
i 7863 1 1 250000
i 205 1 1 21368
i 207 1 1 16779
i 209 1 1 12210
i 211 1 1 9158
i 213 1 1 7628
i 215 1 1 6105
i 2485 1 1 4577
i 217 1 1 4577
i 995 10 10 281250
i 995 4 4 31250
i 6807 1 1 200
i 995 18 18 23438
i 995 13 13 15625
i 995 28 28 15625
i 313 5 5 289062
i 436 1 1 15625
i 7863 1 1 250000
i 6807 1 1 200
i 1420 1 1 23438
i 1203 1 1 15625
i 23490 1 1 798
i 1189 1 1 7812
i 888 1 1 23438
i 559 3 3 15625
i 556 4 4 23438
i 562 4 4 7812
i 564 2 2 7812
i 554 7 7 7812
i 199 1 1 58480
i 201 1 1 43860
i 203 1 1 33003
i 21257 1 1 3322
i 205 1 1 25641
i 207 1 1 20161
i 209 1 1 14641
i 211 1 1 10989
i 213 1 1 9158
i 215 1 1 7326
i 2485 1 1 5495
i 217 1 1 5495
i 995 10 10 312500
i 995 18 18 164062
i 995 26 26 62500
i 995 35 35 46875
i 995 1 1 15625
i 313 7 7 203125
i 590 1 1 15625
i 221 1 1 7812
i 438 1 1 7812
i 1139 1 1 31250
i 7863 1 1 250000
i 1291 1 1 7812
i 6807 1 1 200
i 1189 1 1 15625
i 1203 1 1 15625
i 1420 1 1 7812
i 564 2 2 46875
i 562 4 4 39062
i 556 3 3 23438
i 559 3 3 23438
i 554 7 7 7812
i 1349 1 1 7812
i 199 1 1 25381
i 201 1 1 19048
i 203 1 1 14286
i 205 1 1 11111
i 207 1 1 8726
i 209 1 1 6349
i 211 1 1 4760
i 213 1 1 3967
i 215 1 1 3174
i 2485 1 1 2380
end
npc 53 # Zombie (lvl 24)
g 526 1 1
g 526 1 1
g 526 1 1
g 526 1 1
g 526 1 1
t 1 main
i 1623 1 1 5000
i 1621 1 1 2500
i 1619 1 1 1250
i 1452 1 1 469
i 1462 1 1 469
i 1617 1 1 312
i 830 5 5 156
i 987 1 1 156
i 985 1 1 156
i 1247 1 1 10
i 2366 1 1 5
i 1249 1 1 4
i 1623 1 1 1953
i 1621 1 1 977
i 1619 1 1 488
i 1452 1 1 183
i 1462 1 1 183
i 1617 1 1 122
i 830 5 5 61
i 987 1 1 61
i 985 1 1 61
i 1247 1 1 4
i 2366 1 1 2
i 1249 1 1 1
i 884 5 5 54688
i 217 1 1 2380
i 995 10 10 148438
i 995 26 26 39062
i 995 35 35 31250
i 995 1 1 15625
i 995 18 18 7812
i 313 3 3 328125
i 11940 3 3 328125
i 313 4 4 195312
i 11940 4 4 195312
i 559 6 6 39062
i 313 7 7 23438
i 11940 7 7 23438
i 221 1 1 15625
i 590 1 1 7812
i 558 5 5 39062
i 7863 1 1 250000
i 6807 1 1 200
i 23490 1 1 798
i 21257 1 1 3322
i 556 13 13 31250
i 886 5 14 200000
i 559 7 7 100000
i 199 1 1 10000
i 201 1 1 7502
i 203 1 1 5624
i 205 1 1 4374
i 207 1 1 3438
i 209 1 1 2500
i 211 1 1 1875
i 213 1 1 1562
i 884 8 8 31250
i 215 1 1 1250
i 2485 1 1 937
i 217 1 1 937
i 995 5 84 100000
i 995 10 10 40000
i 1917 1 1 100000
i 592 1 1 40000
i 886 5 5 15625
i 6807 1 1 200
i 561 6 6 7812
i 199 1 1 48780
i 201 1 1 36630
i 203 1 1 27473
i 7863 1 1 250000
i 205 1 1 21368
i 207 1 1 16779
i 209 1 1 12210
i 211 1 1 9158
i 213 1 1 7628
i 215 1 1 6105
i 2485 1 1 4577
i 217 1 1 4577
i 995 10 10 281250
i 995 4 4 31250
i 6807 1 1 200
i 995 18 18 23438
i 995 13 13 15625
i 995 28 28 15625
i 313 5 5 289062
i 436 1 1 15625
i 7863 1 1 250000
i 6807 1 1 200
i 1420 1 1 23438
i 1203 1 1 15625
i 23490 1 1 798
i 1189 1 1 7812
i 888 1 1 23438
i 559 3 3 15625
i 556 4 4 23438
i 562 4 4 7812
i 564 2 2 7812
i 554 7 7 7812
i 199 1 1 58480
i 201 1 1 43860
i 203 1 1 33003
i 21257 1 1 3322
i 205 1 1 25641
i 207 1 1 20161
i 209 1 1 14641
i 211 1 1 10989
i 213 1 1 9158
i 215 1 1 7326
i 2485 1 1 5495
i 217 1 1 5495
i 995 10 10 312500
i 995 18 18 164062
i 995 26 26 62500
i 995 35 35 46875
i 995 1 1 15625
i 313 7 7 203125
i 590 1 1 15625
i 221 1 1 7812
i 438 1 1 7812
i 1139 1 1 31250
i 7863 1 1 250000
i 1291 1 1 7812
i 6807 1 1 200
i 1189 1 1 15625
i 1203 1 1 15625
i 1420 1 1 7812
i 564 2 2 46875
i 562 4 4 39062
i 556 3 3 23438
i 559 3 3 23438
i 554 7 7 7812
i 1349 1 1 7812
i 199 1 1 25381
i 201 1 1 19048
i 203 1 1 14286
i 205 1 1 11111
i 207 1 1 8726
i 209 1 1 6349
i 211 1 1 4760
i 213 1 1 3967
i 215 1 1 3174
i 2485 1 1 2380
end
npc 54 # Zombie (lvl 24)
g 526 1 1
g 526 1 1
g 526 1 1
g 526 1 1
g 526 1 1
t 1 main
i 1623 1 1 5000
i 1621 1 1 2500
i 1619 1 1 1250
i 1452 1 1 469
i 1462 1 1 469
i 1617 1 1 312
i 830 5 5 156
i 987 1 1 156
i 985 1 1 156
i 1247 1 1 10
i 2366 1 1 5
i 1249 1 1 4
i 1623 1 1 1953
i 1621 1 1 977
i 1619 1 1 488
i 1452 1 1 183
i 1462 1 1 183
i 1617 1 1 122
i 830 5 5 61
i 987 1 1 61
i 985 1 1 61
i 1247 1 1 4
i 2366 1 1 2
i 1249 1 1 1
i 884 5 5 54688
i 217 1 1 2380
i 995 10 10 148438
i 995 26 26 39062
i 995 35 35 31250
i 995 1 1 15625
i 995 18 18 7812
i 313 3 3 328125
i 11940 3 3 328125
i 313 4 4 195312
i 11940 4 4 195312
i 559 6 6 39062
i 313 7 7 23438
i 11940 7 7 23438
i 221 1 1 15625
i 590 1 1 7812
i 558 5 5 39062
i 7863 1 1 250000
i 6807 1 1 200
i 23490 1 1 798
i 21257 1 1 3322
i 556 13 13 31250
i 886 5 14 200000
i 559 7 7 100000
i 199 1 1 10000
i 201 1 1 7502
i 203 1 1 5624
i 205 1 1 4374
i 207 1 1 3438
i 209 1 1 2500
i 211 1 1 1875
i 213 1 1 1562
i 884 8 8 31250
i 215 1 1 1250
i 2485 1 1 937
i 217 1 1 937
i 995 5 84 100000
i 995 10 10 40000
i 1917 1 1 100000
i 592 1 1 40000
i 886 5 5 15625
i 6807 1 1 200
i 561 6 6 7812
i 199 1 1 48780
i 201 1 1 36630
i 203 1 1 27473
i 7863 1 1 250000
i 205 1 1 21368
i 207 1 1 16779
i 209 1 1 12210
i 211 1 1 9158
i 213 1 1 7628
i 215 1 1 6105
i 2485 1 1 4577
i 217 1 1 4577
i 995 10 10 281250
i 995 4 4 31250
i 6807 1 1 200
i 995 18 18 23438
i 995 13 13 15625
i 995 28 28 15625
i 313 5 5 289062
i 436 1 1 15625
i 7863 1 1 250000
i 6807 1 1 200
i 1420 1 1 23438
i 1203 1 1 15625
i 23490 1 1 798
i 1189 1 1 7812
i 888 1 1 23438
i 559 3 3 15625
i 556 4 4 23438
i 562 4 4 7812
i 564 2 2 7812
i 554 7 7 7812
i 199 1 1 58480
i 201 1 1 43860
i 203 1 1 33003
i 21257 1 1 3322
i 205 1 1 25641
i 207 1 1 20161
i 209 1 1 14641
i 211 1 1 10989
i 213 1 1 9158
i 215 1 1 7326
i 2485 1 1 5495
i 217 1 1 5495
i 995 10 10 312500
i 995 18 18 164062
i 995 26 26 62500
i 995 35 35 46875
i 995 1 1 15625
i 313 7 7 203125
i 590 1 1 15625
i 221 1 1 7812
i 438 1 1 7812
i 1139 1 1 31250
i 7863 1 1 250000
i 1291 1 1 7812
i 6807 1 1 200
i 1189 1 1 15625
i 1203 1 1 15625
i 1420 1 1 7812
i 564 2 2 46875
i 562 4 4 39062
i 556 3 3 23438
i 559 3 3 23438
i 554 7 7 7812
i 1349 1 1 7812
i 199 1 1 25381
i 201 1 1 19048
i 203 1 1 14286
i 205 1 1 11111
i 207 1 1 8726
i 209 1 1 6349
i 211 1 1 4760
i 213 1 1 3967
i 215 1 1 3174
i 2485 1 1 2380
end
npc 55 # Zombie (lvl 24)
g 526 1 1
g 526 1 1
g 526 1 1
g 526 1 1
g 526 1 1
t 1 main
i 1623 1 1 5000
i 1621 1 1 2500
i 1619 1 1 1250
i 1452 1 1 469
i 1462 1 1 469
i 1617 1 1 312
i 830 5 5 156
i 987 1 1 156
i 985 1 1 156
i 1247 1 1 10
i 2366 1 1 5
i 1249 1 1 4
i 1623 1 1 1953
i 1621 1 1 977
i 1619 1 1 488
i 1452 1 1 183
i 1462 1 1 183
i 1617 1 1 122
i 830 5 5 61
i 987 1 1 61
i 985 1 1 61
i 1247 1 1 4
i 2366 1 1 2
i 1249 1 1 1
i 884 5 5 54688
i 217 1 1 2380
i 995 10 10 148438
i 995 26 26 39062
i 995 35 35 31250
i 995 1 1 15625
i 995 18 18 7812
i 313 3 3 328125
i 11940 3 3 328125
i 313 4 4 195312
i 11940 4 4 195312
i 559 6 6 39062
i 313 7 7 23438
i 11940 7 7 23438
i 221 1 1 15625
i 590 1 1 7812
i 558 5 5 39062
i 7863 1 1 250000
i 6807 1 1 200
i 23490 1 1 798
i 21257 1 1 3322
i 556 13 13 31250
i 886 5 14 200000
i 559 7 7 100000
i 199 1 1 10000
i 201 1 1 7502
i 203 1 1 5624
i 205 1 1 4374
i 207 1 1 3438
i 209 1 1 2500
i 211 1 1 1875
i 213 1 1 1562
i 884 8 8 31250
i 215 1 1 1250
i 2485 1 1 937
i 217 1 1 937
i 995 5 84 100000
i 995 10 10 40000
i 1917 1 1 100000
i 592 1 1 40000
i 886 5 5 15625
i 6807 1 1 200
i 561 6 6 7812
i 199 1 1 48780
i 201 1 1 36630
i 203 1 1 27473
i 7863 1 1 250000
i 205 1 1 21368
i 207 1 1 16779
i 209 1 1 12210
i 211 1 1 9158
i 213 1 1 7628
i 215 1 1 6105
i 2485 1 1 4577
i 217 1 1 4577
i 995 10 10 281250
i 995 4 4 31250
i 6807 1 1 200
i 995 18 18 23438
i 995 13 13 15625
i 995 28 28 15625
i 313 5 5 289062
i 436 1 1 15625
i 7863 1 1 250000
i 6807 1 1 200
i 1420 1 1 23438
i 1203 1 1 15625
i 23490 1 1 798
i 1189 1 1 7812
i 888 1 1 23438
i 559 3 3 15625
i 556 4 4 23438
i 562 4 4 7812
i 564 2 2 7812
i 554 7 7 7812
i 199 1 1 58480
i 201 1 1 43860
i 203 1 1 33003
i 21257 1 1 3322
i 205 1 1 25641
i 207 1 1 20161
i 209 1 1 14641
i 211 1 1 10989
i 213 1 1 9158
i 215 1 1 7326
i 2485 1 1 5495
i 217 1 1 5495
i 995 10 10 312500
i 995 18 18 164062
i 995 26 26 62500
i 995 35 35 46875
i 995 1 1 15625
i 313 7 7 203125
i 590 1 1 15625
i 221 1 1 7812
i 438 1 1 7812
i 1139 1 1 31250
i 7863 1 1 250000
i 1291 1 1 7812
i 6807 1 1 200
i 1189 1 1 15625
i 1203 1 1 15625
i 1420 1 1 7812
i 564 2 2 46875
i 562 4 4 39062
i 556 3 3 23438
i 559 3 3 23438
i 554 7 7 7812
i 1349 1 1 7812
i 199 1 1 25381
i 201 1 1 19048
i 203 1 1 14286
i 205 1 1 11111
i 207 1 1 8726
i 209 1 1 6349
i 211 1 1 4760
i 213 1 1 3967
i 215 1 1 3174
i 2485 1 1 2380
end
npc 56 # Zombie (lvl 24)
g 526 1 1
g 526 1 1
g 526 1 1
g 526 1 1
g 526 1 1
t 1 main
i 1623 1 1 5000
i 1621 1 1 2500
i 1619 1 1 1250
i 1452 1 1 469
i 1462 1 1 469
i 1617 1 1 312
i 830 5 5 156
i 987 1 1 156
i 985 1 1 156
i 1247 1 1 10
i 2366 1 1 5
i 1249 1 1 4
i 1623 1 1 1953
i 1621 1 1 977
i 1619 1 1 488
i 1452 1 1 183
i 1462 1 1 183
i 1617 1 1 122
i 830 5 5 61
i 987 1 1 61
i 985 1 1 61
i 1247 1 1 4
i 2366 1 1 2
i 1249 1 1 1
i 884 5 5 54688
i 217 1 1 2380
i 995 10 10 148438
i 995 26 26 39062
i 995 35 35 31250
i 995 1 1 15625
i 995 18 18 7812
i 313 3 3 328125
i 11940 3 3 328125
i 313 4 4 195312
i 11940 4 4 195312
i 559 6 6 39062
i 313 7 7 23438
i 11940 7 7 23438
i 221 1 1 15625
i 590 1 1 7812
i 558 5 5 39062
i 7863 1 1 250000
i 6807 1 1 200
i 23490 1 1 798
i 21257 1 1 3322
i 556 13 13 31250
i 886 5 14 200000
i 559 7 7 100000
i 199 1 1 10000
i 201 1 1 7502
i 203 1 1 5624
i 205 1 1 4374
i 207 1 1 3438
i 209 1 1 2500
i 211 1 1 1875
i 213 1 1 1562
i 884 8 8 31250
i 215 1 1 1250
i 2485 1 1 937
i 217 1 1 937
i 995 5 84 100000
i 995 10 10 40000
i 1917 1 1 100000
i 592 1 1 40000
i 886 5 5 15625
i 6807 1 1 200
i 561 6 6 7812
i 199 1 1 48780
i 201 1 1 36630
i 203 1 1 27473
i 7863 1 1 250000
i 205 1 1 21368
i 207 1 1 16779
i 209 1 1 12210
i 211 1 1 9158
i 213 1 1 7628
i 215 1 1 6105
i 2485 1 1 4577
i 217 1 1 4577
i 995 10 10 281250
i 995 4 4 31250
i 6807 1 1 200
i 995 18 18 23438
i 995 13 13 15625
i 995 28 28 15625
i 313 5 5 289062
i 436 1 1 15625
i 7863 1 1 250000
i 6807 1 1 200
i 1420 1 1 23438
i 1203 1 1 15625
i 23490 1 1 798
i 1189 1 1 7812
i 888 1 1 23438
i 559 3 3 15625
i 556 4 4 23438
i 562 4 4 7812
i 564 2 2 7812
i 554 7 7 7812
i 199 1 1 58480
i 201 1 1 43860
i 203 1 1 33003
i 21257 1 1 3322
i 205 1 1 25641
i 207 1 1 20161
i 209 1 1 14641
i 211 1 1 10989
i 213 1 1 9158
i 215 1 1 7326
i 2485 1 1 5495
i 217 1 1 5495
i 995 10 10 312500
i 995 18 18 164062
i 995 26 26 62500
i 995 35 35 46875
i 995 1 1 15625
i 313 7 7 203125
i 590 1 1 15625
i 221 1 1 7812
i 438 1 1 7812
i 1139 1 1 31250
i 7863 1 1 250000
i 1291 1 1 7812
i 6807 1 1 200
i 1189 1 1 15625
i 1203 1 1 15625
i 1420 1 1 7812
i 564 2 2 46875
i 562 4 4 39062
i 556 3 3 23438
i 559 3 3 23438
i 554 7 7 7812
i 1349 1 1 7812
i 199 1 1 25381
i 201 1 1 19048
i 203 1 1 14286
i 205 1 1 11111
i 207 1 1 8726
i 209 1 1 6349
i 211 1 1 4760
i 213 1 1 3967
i 215 1 1 3174
i 2485 1 1 2380
end
npc 57 # Zombie (lvl 24)
g 526 1 1
g 526 1 1
g 526 1 1
g 526 1 1
g 526 1 1
t 1 main
i 1623 1 1 5000
i 1621 1 1 2500
i 1619 1 1 1250
i 1452 1 1 469
i 1462 1 1 469
i 1617 1 1 312
i 830 5 5 156
i 987 1 1 156
i 985 1 1 156
i 1247 1 1 10
i 2366 1 1 5
i 1249 1 1 4
i 1623 1 1 1953
i 1621 1 1 977
i 1619 1 1 488
i 1452 1 1 183
i 1462 1 1 183
i 1617 1 1 122
i 830 5 5 61
i 987 1 1 61
i 985 1 1 61
i 1247 1 1 4
i 2366 1 1 2
i 1249 1 1 1
i 884 5 5 54688
i 217 1 1 2380
i 995 10 10 148438
i 995 26 26 39062
i 995 35 35 31250
i 995 1 1 15625
i 995 18 18 7812
i 313 3 3 328125
i 11940 3 3 328125
i 313 4 4 195312
i 11940 4 4 195312
i 559 6 6 39062
i 313 7 7 23438
i 11940 7 7 23438
i 221 1 1 15625
i 590 1 1 7812
i 558 5 5 39062
i 7863 1 1 250000
i 6807 1 1 200
i 23490 1 1 798
i 21257 1 1 3322
i 556 13 13 31250
i 886 5 14 200000
i 559 7 7 100000
i 199 1 1 10000
i 201 1 1 7502
i 203 1 1 5624
i 205 1 1 4374
i 207 1 1 3438
i 209 1 1 2500
i 211 1 1 1875
i 213 1 1 1562
i 884 8 8 31250
i 215 1 1 1250
i 2485 1 1 937
i 217 1 1 937
i 995 5 84 100000
i 995 10 10 40000
i 1917 1 1 100000
i 592 1 1 40000
i 886 5 5 15625
i 6807 1 1 200
i 561 6 6 7812
i 199 1 1 48780
i 201 1 1 36630
i 203 1 1 27473
i 7863 1 1 250000
i 205 1 1 21368
i 207 1 1 16779
i 209 1 1 12210
i 211 1 1 9158
i 213 1 1 7628
i 215 1 1 6105
i 2485 1 1 4577
i 217 1 1 4577
i 995 10 10 281250
i 995 4 4 31250
i 6807 1 1 200
i 995 18 18 23438
i 995 13 13 15625
i 995 28 28 15625
i 313 5 5 289062
i 436 1 1 15625
i 7863 1 1 250000
i 6807 1 1 200
i 1420 1 1 23438
i 1203 1 1 15625
i 23490 1 1 798
i 1189 1 1 7812
i 888 1 1 23438
i 559 3 3 15625
i 556 4 4 23438
i 562 4 4 7812
i 564 2 2 7812
i 554 7 7 7812
i 199 1 1 58480
i 201 1 1 43860
i 203 1 1 33003
i 21257 1 1 3322
i 205 1 1 25641
i 207 1 1 20161
i 209 1 1 14641
i 211 1 1 10989
i 213 1 1 9158
i 215 1 1 7326
i 2485 1 1 5495
i 217 1 1 5495
i 995 10 10 312500
i 995 18 18 164062
i 995 26 26 62500
i 995 35 35 46875
i 995 1 1 15625
i 313 7 7 203125
i 590 1 1 15625
i 221 1 1 7812
i 438 1 1 7812
i 1139 1 1 31250
i 7863 1 1 250000
i 1291 1 1 7812
i 6807 1 1 200
i 1189 1 1 15625
i 1203 1 1 15625
i 1420 1 1 7812
i 564 2 2 46875
i 562 4 4 39062
i 556 3 3 23438
i 559 3 3 23438
i 554 7 7 7812
i 1349 1 1 7812
i 199 1 1 25381
i 201 1 1 19048
i 203 1 1 14286
i 205 1 1 11111
i 207 1 1 8726
i 209 1 1 6349
i 211 1 1 4760
i 213 1 1 3967
i 215 1 1 3174
i 2485 1 1 2380
end
npc 58 # Zombie (lvl 24)
g 526 1 1
g 526 1 1
g 526 1 1
g 526 1 1
g 526 1 1
t 1 main
i 1623 1 1 5000
i 1621 1 1 2500
i 1619 1 1 1250
i 1452 1 1 469
i 1462 1 1 469
i 1617 1 1 312
i 830 5 5 156
i 987 1 1 156
i 985 1 1 156
i 1247 1 1 10
i 2366 1 1 5
i 1249 1 1 4
i 1623 1 1 1953
i 1621 1 1 977
i 1619 1 1 488
i 1452 1 1 183
i 1462 1 1 183
i 1617 1 1 122
i 830 5 5 61
i 987 1 1 61
i 985 1 1 61
i 1247 1 1 4
i 2366 1 1 2
i 1249 1 1 1
i 884 5 5 54688
i 217 1 1 2380
i 995 10 10 148438
i 995 26 26 39062
i 995 35 35 31250
i 995 1 1 15625
i 995 18 18 7812
i 313 3 3 328125
i 11940 3 3 328125
i 313 4 4 195312
i 11940 4 4 195312
i 559 6 6 39062
i 313 7 7 23438
i 11940 7 7 23438
i 221 1 1 15625
i 590 1 1 7812
i 558 5 5 39062
i 7863 1 1 250000
i 6807 1 1 200
i 23490 1 1 798
i 21257 1 1 3322
i 556 13 13 31250
i 886 5 14 200000
i 559 7 7 100000
i 199 1 1 10000
i 201 1 1 7502
i 203 1 1 5624
i 205 1 1 4374
i 207 1 1 3438
i 209 1 1 2500
i 211 1 1 1875
i 213 1 1 1562
i 884 8 8 31250
i 215 1 1 1250
i 2485 1 1 937
i 217 1 1 937
i 995 5 84 100000
i 995 10 10 40000
i 1917 1 1 100000
i 592 1 1 40000
i 886 5 5 15625
i 6807 1 1 200
i 561 6 6 7812
i 199 1 1 48780
i 201 1 1 36630
i 203 1 1 27473
i 7863 1 1 250000
i 205 1 1 21368
i 207 1 1 16779
i 209 1 1 12210
i 211 1 1 9158
i 213 1 1 7628
i 215 1 1 6105
i 2485 1 1 4577
i 217 1 1 4577
i 995 10 10 281250
i 995 4 4 31250
i 6807 1 1 200
i 995 18 18 23438
i 995 13 13 15625
i 995 28 28 15625
i 313 5 5 289062
i 436 1 1 15625
i 7863 1 1 250000
i 6807 1 1 200
i 1420 1 1 23438
i 1203 1 1 15625
i 23490 1 1 798
i 1189 1 1 7812
i 888 1 1 23438
i 559 3 3 15625
i 556 4 4 23438
i 562 4 4 7812
i 564 2 2 7812
i 554 7 7 7812
i 199 1 1 58480
i 201 1 1 43860
i 203 1 1 33003
i 21257 1 1 3322
i 205 1 1 25641
i 207 1 1 20161
i 209 1 1 14641
i 211 1 1 10989
i 213 1 1 9158
i 215 1 1 7326
i 2485 1 1 5495
i 217 1 1 5495
i 995 10 10 312500
i 995 18 18 164062
i 995 26 26 62500
i 995 35 35 46875
i 995 1 1 15625
i 313 7 7 203125
i 590 1 1 15625
i 221 1 1 7812
i 438 1 1 7812
i 1139 1 1 31250
i 7863 1 1 250000
i 1291 1 1 7812
i 6807 1 1 200
i 1189 1 1 15625
i 1203 1 1 15625
i 1420 1 1 7812
i 564 2 2 46875
i 562 4 4 39062
i 556 3 3 23438
i 559 3 3 23438
i 554 7 7 7812
i 1349 1 1 7812
i 199 1 1 25381
i 201 1 1 19048
i 203 1 1 14286
i 205 1 1 11111
i 207 1 1 8726
i 209 1 1 6349
i 211 1 1 4760
i 213 1 1 3967
i 215 1 1 3174
i 2485 1 1 2380
end
npc 59 # Zombie (lvl 24)
g 526 1 1
g 526 1 1
g 526 1 1
g 526 1 1
g 526 1 1
t 1 main
i 1623 1 1 5000
i 1621 1 1 2500
i 1619 1 1 1250
i 1452 1 1 469
i 1462 1 1 469
i 1617 1 1 312
i 830 5 5 156
i 987 1 1 156
i 985 1 1 156
i 1247 1 1 10
i 2366 1 1 5
i 1249 1 1 4
i 1623 1 1 1953
i 1621 1 1 977
i 1619 1 1 488
i 1452 1 1 183
i 1462 1 1 183
i 1617 1 1 122
i 830 5 5 61
i 987 1 1 61
i 985 1 1 61
i 1247 1 1 4
i 2366 1 1 2
i 1249 1 1 1
i 884 5 5 54688
i 217 1 1 2380
i 995 10 10 148438
i 995 26 26 39062
i 995 35 35 31250
i 995 1 1 15625
i 995 18 18 7812
i 313 3 3 328125
i 11940 3 3 328125
i 313 4 4 195312
i 11940 4 4 195312
i 559 6 6 39062
i 313 7 7 23438
i 11940 7 7 23438
i 221 1 1 15625
i 590 1 1 7812
i 558 5 5 39062
i 7863 1 1 250000
i 6807 1 1 200
i 23490 1 1 798
i 21257 1 1 3322
i 556 13 13 31250
i 886 5 14 200000
i 559 7 7 100000
i 199 1 1 10000
i 201 1 1 7502
i 203 1 1 5624
i 205 1 1 4374
i 207 1 1 3438
i 209 1 1 2500
i 211 1 1 1875
i 213 1 1 1562
i 884 8 8 31250
i 215 1 1 1250
i 2485 1 1 937
i 217 1 1 937
i 995 5 84 100000
i 995 10 10 40000
i 1917 1 1 100000
i 592 1 1 40000
i 886 5 5 15625
i 6807 1 1 200
i 561 6 6 7812
i 199 1 1 48780
i 201 1 1 36630
i 203 1 1 27473
i 7863 1 1 250000
i 205 1 1 21368
i 207 1 1 16779
i 209 1 1 12210
i 211 1 1 9158
i 213 1 1 7628
i 215 1 1 6105
i 2485 1 1 4577
i 217 1 1 4577
i 995 10 10 281250
i 995 4 4 31250
i 6807 1 1 200
i 995 18 18 23438
i 995 13 13 15625
i 995 28 28 15625
i 313 5 5 289062
i 436 1 1 15625
i 7863 1 1 250000
i 6807 1 1 200
i 1420 1 1 23438
i 1203 1 1 15625
i 23490 1 1 798
i 1189 1 1 7812
i 888 1 1 23438
i 559 3 3 15625
i 556 4 4 23438
i 562 4 4 7812
i 564 2 2 7812
i 554 7 7 7812
i 199 1 1 58480
i 201 1 1 43860
i 203 1 1 33003
i 21257 1 1 3322
i 205 1 1 25641
i 207 1 1 20161
i 209 1 1 14641
i 211 1 1 10989
i 213 1 1 9158
i 215 1 1 7326
i 2485 1 1 5495
i 217 1 1 5495
i 995 10 10 312500
i 995 18 18 164062
i 995 26 26 62500
i 995 35 35 46875
i 995 1 1 15625
i 313 7 7 203125
i 590 1 1 15625
i 221 1 1 7812
i 438 1 1 7812
i 1139 1 1 31250
i 7863 1 1 250000
i 1291 1 1 7812
i 6807 1 1 200
i 1189 1 1 15625
i 1203 1 1 15625
i 1420 1 1 7812
i 564 2 2 46875
i 562 4 4 39062
i 556 3 3 23438
i 559 3 3 23438
i 554 7 7 7812
i 1349 1 1 7812
i 199 1 1 25381
i 201 1 1 19048
i 203 1 1 14286
i 205 1 1 11111
i 207 1 1 8726
i 209 1 1 6349
i 211 1 1 4760
i 213 1 1 3967
i 215 1 1 3174
i 2485 1 1 2380
end
npc 60 # Zombie (lvl 24)
g 526 1 1
g 526 1 1
g 526 1 1
g 526 1 1
g 526 1 1
t 1 main
i 1623 1 1 5000
i 1621 1 1 2500
i 1619 1 1 1250
i 1452 1 1 469
i 1462 1 1 469
i 1617 1 1 312
i 830 5 5 156
i 987 1 1 156
i 985 1 1 156
i 1247 1 1 10
i 2366 1 1 5
i 1249 1 1 4
i 1623 1 1 1953
i 1621 1 1 977
i 1619 1 1 488
i 1452 1 1 183
i 1462 1 1 183
i 1617 1 1 122
i 830 5 5 61
i 987 1 1 61
i 985 1 1 61
i 1247 1 1 4
i 2366 1 1 2
i 1249 1 1 1
i 884 5 5 54688
i 217 1 1 2380
i 995 10 10 148438
i 995 26 26 39062
i 995 35 35 31250
i 995 1 1 15625
i 995 18 18 7812
i 313 3 3 328125
i 11940 3 3 328125
i 313 4 4 195312
i 11940 4 4 195312
i 559 6 6 39062
i 313 7 7 23438
i 11940 7 7 23438
i 221 1 1 15625
i 590 1 1 7812
i 558 5 5 39062
i 7863 1 1 250000
i 6807 1 1 200
i 23490 1 1 798
i 21257 1 1 3322
i 556 13 13 31250
i 886 5 14 200000
i 559 7 7 100000
i 199 1 1 10000
i 201 1 1 7502
i 203 1 1 5624
i 205 1 1 4374
i 207 1 1 3438
i 209 1 1 2500
i 211 1 1 1875
i 213 1 1 1562
i 884 8 8 31250
i 215 1 1 1250
i 2485 1 1 937
i 217 1 1 937
i 995 5 84 100000
i 995 10 10 40000
i 1917 1 1 100000
i 592 1 1 40000
i 886 5 5 15625
i 6807 1 1 200
i 561 6 6 7812
i 199 1 1 48780
i 201 1 1 36630
i 203 1 1 27473
i 7863 1 1 250000
i 205 1 1 21368
i 207 1 1 16779
i 209 1 1 12210
i 211 1 1 9158
i 213 1 1 7628
i 215 1 1 6105
i 2485 1 1 4577
i 217 1 1 4577
i 995 10 10 281250
i 995 4 4 31250
i 6807 1 1 200
i 995 18 18 23438
i 995 13 13 15625
i 995 28 28 15625
i 313 5 5 289062
i 436 1 1 15625
i 7863 1 1 250000
i 6807 1 1 200
i 1420 1 1 23438
i 1203 1 1 15625
i 23490 1 1 798
i 1189 1 1 7812
i 888 1 1 23438
i 559 3 3 15625
i 556 4 4 23438
i 562 4 4 7812
i 564 2 2 7812
i 554 7 7 7812
i 199 1 1 58480
i 201 1 1 43860
i 203 1 1 33003
i 21257 1 1 3322
i 205 1 1 25641
i 207 1 1 20161
i 209 1 1 14641
i 211 1 1 10989
i 213 1 1 9158
i 215 1 1 7326
i 2485 1 1 5495
i 217 1 1 5495
i 995 10 10 312500
i 995 18 18 164062
i 995 26 26 62500
i 995 35 35 46875
i 995 1 1 15625
i 313 7 7 203125
i 590 1 1 15625
i 221 1 1 7812
i 438 1 1 7812
i 1139 1 1 31250
i 7863 1 1 250000
i 1291 1 1 7812
i 6807 1 1 200
i 1189 1 1 15625
i 1203 1 1 15625
i 1420 1 1 7812
i 564 2 2 46875
i 562 4 4 39062
i 556 3 3 23438
i 559 3 3 23438
i 554 7 7 7812
i 1349 1 1 7812
i 199 1 1 25381
i 201 1 1 19048
i 203 1 1 14286
i 205 1 1 11111
i 207 1 1 8726
i 209 1 1 6349
i 211 1 1 4760
i 213 1 1 3967
i 215 1 1 3174
i 2485 1 1 2380
end
npc 61 # Zombie (lvl 24)
g 526 1 1
g 526 1 1
g 526 1 1
g 526 1 1
g 526 1 1
t 1 main
i 1623 1 1 5000
i 1621 1 1 2500
i 1619 1 1 1250
i 1452 1 1 469
i 1462 1 1 469
i 1617 1 1 312
i 830 5 5 156
i 987 1 1 156
i 985 1 1 156
i 1247 1 1 10
i 2366 1 1 5
i 1249 1 1 4
i 1623 1 1 1953
i 1621 1 1 977
i 1619 1 1 488
i 1452 1 1 183
i 1462 1 1 183
i 1617 1 1 122
i 830 5 5 61
i 987 1 1 61
i 985 1 1 61
i 1247 1 1 4
i 2366 1 1 2
i 1249 1 1 1
i 884 5 5 54688
i 217 1 1 2380
i 995 10 10 148438
i 995 26 26 39062
i 995 35 35 31250
i 995 1 1 15625
i 995 18 18 7812
i 313 3 3 328125
i 11940 3 3 328125
i 313 4 4 195312
i 11940 4 4 195312
i 559 6 6 39062
i 313 7 7 23438
i 11940 7 7 23438
i 221 1 1 15625
i 590 1 1 7812
i 558 5 5 39062
i 7863 1 1 250000
i 6807 1 1 200
i 23490 1 1 798
i 21257 1 1 3322
i 556 13 13 31250
i 886 5 14 200000
i 559 7 7 100000
i 199 1 1 10000
i 201 1 1 7502
i 203 1 1 5624
i 205 1 1 4374
i 207 1 1 3438
i 209 1 1 2500
i 211 1 1 1875
i 213 1 1 1562
i 884 8 8 31250
i 215 1 1 1250
i 2485 1 1 937
i 217 1 1 937
i 995 5 84 100000
i 995 10 10 40000
i 1917 1 1 100000
i 592 1 1 40000
i 886 5 5 15625
i 6807 1 1 200
i 561 6 6 7812
i 199 1 1 48780
i 201 1 1 36630
i 203 1 1 27473
i 7863 1 1 250000
i 205 1 1 21368
i 207 1 1 16779
i 209 1 1 12210
i 211 1 1 9158
i 213 1 1 7628
i 215 1 1 6105
i 2485 1 1 4577
i 217 1 1 4577
i 995 10 10 281250
i 995 4 4 31250
i 6807 1 1 200
i 995 18 18 23438
i 995 13 13 15625
i 995 28 28 15625
i 313 5 5 289062
i 436 1 1 15625
i 7863 1 1 250000
i 6807 1 1 200
i 1420 1 1 23438
i 1203 1 1 15625
i 23490 1 1 798
i 1189 1 1 7812
i 888 1 1 23438
i 559 3 3 15625
i 556 4 4 23438
i 562 4 4 7812
i 564 2 2 7812
i 554 7 7 7812
i 199 1 1 58480
i 201 1 1 43860
i 203 1 1 33003
i 21257 1 1 3322
i 205 1 1 25641
i 207 1 1 20161
i 209 1 1 14641
i 211 1 1 10989
i 213 1 1 9158
i 215 1 1 7326
i 2485 1 1 5495
i 217 1 1 5495
i 995 10 10 312500
i 995 18 18 164062
i 995 26 26 62500
i 995 35 35 46875
i 995 1 1 15625
i 313 7 7 203125
i 590 1 1 15625
i 221 1 1 7812
i 438 1 1 7812
i 1139 1 1 31250
i 7863 1 1 250000
i 1291 1 1 7812
i 6807 1 1 200
i 1189 1 1 15625
i 1203 1 1 15625
i 1420 1 1 7812
i 564 2 2 46875
i 562 4 4 39062
i 556 3 3 23438
i 559 3 3 23438
i 554 7 7 7812
i 1349 1 1 7812
i 199 1 1 25381
i 201 1 1 19048
i 203 1 1 14286
i 205 1 1 11111
i 207 1 1 8726
i 209 1 1 6349
i 211 1 1 4760
i 213 1 1 3967
i 215 1 1 3174
i 2485 1 1 2380
end
npc 62 # Zombie (lvl 24)
g 526 1 1
g 526 1 1
g 526 1 1
g 526 1 1
g 526 1 1
t 1 main
i 1623 1 1 5000
i 1621 1 1 2500
i 1619 1 1 1250
i 1452 1 1 469
i 1462 1 1 469
i 1617 1 1 312
i 830 5 5 156
i 987 1 1 156
i 985 1 1 156
i 1247 1 1 10
i 2366 1 1 5
i 1249 1 1 4
i 1623 1 1 1953
i 1621 1 1 977
i 1619 1 1 488
i 1452 1 1 183
i 1462 1 1 183
i 1617 1 1 122
i 830 5 5 61
i 987 1 1 61
i 985 1 1 61
i 1247 1 1 4
i 2366 1 1 2
i 1249 1 1 1
i 884 5 5 54688
i 217 1 1 2380
i 995 10 10 148438
i 995 26 26 39062
i 995 35 35 31250
i 995 1 1 15625
i 995 18 18 7812
i 313 3 3 328125
i 11940 3 3 328125
i 313 4 4 195312
i 11940 4 4 195312
i 559 6 6 39062
i 313 7 7 23438
i 11940 7 7 23438
i 221 1 1 15625
i 590 1 1 7812
i 558 5 5 39062
i 7863 1 1 250000
i 6807 1 1 200
i 23490 1 1 798
i 21257 1 1 3322
i 556 13 13 31250
i 886 5 14 200000
i 559 7 7 100000
i 199 1 1 10000
i 201 1 1 7502
i 203 1 1 5624
i 205 1 1 4374
i 207 1 1 3438
i 209 1 1 2500
i 211 1 1 1875
i 213 1 1 1562
i 884 8 8 31250
i 215 1 1 1250
i 2485 1 1 937
i 217 1 1 937
i 995 5 84 100000
i 995 10 10 40000
i 1917 1 1 100000
i 592 1 1 40000
i 886 5 5 15625
i 6807 1 1 200
i 561 6 6 7812
i 199 1 1 48780
i 201 1 1 36630
i 203 1 1 27473
i 7863 1 1 250000
i 205 1 1 21368
i 207 1 1 16779
i 209 1 1 12210
i 211 1 1 9158
i 213 1 1 7628
i 215 1 1 6105
i 2485 1 1 4577
i 217 1 1 4577
i 995 10 10 281250
i 995 4 4 31250
i 6807 1 1 200
i 995 18 18 23438
i 995 13 13 15625
i 995 28 28 15625
i 313 5 5 289062
i 436 1 1 15625
i 7863 1 1 250000
i 6807 1 1 200
i 1420 1 1 23438
i 1203 1 1 15625
i 23490 1 1 798
i 1189 1 1 7812
i 888 1 1 23438
i 559 3 3 15625
i 556 4 4 23438
i 562 4 4 7812
i 564 2 2 7812
i 554 7 7 7812
i 199 1 1 58480
i 201 1 1 43860
i 203 1 1 33003
i 21257 1 1 3322
i 205 1 1 25641
i 207 1 1 20161
i 209 1 1 14641
i 211 1 1 10989
i 213 1 1 9158
i 215 1 1 7326
i 2485 1 1 5495
i 217 1 1 5495
i 995 10 10 312500
i 995 18 18 164062
i 995 26 26 62500
i 995 35 35 46875
i 995 1 1 15625
i 313 7 7 203125
i 590 1 1 15625
i 221 1 1 7812
i 438 1 1 7812
i 1139 1 1 31250
i 7863 1 1 250000
i 1291 1 1 7812
i 6807 1 1 200
i 1189 1 1 15625
i 1203 1 1 15625
i 1420 1 1 7812
i 564 2 2 46875
i 562 4 4 39062
i 556 3 3 23438
i 559 3 3 23438
i 554 7 7 7812
i 1349 1 1 7812
i 199 1 1 25381
i 201 1 1 19048
i 203 1 1 14286
i 205 1 1 11111
i 207 1 1 8726
i 209 1 1 6349
i 211 1 1 4760
i 213 1 1 3967
i 215 1 1 3174
i 2485 1 1 2380
end
npc 63 # Zombie (lvl 24)
g 526 1 1
g 526 1 1
g 526 1 1
g 526 1 1
g 526 1 1
t 1 main
i 1623 1 1 5000
i 1621 1 1 2500
i 1619 1 1 1250
i 1452 1 1 469
i 1462 1 1 469
i 1617 1 1 312
i 830 5 5 156
i 987 1 1 156
i 985 1 1 156
i 1247 1 1 10
i 2366 1 1 5
i 1249 1 1 4
i 1623 1 1 1953
i 1621 1 1 977
i 1619 1 1 488
i 1452 1 1 183
i 1462 1 1 183
i 1617 1 1 122
i 830 5 5 61
i 987 1 1 61
i 985 1 1 61
i 1247 1 1 4
i 2366 1 1 2
i 1249 1 1 1
i 884 5 5 54688
i 217 1 1 2380
i 995 10 10 148438
i 995 26 26 39062
i 995 35 35 31250
i 995 1 1 15625
i 995 18 18 7812
i 313 3 3 328125
i 11940 3 3 328125
i 313 4 4 195312
i 11940 4 4 195312
i 559 6 6 39062
i 313 7 7 23438
i 11940 7 7 23438
i 221 1 1 15625
i 590 1 1 7812
i 558 5 5 39062
i 7863 1 1 250000
i 6807 1 1 200
i 23490 1 1 798
i 21257 1 1 3322
i 556 13 13 31250
i 886 5 14 200000
i 559 7 7 100000
i 199 1 1 10000
i 201 1 1 7502
i 203 1 1 5624
i 205 1 1 4374
i 207 1 1 3438
i 209 1 1 2500
i 211 1 1 1875
i 213 1 1 1562
i 884 8 8 31250
i 215 1 1 1250
i 2485 1 1 937
i 217 1 1 937
i 995 5 84 100000
i 995 10 10 40000
i 1917 1 1 100000
i 592 1 1 40000
i 886 5 5 15625
i 6807 1 1 200
i 561 6 6 7812
i 199 1 1 48780
i 201 1 1 36630
i 203 1 1 27473
i 7863 1 1 250000
i 205 1 1 21368
i 207 1 1 16779
i 209 1 1 12210
i 211 1 1 9158
i 213 1 1 7628
i 215 1 1 6105
i 2485 1 1 4577
i 217 1 1 4577
i 995 10 10 281250
i 995 4 4 31250
i 6807 1 1 200
i 995 18 18 23438
i 995 13 13 15625
i 995 28 28 15625
i 313 5 5 289062
i 436 1 1 15625
i 7863 1 1 250000
i 6807 1 1 200
i 1420 1 1 23438
i 1203 1 1 15625
i 23490 1 1 798
i 1189 1 1 7812
i 888 1 1 23438
i 559 3 3 15625
i 556 4 4 23438
i 562 4 4 7812
i 564 2 2 7812
i 554 7 7 7812
i 199 1 1 58480
i 201 1 1 43860
i 203 1 1 33003
i 21257 1 1 3322
i 205 1 1 25641
i 207 1 1 20161
i 209 1 1 14641
i 211 1 1 10989
i 213 1 1 9158
i 215 1 1 7326
i 2485 1 1 5495
i 217 1 1 5495
i 995 10 10 312500
i 995 18 18 164062
i 995 26 26 62500
i 995 35 35 46875
i 995 1 1 15625
i 313 7 7 203125
i 590 1 1 15625
i 221 1 1 7812
i 438 1 1 7812
i 1139 1 1 31250
i 7863 1 1 250000
i 1291 1 1 7812
i 6807 1 1 200
i 1189 1 1 15625
i 1203 1 1 15625
i 1420 1 1 7812
i 564 2 2 46875
i 562 4 4 39062
i 556 3 3 23438
i 559 3 3 23438
i 554 7 7 7812
i 1349 1 1 7812
i 199 1 1 25381
i 201 1 1 19048
i 203 1 1 14286
i 205 1 1 11111
i 207 1 1 8726
i 209 1 1 6349
i 211 1 1 4760
i 213 1 1 3967
i 215 1 1 3174
i 2485 1 1 2380
end
npc 64 # Zombie (lvl 25)
g 526 1 1
g 526 1 1
g 526 1 1
g 526 1 1
g 526 1 1
t 1 main
i 1623 1 1 5000
i 1621 1 1 2500
i 1619 1 1 1250
i 1452 1 1 469
i 1462 1 1 469
i 1617 1 1 312
i 830 5 5 156
i 987 1 1 156
i 985 1 1 156
i 1247 1 1 10
i 2366 1 1 5
i 1249 1 1 4
i 1623 1 1 1953
i 1621 1 1 977
i 1619 1 1 488
i 1452 1 1 183
i 1462 1 1 183
i 1617 1 1 122
i 830 5 5 61
i 987 1 1 61
i 985 1 1 61
i 1247 1 1 4
i 2366 1 1 2
i 1249 1 1 1
i 884 5 5 54688
i 217 1 1 2380
i 995 10 10 148438
i 995 26 26 39062
i 995 35 35 31250
i 995 1 1 15625
i 995 18 18 7812
i 313 3 3 328125
i 11940 3 3 328125
i 313 4 4 195312
i 11940 4 4 195312
i 559 6 6 39062
i 313 7 7 23438
i 11940 7 7 23438
i 221 1 1 15625
i 590 1 1 7812
i 558 5 5 39062
i 7863 1 1 250000
i 6807 1 1 200
i 23490 1 1 798
i 21257 1 1 3322
i 556 13 13 31250
i 886 5 14 200000
i 559 7 7 100000
i 199 1 1 10000
i 201 1 1 7502
i 203 1 1 5624
i 205 1 1 4374
i 207 1 1 3438
i 209 1 1 2500
i 211 1 1 1875
i 213 1 1 1562
i 884 8 8 31250
i 215 1 1 1250
i 2485 1 1 937
i 217 1 1 937
i 995 5 84 100000
i 995 10 10 40000
i 1917 1 1 100000
i 592 1 1 40000
i 886 5 5 15625
i 6807 1 1 200
i 561 6 6 7812
i 199 1 1 48780
i 201 1 1 36630
i 203 1 1 27473
i 7863 1 1 250000
i 205 1 1 21368
i 207 1 1 16779
i 209 1 1 12210
i 211 1 1 9158
i 213 1 1 7628
i 215 1 1 6105
i 2485 1 1 4577
i 217 1 1 4577
i 995 10 10 281250
i 995 4 4 31250
i 6807 1 1 200
i 995 18 18 23438
i 995 13 13 15625
i 995 28 28 15625
i 313 5 5 289062
i 436 1 1 15625
i 7863 1 1 250000
i 6807 1 1 200
i 1420 1 1 23438
i 1203 1 1 15625
i 23490 1 1 798
i 1189 1 1 7812
i 888 1 1 23438
i 559 3 3 15625
i 556 4 4 23438
i 562 4 4 7812
i 564 2 2 7812
i 554 7 7 7812
i 199 1 1 58480
i 201 1 1 43860
i 203 1 1 33003
i 21257 1 1 3322
i 205 1 1 25641
i 207 1 1 20161
i 209 1 1 14641
i 211 1 1 10989
i 213 1 1 9158
i 215 1 1 7326
i 2485 1 1 5495
i 217 1 1 5495
i 995 10 10 312500
i 995 18 18 164062
i 995 26 26 62500
i 995 35 35 46875
i 995 1 1 15625
i 313 7 7 203125
i 590 1 1 15625
i 221 1 1 7812
i 438 1 1 7812
i 1139 1 1 31250
i 7863 1 1 250000
i 1291 1 1 7812
i 6807 1 1 200
i 1189 1 1 15625
i 1203 1 1 15625
i 1420 1 1 7812
i 564 2 2 46875
i 562 4 4 39062
i 556 3 3 23438
i 559 3 3 23438
i 554 7 7 7812
i 1349 1 1 7812
i 199 1 1 25381
i 201 1 1 19048
i 203 1 1 14286
i 205 1 1 11111
i 207 1 1 8726
i 209 1 1 6349
i 211 1 1 4760
i 213 1 1 3967
i 215 1 1 3174
i 2485 1 1 2380
end
npc 65 # Zombie (lvl 25)
g 526 1 1
g 526 1 1
g 526 1 1
g 526 1 1
g 526 1 1
t 1 main
i 1623 1 1 5000
i 1621 1 1 2500
i 1619 1 1 1250
i 1452 1 1 469
i 1462 1 1 469
i 1617 1 1 312
i 830 5 5 156
i 987 1 1 156
i 985 1 1 156
i 1247 1 1 10
i 2366 1 1 5
i 1249 1 1 4
i 1623 1 1 1953
i 1621 1 1 977
i 1619 1 1 488
i 1452 1 1 183
i 1462 1 1 183
i 1617 1 1 122
i 830 5 5 61
i 987 1 1 61
i 985 1 1 61
i 1247 1 1 4
i 2366 1 1 2
i 1249 1 1 1
i 884 5 5 54688
i 217 1 1 2380
i 995 10 10 148438
i 995 26 26 39062
i 995 35 35 31250
i 995 1 1 15625
i 995 18 18 7812
i 313 3 3 328125
i 11940 3 3 328125
i 313 4 4 195312
i 11940 4 4 195312
i 559 6 6 39062
i 313 7 7 23438
i 11940 7 7 23438
i 221 1 1 15625
i 590 1 1 7812
i 558 5 5 39062
i 7863 1 1 250000
i 6807 1 1 200
i 23490 1 1 798
i 21257 1 1 3322
i 556 13 13 31250
i 886 5 14 200000
i 559 7 7 100000
i 199 1 1 10000
i 201 1 1 7502
i 203 1 1 5624
i 205 1 1 4374
i 207 1 1 3438
i 209 1 1 2500
i 211 1 1 1875
i 213 1 1 1562
i 884 8 8 31250
i 215 1 1 1250
i 2485 1 1 937
i 217 1 1 937
i 995 5 84 100000
i 995 10 10 40000
i 1917 1 1 100000
i 592 1 1 40000
i 886 5 5 15625
i 6807 1 1 200
i 561 6 6 7812
i 199 1 1 48780
i 201 1 1 36630
i 203 1 1 27473
i 7863 1 1 250000
i 205 1 1 21368
i 207 1 1 16779
i 209 1 1 12210
i 211 1 1 9158
i 213 1 1 7628
i 215 1 1 6105
i 2485 1 1 4577
i 217 1 1 4577
i 995 10 10 281250
i 995 4 4 31250
i 6807 1 1 200
i 995 18 18 23438
i 995 13 13 15625
i 995 28 28 15625
i 313 5 5 289062
i 436 1 1 15625
i 7863 1 1 250000
i 6807 1 1 200
i 1420 1 1 23438
i 1203 1 1 15625
i 23490 1 1 798
i 1189 1 1 7812
i 888 1 1 23438
i 559 3 3 15625
i 556 4 4 23438
i 562 4 4 7812
i 564 2 2 7812
i 554 7 7 7812
i 199 1 1 58480
i 201 1 1 43860
i 203 1 1 33003
i 21257 1 1 3322
i 205 1 1 25641
i 207 1 1 20161
i 209 1 1 14641
i 211 1 1 10989
i 213 1 1 9158
i 215 1 1 7326
i 2485 1 1 5495
i 217 1 1 5495
i 995 10 10 312500
i 995 18 18 164062
i 995 26 26 62500
i 995 35 35 46875
i 995 1 1 15625
i 313 7 7 203125
i 590 1 1 15625
i 221 1 1 7812
i 438 1 1 7812
i 1139 1 1 31250
i 7863 1 1 250000
i 1291 1 1 7812
i 6807 1 1 200
i 1189 1 1 15625
i 1203 1 1 15625
i 1420 1 1 7812
i 564 2 2 46875
i 562 4 4 39062
i 556 3 3 23438
i 559 3 3 23438
i 554 7 7 7812
i 1349 1 1 7812
i 199 1 1 25381
i 201 1 1 19048
i 203 1 1 14286
i 205 1 1 11111
i 207 1 1 8726
i 209 1 1 6349
i 211 1 1 4760
i 213 1 1 3967
i 215 1 1 3174
i 2485 1 1 2380
end
npc 66 # Zombie (lvl 25)
g 526 1 1
g 526 1 1
g 526 1 1
g 526 1 1
g 526 1 1
t 1 main
i 1623 1 1 5000
i 1621 1 1 2500
i 1619 1 1 1250
i 1452 1 1 469
i 1462 1 1 469
i 1617 1 1 312
i 830 5 5 156
i 987 1 1 156
i 985 1 1 156
i 1247 1 1 10
i 2366 1 1 5
i 1249 1 1 4
i 1623 1 1 1953
i 1621 1 1 977
i 1619 1 1 488
i 1452 1 1 183
i 1462 1 1 183
i 1617 1 1 122
i 830 5 5 61
i 987 1 1 61
i 985 1 1 61
i 1247 1 1 4
i 2366 1 1 2
i 1249 1 1 1
i 884 5 5 54688
i 217 1 1 2380
i 995 10 10 148438
i 995 26 26 39062
i 995 35 35 31250
i 995 1 1 15625
i 995 18 18 7812
i 313 3 3 328125
i 11940 3 3 328125
i 313 4 4 195312
i 11940 4 4 195312
i 559 6 6 39062
i 313 7 7 23438
i 11940 7 7 23438
i 221 1 1 15625
i 590 1 1 7812
i 558 5 5 39062
i 7863 1 1 250000
i 6807 1 1 200
i 23490 1 1 798
i 21257 1 1 3322
i 556 13 13 31250
i 886 5 14 200000
i 559 7 7 100000
i 199 1 1 10000
i 201 1 1 7502
i 203 1 1 5624
i 205 1 1 4374
i 207 1 1 3438
i 209 1 1 2500
i 211 1 1 1875
i 213 1 1 1562
i 884 8 8 31250
i 215 1 1 1250
i 2485 1 1 937
i 217 1 1 937
i 995 5 84 100000
i 995 10 10 40000
i 1917 1 1 100000
i 592 1 1 40000
i 886 5 5 15625
i 6807 1 1 200
i 561 6 6 7812
i 199 1 1 48780
i 201 1 1 36630
i 203 1 1 27473
i 7863 1 1 250000
i 205 1 1 21368
i 207 1 1 16779
i 209 1 1 12210
i 211 1 1 9158
i 213 1 1 7628
i 215 1 1 6105
i 2485 1 1 4577
i 217 1 1 4577
i 995 10 10 281250
i 995 4 4 31250
i 6807 1 1 200
i 995 18 18 23438
i 995 13 13 15625
i 995 28 28 15625
i 313 5 5 289062
i 436 1 1 15625
i 7863 1 1 250000
i 6807 1 1 200
i 1420 1 1 23438
i 1203 1 1 15625
i 23490 1 1 798
i 1189 1 1 7812
i 888 1 1 23438
i 559 3 3 15625
i 556 4 4 23438
i 562 4 4 7812
i 564 2 2 7812
i 554 7 7 7812
i 199 1 1 58480
i 201 1 1 43860
i 203 1 1 33003
i 21257 1 1 3322
i 205 1 1 25641
i 207 1 1 20161
i 209 1 1 14641
i 211 1 1 10989
i 213 1 1 9158
i 215 1 1 7326
i 2485 1 1 5495
i 217 1 1 5495
i 995 10 10 312500
i 995 18 18 164062
i 995 26 26 62500
i 995 35 35 46875
i 995 1 1 15625
i 313 7 7 203125
i 590 1 1 15625
i 221 1 1 7812
i 438 1 1 7812
i 1139 1 1 31250
i 7863 1 1 250000
i 1291 1 1 7812
i 6807 1 1 200
i 1189 1 1 15625
i 1203 1 1 15625
i 1420 1 1 7812
i 564 2 2 46875
i 562 4 4 39062
i 556 3 3 23438
i 559 3 3 23438
i 554 7 7 7812
i 1349 1 1 7812
i 199 1 1 25381
i 201 1 1 19048
i 203 1 1 14286
i 205 1 1 11111
i 207 1 1 8726
i 209 1 1 6349
i 211 1 1 4760
i 213 1 1 3967
i 215 1 1 3174
i 2485 1 1 2380
end
npc 67 # Zombie (lvl 25)
g 526 1 1
g 526 1 1
g 526 1 1
g 526 1 1
g 526 1 1
t 1 main
i 1623 1 1 5000
i 1621 1 1 2500
i 1619 1 1 1250
i 1452 1 1 469
i 1462 1 1 469
i 1617 1 1 312
i 830 5 5 156
i 987 1 1 156
i 985 1 1 156
i 1247 1 1 10
i 2366 1 1 5
i 1249 1 1 4
i 1623 1 1 1953
i 1621 1 1 977
i 1619 1 1 488
i 1452 1 1 183
i 1462 1 1 183
i 1617 1 1 122
i 830 5 5 61
i 987 1 1 61
i 985 1 1 61
i 1247 1 1 4
i 2366 1 1 2
i 1249 1 1 1
i 884 5 5 54688
i 217 1 1 2380
i 995 10 10 148438
i 995 26 26 39062
i 995 35 35 31250
i 995 1 1 15625
i 995 18 18 7812
i 313 3 3 328125
i 11940 3 3 328125
i 313 4 4 195312
i 11940 4 4 195312
i 559 6 6 39062
i 313 7 7 23438
i 11940 7 7 23438
i 221 1 1 15625
i 590 1 1 7812
i 558 5 5 39062
i 7863 1 1 250000
i 6807 1 1 200
i 23490 1 1 798
i 21257 1 1 3322
i 556 13 13 31250
i 886 5 14 200000
i 559 7 7 100000
i 199 1 1 10000
i 201 1 1 7502
i 203 1 1 5624
i 205 1 1 4374
i 207 1 1 3438
i 209 1 1 2500
i 211 1 1 1875
i 213 1 1 1562
i 884 8 8 31250
i 215 1 1 1250
i 2485 1 1 937
i 217 1 1 937
i 995 5 84 100000
i 995 10 10 40000
i 1917 1 1 100000
i 592 1 1 40000
i 886 5 5 15625
i 6807 1 1 200
i 561 6 6 7812
i 199 1 1 48780
i 201 1 1 36630
i 203 1 1 27473
i 7863 1 1 250000
i 205 1 1 21368
i 207 1 1 16779
i 209 1 1 12210
i 211 1 1 9158
i 213 1 1 7628
i 215 1 1 6105
i 2485 1 1 4577
i 217 1 1 4577
i 995 10 10 281250
i 995 4 4 31250
i 6807 1 1 200
i 995 18 18 23438
i 995 13 13 15625
i 995 28 28 15625
i 313 5 5 289062
i 436 1 1 15625
i 7863 1 1 250000
i 6807 1 1 200
i 1420 1 1 23438
i 1203 1 1 15625
i 23490 1 1 798
i 1189 1 1 7812
i 888 1 1 23438
i 559 3 3 15625
i 556 4 4 23438
i 562 4 4 7812
i 564 2 2 7812
i 554 7 7 7812
i 199 1 1 58480
i 201 1 1 43860
i 203 1 1 33003
i 21257 1 1 3322
i 205 1 1 25641
i 207 1 1 20161
i 209 1 1 14641
i 211 1 1 10989
i 213 1 1 9158
i 215 1 1 7326
i 2485 1 1 5495
i 217 1 1 5495
i 995 10 10 312500
i 995 18 18 164062
i 995 26 26 62500
i 995 35 35 46875
i 995 1 1 15625
i 313 7 7 203125
i 590 1 1 15625
i 221 1 1 7812
i 438 1 1 7812
i 1139 1 1 31250
i 7863 1 1 250000
i 1291 1 1 7812
i 6807 1 1 200
i 1189 1 1 15625
i 1203 1 1 15625
i 1420 1 1 7812
i 564 2 2 46875
i 562 4 4 39062
i 556 3 3 23438
i 559 3 3 23438
i 554 7 7 7812
i 1349 1 1 7812
i 199 1 1 25381
i 201 1 1 19048
i 203 1 1 14286
i 205 1 1 11111
i 207 1 1 8726
i 209 1 1 6349
i 211 1 1 4760
i 213 1 1 3967
i 215 1 1 3174
i 2485 1 1 2380
end
npc 68 # Zombie (lvl 25)
g 526 1 1
g 526 1 1
g 526 1 1
g 526 1 1
g 526 1 1
t 1 main
i 1623 1 1 5000
i 1621 1 1 2500
i 1619 1 1 1250
i 1452 1 1 469
i 1462 1 1 469
i 1617 1 1 312
i 830 5 5 156
i 987 1 1 156
i 985 1 1 156
i 1247 1 1 10
i 2366 1 1 5
i 1249 1 1 4
i 1623 1 1 1953
i 1621 1 1 977
i 1619 1 1 488
i 1452 1 1 183
i 1462 1 1 183
i 1617 1 1 122
i 830 5 5 61
i 987 1 1 61
i 985 1 1 61
i 1247 1 1 4
i 2366 1 1 2
i 1249 1 1 1
i 884 5 5 54688
i 217 1 1 2380
i 995 10 10 148438
i 995 26 26 39062
i 995 35 35 31250
i 995 1 1 15625
i 995 18 18 7812
i 313 3 3 328125
i 11940 3 3 328125
i 313 4 4 195312
i 11940 4 4 195312
i 559 6 6 39062
i 313 7 7 23438
i 11940 7 7 23438
i 221 1 1 15625
i 590 1 1 7812
i 558 5 5 39062
i 7863 1 1 250000
i 6807 1 1 200
i 23490 1 1 798
i 21257 1 1 3322
i 556 13 13 31250
i 886 5 14 200000
i 559 7 7 100000
i 199 1 1 10000
i 201 1 1 7502
i 203 1 1 5624
i 205 1 1 4374
i 207 1 1 3438
i 209 1 1 2500
i 211 1 1 1875
i 213 1 1 1562
i 884 8 8 31250
i 215 1 1 1250
i 2485 1 1 937
i 217 1 1 937
i 995 5 84 100000
i 995 10 10 40000
i 1917 1 1 100000
i 592 1 1 40000
i 886 5 5 15625
i 6807 1 1 200
i 561 6 6 7812
i 199 1 1 48780
i 201 1 1 36630
i 203 1 1 27473
i 7863 1 1 250000
i 205 1 1 21368
i 207 1 1 16779
i 209 1 1 12210
i 211 1 1 9158
i 213 1 1 7628
i 215 1 1 6105
i 2485 1 1 4577
i 217 1 1 4577
i 995 10 10 281250
i 995 4 4 31250
i 6807 1 1 200
i 995 18 18 23438
i 995 13 13 15625
i 995 28 28 15625
i 313 5 5 289062
i 436 1 1 15625
i 7863 1 1 250000
i 6807 1 1 200
i 1420 1 1 23438
i 1203 1 1 15625
i 23490 1 1 798
i 1189 1 1 7812
i 888 1 1 23438
i 559 3 3 15625
i 556 4 4 23438
i 562 4 4 7812
i 564 2 2 7812
i 554 7 7 7812
i 199 1 1 58480
i 201 1 1 43860
i 203 1 1 33003
i 21257 1 1 3322
i 205 1 1 25641
i 207 1 1 20161
i 209 1 1 14641
i 211 1 1 10989
i 213 1 1 9158
i 215 1 1 7326
i 2485 1 1 5495
i 217 1 1 5495
i 995 10 10 312500
i 995 18 18 164062
i 995 26 26 62500
i 995 35 35 46875
i 995 1 1 15625
i 313 7 7 203125
i 590 1 1 15625
i 221 1 1 7812
i 438 1 1 7812
i 1139 1 1 31250
i 7863 1 1 250000
i 1291 1 1 7812
i 6807 1 1 200
i 1189 1 1 15625
i 1203 1 1 15625
i 1420 1 1 7812
i 564 2 2 46875
i 562 4 4 39062
i 556 3 3 23438
i 559 3 3 23438
i 554 7 7 7812
i 1349 1 1 7812
i 199 1 1 25381
i 201 1 1 19048
i 203 1 1 14286
i 205 1 1 11111
i 207 1 1 8726
i 209 1 1 6349
i 211 1 1 4760
i 213 1 1 3967
i 215 1 1 3174
i 2485 1 1 2380
end
npc 69 # Summoned Zombie (lvl 13)
g 526 1 1
t 1 main
i 6807 1 1 200
end
npc 70 # Skeleton (lvl 22)
g 526 1 1
t 1 main
i 1623 1 1 1953
i 1621 1 1 977
i 1619 1 1 488
i 1452 1 1 183
i 1462 1 1 183
i 1617 1 1 122
i 830 5 5 61
i 987 1 1 61
i 985 1 1 61
i 1247 1 1 4
i 2366 1 1 2
i 1249 1 1 1
i 556 12 12 15625
i 557 3 3 15625
i 554 2 2 15625
i 562 3 3 15625
i 561 3 3 7812
i 886 1 1 7812
i 995 10 10 164062
i 995 2 2 140625
i 995 12 12 117188
i 995 4 4 54688
i 995 16 16 31250
i 995 25 25 31250
i 995 33 33 31250
i 995 48 48 7812
i 1203 1 1 46875
i 1442 1 1 15625
i 440 1 1 7812
i 1947 1 1 7812
i 11941 1 1 71429
i 23182 1 1 10000
i 6806 1 1 200
i 19677 1 1 3185
i 19679 1 1 2123
i 19681 1 1 2123
i 19683 1 1 2123
i 23490 1 1 902
i 21257 1 1 3322
i 882 2 2 54688
i 882 5 5 31250
i 884 1 1 31250
end
npc 71 # Skeleton (lvl 22)
g 526 1 1
t 1 main
i 1623 1 1 1953
i 1621 1 1 977
i 1619 1 1 488
i 1452 1 1 183
i 1462 1 1 183
i 1617 1 1 122
i 830 5 5 61
i 987 1 1 61
i 985 1 1 61
i 1247 1 1 4
i 2366 1 1 2
i 1249 1 1 1
i 556 12 12 15625
i 557 3 3 15625
i 554 2 2 15625
i 562 3 3 15625
i 561 3 3 7812
i 886 1 1 7812
i 995 10 10 164062
i 995 2 2 140625
i 995 12 12 117188
i 995 4 4 54688
i 995 16 16 31250
i 995 25 25 31250
i 995 33 33 31250
i 995 48 48 7812
i 1203 1 1 46875
i 1442 1 1 15625
i 440 1 1 7812
i 1947 1 1 7812
i 11941 1 1 71429
i 23182 1 1 10000
i 6806 1 1 200
i 19677 1 1 3185
i 19679 1 1 2123
i 19681 1 1 2123
i 19683 1 1 2123
i 23490 1 1 902
i 21257 1 1 3322
i 882 2 2 54688
i 882 5 5 31250
i 884 1 1 31250
end
npc 72 # Skeleton (lvl 22)
g 526 1 1
t 1 main
i 1623 1 1 1953
i 1621 1 1 977
i 1619 1 1 488
i 1452 1 1 183
i 1462 1 1 183
i 1617 1 1 122
i 830 5 5 61
i 987 1 1 61
i 985 1 1 61
i 1247 1 1 4
i 2366 1 1 2
i 1249 1 1 1
i 556 12 12 15625
i 557 3 3 15625
i 554 2 2 15625
i 562 3 3 15625
i 561 3 3 7812
i 886 1 1 7812
i 995 10 10 164062
i 995 2 2 140625
i 995 12 12 117188
i 995 4 4 54688
i 995 16 16 31250
i 995 25 25 31250
i 995 33 33 31250
i 995 48 48 7812
i 1203 1 1 46875
i 1442 1 1 15625
i 440 1 1 7812
i 1947 1 1 7812
i 11941 1 1 71429
i 23182 1 1 10000
i 6806 1 1 200
i 19677 1 1 3185
i 19679 1 1 2123
i 19681 1 1 2123
i 19683 1 1 2123
i 23490 1 1 902
i 21257 1 1 3322
i 882 2 2 54688
i 882 5 5 31250
i 884 1 1 31250
end
npc 73 # Skeleton (lvl 22)
g 526 1 1
t 1 main
i 1623 1 1 1953
i 1621 1 1 977
i 1619 1 1 488
i 1452 1 1 183
i 1462 1 1 183
i 1617 1 1 122
i 830 5 5 61
i 987 1 1 61
i 985 1 1 61
i 1247 1 1 4
i 2366 1 1 2
i 1249 1 1 1
i 556 12 12 15625
i 557 3 3 15625
i 554 2 2 15625
i 562 3 3 15625
i 561 3 3 7812
i 886 1 1 7812
i 995 10 10 164062
i 995 2 2 140625
i 995 12 12 117188
i 995 4 4 54688
i 995 16 16 31250
i 995 25 25 31250
i 995 33 33 31250
i 995 48 48 7812
i 1203 1 1 46875
i 1442 1 1 15625
i 440 1 1 7812
i 1947 1 1 7812
i 11941 1 1 71429
i 23182 1 1 10000
i 6806 1 1 200
i 19677 1 1 3185
i 19679 1 1 2123
i 19681 1 1 2123
i 19683 1 1 2123
i 23490 1 1 902
i 21257 1 1 3322
i 882 2 2 54688
i 882 5 5 31250
i 884 1 1 31250
end
npc 74 # Skeleton (lvl 21)
g 526 1 1
t 1 main
i 1623 1 1 1953
i 1621 1 1 977
i 1619 1 1 488
i 1452 1 1 183
i 1462 1 1 183
i 1617 1 1 122
i 830 5 5 61
i 987 1 1 61
i 985 1 1 61
i 1247 1 1 4
i 2366 1 1 2
i 1249 1 1 1
i 556 12 12 15625
i 557 3 3 15625
i 554 2 2 15625
i 562 3 3 15625
i 561 3 3 7812
i 886 1 1 7812
i 995 10 10 164062
i 995 2 2 140625
i 995 12 12 117188
i 995 4 4 54688
i 995 16 16 31250
i 995 25 25 31250
i 995 33 33 31250
i 995 48 48 7812
i 1203 1 1 46875
i 1442 1 1 15625
i 440 1 1 7812
i 1947 1 1 7812
i 11941 1 1 71429
i 23182 1 1 10000
i 6806 1 1 200
i 19677 1 1 3185
i 19679 1 1 2123
i 19681 1 1 2123
i 19683 1 1 2123
i 23490 1 1 902
i 21257 1 1 3322
i 882 2 2 54688
i 882 5 5 31250
i 884 1 1 31250
end
npc 75 # Skeleton (lvl 21)
g 526 1 1
t 1 main
i 1623 1 1 1953
i 1621 1 1 977
i 1619 1 1 488
i 1452 1 1 183
i 1462 1 1 183
i 1617 1 1 122
i 830 5 5 61
i 987 1 1 61
i 985 1 1 61
i 1247 1 1 4
i 2366 1 1 2
i 1249 1 1 1
i 556 12 12 15625
i 557 3 3 15625
i 554 2 2 15625
i 562 3 3 15625
i 561 3 3 7812
i 886 1 1 7812
i 995 10 10 164062
i 995 2 2 140625
i 995 12 12 117188
i 995 4 4 54688
i 995 16 16 31250
i 995 25 25 31250
i 995 33 33 31250
i 995 48 48 7812
i 1203 1 1 46875
i 1442 1 1 15625
i 440 1 1 7812
i 1947 1 1 7812
i 11941 1 1 71429
i 23182 1 1 10000
i 6806 1 1 200
i 19677 1 1 3185
i 19679 1 1 2123
i 19681 1 1 2123
i 19683 1 1 2123
i 23490 1 1 902
i 21257 1 1 3322
i 882 2 2 54688
i 882 5 5 31250
i 884 1 1 31250
end
npc 76 # Skeleton (lvl 21)
g 526 1 1
t 1 main
i 1623 1 1 1953
i 1621 1 1 977
i 1619 1 1 488
i 1452 1 1 183
i 1462 1 1 183
i 1617 1 1 122
i 830 5 5 61
i 987 1 1 61
i 985 1 1 61
i 1247 1 1 4
i 2366 1 1 2
i 1249 1 1 1
i 556 12 12 15625
i 557 3 3 15625
i 554 2 2 15625
i 562 3 3 15625
i 561 3 3 7812
i 886 1 1 7812
i 995 10 10 164062
i 995 2 2 140625
i 995 12 12 117188
i 995 4 4 54688
i 995 16 16 31250
i 995 25 25 31250
i 995 33 33 31250
i 995 48 48 7812
i 1203 1 1 46875
i 1442 1 1 15625
i 440 1 1 7812
i 1947 1 1 7812
i 11941 1 1 71429
i 23182 1 1 10000
i 6806 1 1 200
i 19677 1 1 3185
i 19679 1 1 2123
i 19681 1 1 2123
i 19683 1 1 2123
i 23490 1 1 902
i 21257 1 1 3322
i 882 2 2 54688
i 882 5 5 31250
i 884 1 1 31250
end
npc 77 # Skeleton (lvl 25)
g 526 1 1
t 1 main
i 1623 1 1 3906
i 1621 1 1 1953
i 1619 1 1 977
i 1452 1 1 366
i 1462 1 1 366
i 1617 1 1 244
i 830 5 5 122
i 987 1 1 122
i 985 1 1 122
i 1247 1 1 8
i 2366 1 1 4
i 1249 1 1 3
i 11941 1 1 71429
i 23182 1 1 10000
i 6806 1 1 200
i 23490 1 1 874
i 21257 1 1 3322
i 1137 1 1 46875
i 1279 1 1 31250
i 1349 1 1 15625
i 1323 1 1 7812
i 556 15 15 23438
i 555 9 9 23438
i 562 5 5 23438
i 884 12 12 15625
i 563 2 2 15625
i 564 2 2 7812
i 995 10 10 343750
i 995 5 5 195312
i 995 25 25 62500
i 995 45 45 31250
i 995 65 65 23438
i 995 1 1 15625
i 2349 1 1 39062
end
npc 78 # Skeleton (lvl 25)
g 526 1 1
t 1 main
i 1623 1 1 3906
i 1621 1 1 1953
i 1619 1 1 977
i 1452 1 1 366
i 1462 1 1 366
i 1617 1 1 244
i 830 5 5 122
i 987 1 1 122
i 985 1 1 122
i 1247 1 1 8
i 2366 1 1 4
i 1249 1 1 3
i 11941 1 1 71429
i 23182 1 1 10000
i 6806 1 1 200
i 23490 1 1 874
i 21257 1 1 3322
i 1137 1 1 46875
i 1279 1 1 31250
i 1349 1 1 15625
i 1323 1 1 7812
i 556 15 15 23438
i 555 9 9 23438
i 562 5 5 23438
i 884 12 12 15625
i 563 2 2 15625
i 564 2 2 7812
i 995 10 10 343750
i 995 5 5 195312
i 995 25 25 62500
i 995 45 45 31250
i 995 65 65 23438
i 995 1 1 15625
i 2349 1 1 39062
end
npc 79 # Skeleton (lvl 25)
g 526 1 1
t 1 main
i 1623 1 1 3906
i 1621 1 1 1953
i 1619 1 1 977
i 1452 1 1 366
i 1462 1 1 366
i 1617 1 1 244
i 830 5 5 122
i 987 1 1 122
i 985 1 1 122
i 1247 1 1 8
i 2366 1 1 4
i 1249 1 1 3
i 11941 1 1 71429
i 23182 1 1 10000
i 6806 1 1 200
i 23490 1 1 874
i 21257 1 1 3322
i 1137 1 1 46875
i 1279 1 1 31250
i 1349 1 1 15625
i 1323 1 1 7812
i 556 15 15 23438
i 555 9 9 23438
i 562 5 5 23438
i 884 12 12 15625
i 563 2 2 15625
i 564 2 2 7812
i 995 10 10 343750
i 995 5 5 195312
i 995 25 25 62500
i 995 45 45 31250
i 995 65 65 23438
i 995 1 1 15625
i 2349 1 1 39062
end
npc 80 # Skeleton (lvl 25)
g 526 1 1
t 1 main
i 1623 1 1 3906
i 1621 1 1 1953
i 1619 1 1 977
i 1452 1 1 366
i 1462 1 1 366
i 1617 1 1 244
i 830 5 5 122
i 987 1 1 122
i 985 1 1 122
i 1247 1 1 8
i 2366 1 1 4
i 1249 1 1 3
i 11941 1 1 71429
i 23182 1 1 10000
i 6806 1 1 200
i 23490 1 1 874
i 21257 1 1 3322
i 1137 1 1 46875
i 1279 1 1 31250
i 1349 1 1 15625
i 1323 1 1 7812
i 556 15 15 23438
i 555 9 9 23438
i 562 5 5 23438
i 884 12 12 15625
i 563 2 2 15625
i 564 2 2 7812
i 995 10 10 343750
i 995 5 5 195312
i 995 25 25 62500
i 995 45 45 31250
i 995 65 65 23438
i 995 1 1 15625
i 2349 1 1 39062
end
npc 81 # Skeleton (lvl 25)
g 526 1 1
t 1 main
i 1623 1 1 3906
i 1621 1 1 1953
i 1619 1 1 977
i 1452 1 1 366
i 1462 1 1 366
i 1617 1 1 244
i 830 5 5 122
i 987 1 1 122
i 985 1 1 122
i 1247 1 1 8
i 2366 1 1 4
i 1249 1 1 3
i 11941 1 1 71429
i 23182 1 1 10000
i 6806 1 1 200
i 23490 1 1 874
i 21257 1 1 3322
i 1137 1 1 46875
i 1279 1 1 31250
i 1349 1 1 15625
i 1323 1 1 7812
i 556 15 15 23438
i 555 9 9 23438
i 562 5 5 23438
i 884 12 12 15625
i 563 2 2 15625
i 564 2 2 7812
i 995 10 10 343750
i 995 5 5 195312
i 995 25 25 62500
i 995 45 45 31250
i 995 65 65 23438
i 995 1 1 15625
i 2349 1 1 39062
end
npc 82 # Skeleton (lvl 45)
g 526 1 1
t 1 main
i 1623 1 1 3906
i 1621 1 1 1953
i 1619 1 1 977
i 1452 1 1 366
i 1462 1 1 366
i 1617 1 1 244
i 830 5 5 122
i 987 1 1 122
i 985 1 1 122
i 1247 1 1 8
i 2366 1 1 4
i 1249 1 1 3
i 11941 1 1 71429
i 23182 1 1 10000
i 6806 1 1 200
i 23490 1 1 874
i 21257 1 1 3322
i 1137 1 1 46875
i 1279 1 1 31250
i 1349 1 1 15625
i 1323 1 1 7812
i 556 15 15 23438
i 555 9 9 23438
i 562 5 5 23438
i 884 12 12 15625
i 563 2 2 15625
i 564 2 2 7812
i 995 10 10 343750
i 995 5 5 195312
i 995 25 25 62500
i 995 45 45 31250
i 995 65 65 23438
i 995 1 1 15625
i 2349 1 1 39062
end
npc 83 # Skeleton (lvl 45)
g 526 1 1
t 1 main
i 1623 1 1 3906
i 1621 1 1 1953
i 1619 1 1 977
i 1452 1 1 366
i 1462 1 1 366
i 1617 1 1 244
i 830 5 5 122
i 987 1 1 122
i 985 1 1 122
i 1247 1 1 8
i 2366 1 1 4
i 1249 1 1 3
i 11941 1 1 71429
i 23182 1 1 10000
i 6806 1 1 200
i 23490 1 1 874
i 21257 1 1 3322
i 1137 1 1 46875
i 1279 1 1 31250
i 1349 1 1 15625
i 1323 1 1 7812
i 556 15 15 23438
i 555 9 9 23438
i 562 5 5 23438
i 884 12 12 15625
i 563 2 2 15625
i 564 2 2 7812
i 995 10 10 343750
i 995 5 5 195312
i 995 25 25 62500
i 995 45 45 31250
i 995 65 65 23438
i 995 1 1 15625
i 2349 1 1 39062
end
npc 84 # Skeleton Mage (lvl 16)
g 526 1 1
t 1 main
i 6806 1 1 200
end
npc 85 # Ghost (lvl 19)
t 1 main
i 23182 1 1 11111
end
npc 86 # Ghost (lvl 19)
t 1 main
i 23182 1 1 11111
end
npc 87 # Ghost (lvl 19)
t 1 main
i 23182 1 1 11111
end
npc 88 # Ghost (lvl 19)
t 1 main
i 23182 1 1 11111
end
npc 89 # Ghost (lvl 19)
t 1 main
i 23182 1 1 11111
end
npc 90 # Ghost (lvl 19)
t 1 main
i 23182 1 1 11111
end
npc 91 # Ghost (lvl 19)
t 1 main
i 23182 1 1 11111
end
npc 92 # Ghost (lvl 19)
t 1 main
i 23182 1 1 11111
end
npc 93 # Ghost (lvl 19)
t 1 main
i 23182 1 1 11111
end
npc 94 # Ghost (lvl 19)
t 1 main
i 23182 1 1 11111
end
npc 95 # Ghost (lvl 19)
t 1 main
i 23182 1 1 11111
end
npc 96 # Ghost (lvl 19)
t 1 main
i 23182 1 1 11111
end
npc 97 # Ghost (lvl 19)
t 1 main
i 23182 1 1 11111
end
npc 98 # Ghost (lvl 19)
t 1 main
i 23182 1 1 11111
end
npc 99 # Ghost (lvl 19)
t 1 main
i 23182 1 1 11111
end
npc 100 # Rock Crab (lvl 13)
g 20543 1 1
t 1 main
i 1623 1 1 1953
i 1621 1 1 977
i 1619 1 1 488
i 1452 1 1 183
i 1462 1 1 183
i 1617 1 1 122
i 830 5 5 61
i 987 1 1 61
i 985 1 1 61
i 1247 1 1 4
i 2366 1 1 2
i 1249 1 1 1
i 1265 1 1 46875
i 436 3 3 15625
i 407 2 2 93750
i 407 1 1 70312
i 409 1 1 23438
i 409 3 3 7812
i 411 1 1 7812
i 995 4 4 226562
i 995 8 8 46875
i 995 36 36 62500
i 313 10 10 15625
i 1267 1 1 39062
i 45 5 5 15625
i 1969 1 1 7812
i 405 1 1 7812
i 401 1 1 31250
i 2677 1 1 7812
i 401 2 2 31250
i 401 5 5 15625
i 403 2 2 15625
i 438 3 3 31250
i 440 1 1 15625
i 453 2 2 15625
end
npc 102 # Rock Crab (lvl 13)
g 20543 1 1
t 1 main
i 1623 1 1 1953
i 1621 1 1 977
i 1619 1 1 488
i 1452 1 1 183
i 1462 1 1 183
i 1617 1 1 122
i 830 5 5 61
i 987 1 1 61
i 985 1 1 61
i 1247 1 1 4
i 2366 1 1 2
i 1249 1 1 1
i 1265 1 1 46875
i 436 3 3 15625
i 407 2 2 93750
i 407 1 1 70312
i 409 1 1 23438
i 409 3 3 7812
i 411 1 1 7812
i 995 4 4 226562
i 995 8 8 46875
i 995 36 36 62500
i 313 10 10 15625
i 1267 1 1 39062
i 45 5 5 15625
i 1969 1 1 7812
i 405 1 1 7812
i 401 1 1 31250
i 2677 1 1 7812
i 401 2 2 31250
i 401 5 5 15625
i 403 2 2 15625
i 438 3 3 31250
i 440 1 1 15625
i 453 2 2 15625
end
npc 104 # Hellhound (lvl 122)
g 25769 1 1
t 1 main
i 23490 1 1 11111
i 21257 1 1 4386
i 13233 1 1 31
i 11941 1 1 333333
i 2722 1 1 15625
i 23083 1 1 10526
i 19677 1 1 3906
i 19679 1 1 2604
i 19681 1 1 2604
i 19683 1 1 2604
end
npc 105 # Hellhound (lvl 122)
g 25769 1 1
t 1 main
i 23490 1 1 11111
i 21257 1 1 4386
i 13233 1 1 31
i 11941 1 1 333333
i 2722 1 1 15625
i 23083 1 1 10526
i 19677 1 1 3906
i 19679 1 1 2604
i 19681 1 1 2604
i 19683 1 1 2604
end
npc 106 # Wolf (lvl 64)
g 2859 1 1
t 1 main
i 7830 1 1 250000
i 11941 1 1 166667
i 23182 1 1 7812
end
npc 107 # White wolf (lvl 25)
g 2859 1 1
t 1 main
i 7830 1 1 250000
i 11941 1 1 333333
end
npc 108 # White wolf (lvl 38)
g 2859 1 1
t 1 main
i 7830 1 1 250000
i 11941 1 1 333333
end
npc 109 # Big Wolf (lvl 73)
g 2859 1 1
t 1 main
i 7830 1 1 250000
end
npc 110 # Wolf (lvl 25)
g 2859 1 1
t 1 main
i 7830 1 1 250000
i 11941 1 1 166667
i 23182 1 1 7812
end
npc 112 # Wild dog (lvl 63)
g 526 1 1
t 1 main
i 13468 1 1 40000
end
npc 113 # Wild dog (lvl 63)
g 526 1 1
t 1 main
i 13468 1 1 40000
end
npc 114 # Guard dog (lvl 44)
g 526 1 1
t 1 main
i 13468 1 1 40000
end
npc 115 # Big Wolf (lvl 73)
g 2859 1 1
t 1 main
i 7830 1 1 250000
end
npc 116 # Wolf (lvl 25)
g 2859 1 1
t 1 main
i 7830 1 1 250000
i 11941 1 1 166667
i 23182 1 1 7812
end
npc 117 # Wolf (lvl 25)
g 2859 1 1
t 1 main
i 7830 1 1 250000
i 11941 1 1 166667
i 23182 1 1 7812
end
npc 130 # Skeleton (lvl 22)
t 1 main
i 199 1 1 40984
i 201 1 1 30769
i 203 1 1 23095
i 205 1 1 17953
i 207 1 1 14104
i 209 1 1 10256
i 211 1 1 7692
i 213 1 1 6410
i 215 1 1 5128
i 2485 1 1 3845
i 217 1 1 3845
i 23490 1 1 874
i 21257 1 1 3322
i 199 1 1 39062
i 201 1 1 29326
i 203 1 1 21978
i 205 1 1 17094
i 207 1 1 13423
i 209 1 1 9766
i 211 1 1 7326
i 213 1 1 6105
i 215 1 1 4883
i 2485 1 1 3662
i 217 1 1 3662
end
npc 131 # Guard dog (lvl 44)
g 526 1 1
t 1 main
i 13468 1 1 40000
end
npc 132 # Hobgoblin (lvl 54)
g 526 1 1
g 526 1 1
t 1 main
i 1623 1 1 3906
i 1621 1 1 1953
i 1619 1 1 977
i 1452 1 1 366
i 1462 1 1 366
i 1617 1 1 244
i 830 5 5 122
i 987 1 1 122
i 985 1 1 122
i 1247 1 1 8
i 2366 1 1 4
i 1249 1 1 3
i 554 7 7 15625
i 5282 1 1 2594
i 5296 1 1 2415
i 5281 1 1 1610
i 5297 1 1 1610
i 5106 1 1 1163
i 5298 1 1 1073
i 5280 1 1 1073
i 5299 1 1 805
i 22873 1 1 716
i 5300 1 1 447
i 559 6 6 15625
i 5301 1 1 358
i 5302 1 1 268
i 5303 1 1 179
i 5304 1 1 89
i 995 15 15 265625
i 995 5 5 187500
i 995 10 10 54688
i 995 28 28 31250
i 995 62 62 31250
i 995 42 42 23438
i 562 3 3 15625
i 995 1 1 23438
i 995 1 1 7812
i 225 1 1 164062
i 288 1 1 39062
i 561 4 4 15625
i 11941 1 1 333333
i 11942 1 1 16667
i 23182 1 1 14286
i 6802 1 1 200
i 564 2 2 7812
i 199 1 1 13680
i 201 1 1 10256
i 203 1 1 7692
i 205 1 1 5981
i 207 1 1 4699
i 1237 1 1 23438
i 209 1 1 3418
i 211 1 1 2563
i 213 1 1 2136
i 215 1 1 1709
i 2485 1 1 1282
i 217 1 1 1282
i 5318 4 4 52632
i 5319 4 4 40000
i 5324 4 4 26316
i 5322 3 3 12987
i 1279 1 1 23438
i 5320 3 3 6452
i 5323 2 2 3215
i 5321 2 2 1536
i 22879 2 2 1116
i 995 5 5 140625
i 995 15 15 125000
i 995 28 28 125000
i 995 5 5 93750
i 995 10 10 54688
i 995 62 62 31250
i 1207 1 1 23438
i 995 42 42 23438
i 995 1 1 7812
i 6306 1 1 7812
i 6306 5 5 93750
i 6306 15 15 125000
i 6306 28 28 125000
i 6306 42 42 23438
i 6306 62 62 31250
i 225 1 1 171875
i 288 1 1 39062
i 1239 1 1 15625
i 1241 1 1 15625
i 11941 1 1 200000
i 11942 1 1 16667
i 23182 1 1 14286
i 6802 1 1 200
i 1279 1 1 23438
i 1207 1 1 23438
i 1295 1 1 7812
i 1295 1 1 7812
i 563 2 2 23438
i 555 2 2 15625
i 554 7 7 15625
i 559 6 6 15625
i 562 3 3 15625
i 561 4 4 15625
i 564 2 2 7812
i 826 5 5 7812
i 199 1 1 13680
i 201 1 1 10256
i 563 2 2 23438
i 203 1 1 7692
i 205 1 1 5981
i 207 1 1 4699
i 209 1 1 3418
i 211 1 1 2563
i 213 1 1 2136
i 215 1 1 1709
i 2485 1 1 1282
i 217 1 1 1282
i 5100 1 1 12255
i 555 2 2 15625
i 5323 1 1 11723
i 5292 1 1 11186
i 5104 1 1 8230
i 5293 1 1 7605
i 5311 1 1 7424
i 5321 1 1 5637
i 5294 1 1 5010
i 22879 1 1 3578
i 5295 1 1 3489
i 5105 1 1 3041
end
npc 136 # Ogre (lvl 53)
g 532 1 1
t 1 main
i 22879 1 1 5666
i 5295 1 1 5525
i 5105 1 1 4815
i 5282 1 1 4107
i 5296 1 1 3824
i 5281 1 1 2550
i 5297 1 1 2550
i 5106 1 1 1841
i 5298 1 1 1700
i 5280 1 1 1700
i 5100 1 1 19417
i 5299 1 1 1275
i 22873 1 1 1133
i 5300 1 1 708
i 5301 1 1 567
i 5302 1 1 425
i 5303 1 1 283
i 5304 1 1 142
i 11941 1 1 333333
i 7842 1 1 250000
i 13477 1 1 33333
i 5323 1 1 18553
i 11942 1 1 16667
i 10976 1 1 2500
i 10977 1 1 200
i 5292 1 1 17699
i 5104 1 1 13038
i 5293 1 1 12034
i 5311 1 1 11751
i 5321 1 1 8921
i 5294 1 1 7930
end
npc 137 # Baby red dragon (lvl 65)
g 534 1 1
t 1 main
i 23510 1 1 40000
i 23512 1 1 40000
i 23514 1 1 40000
i 23499 1 1 12500
i 23083 1 1 1562
end
npc 138 # Kalphite Soldier (lvl 85)
t 1 main
i 1623 1 1 7812
i 1621 1 1 3906
i 1619 1 1 1953
i 1452 1 1 732
i 1462 1 1 732
i 1617 1 1 488
i 830 5 5 244
i 987 1 1 244
i 985 1 1 244
i 1247 1 1 15
i 2366 1 1 8
i 1249 1 1 6
i 1157 1 1 31250
i 560 3 3 23438
i 561 1 1 15625
i 199 1 1 1953
i 201 1 1 1465
i 203 1 1 1099
i 205 1 1 854
i 207 1 1 671
i 209 1 1 488
i 211 1 1 366
i 213 1 1 305
i 1325 1 1 23438
i 215 1 1 244
i 2485 1 1 183
i 217 1 1 183
i 995 10 10 54688
i 995 40 40 226562
i 995 120 120 312500
i 995 200 200 78125
i 995 450 450 7812
i 1823 1 1 23438
i 1353 1 1 31250
i 1109 1 1 7812
i 13489 1 1 11111
i 23083 1 1 6897
i 1181 1 1 7812
i 1145 1 1 7812
i 554 30 30 7812
i 554 60 60 62500
i 562 12 12 39062
end
npc 139 # Steel dragon (lvl 246)
g 536 1 1
g 2353 5 5
t 1 main
i 1163 1 1 7812
i 565 20 20 148438
i 830 7 7 156250
i 9144 2 12 46875
i 566 5 5 39062
i 995 470 470 132812
i 995 650 650 39062
i 145 1 1 101562
i 9431 1 1 62500
i 19582 12 12 39062
i 2363 1 1 23438
i 165 1 1 23438
i 2011 1 1 7812
i 2011 2 2 7812
i 4585 1 1 1953
i 4087 1 1 1953
i 817 12 12 54688
i 2722 1 1 15625
i 23083 1 1 14286
i 12073 1 1 2000
i 11286 1 1 100
i 1432 1 1 31250
i 1199 1 1 15625
i 868 7 7 23438
i 1359 1 1 15625
end
npc 140 # Dagannoth (lvl 135)
g 526 1 1
t 1 main
i 1623 1 1 1953
i 1621 1 1 977
i 1619 1 1 488
i 1452 1 1 183
i 1462 1 1 183
i 1617 1 1 122
i 830 5 5 61
i 987 1 1 61
i 985 1 1 61
i 1247 1 1 4
i 2366 1 1 2
i 1249 1 1 1
i 5281 1 1 18484
i 5106 1 1 13106
i 5298 1 1 13106
i 5280 1 1 12516
i 22873 1 1 8937
i 5299 1 1 8937
i 5300 1 1 5959
i 5301 1 1 4172
i 5302 1 1 2980
i 22879 3 3 2383
i 1239 1 1 46875
i 5303 1 1 1788
i 5304 1 1 1192
i 301 1 1 93750
i 345 3 3 31250
i 327 5 5 31250
i 311 1 1 23438
i 314 15 15 15625
i 313 50 50 15625
i 377 1 1 15625
i 359 1 1 15625
i 1237 1 1 39062
i 401 10 10 15625
i 413 1 1 7812
i 411 2 2 7812
i 995 56 56 226562
i 995 25 25 70312
i 995 44 44 62500
i 995 41 41 46875
i 405 1 1 7812
i 45 12 12 15625
i 1243 1 1 7812
i 555 15 15 31250
i 7857 1 1 250000
i 13492 1 1 25000
i 2801 1 1 7812
i 23083 1 1 4255
i 886 15 15 15625
i 828 3 3 7812
i 5296 1 1 28011
i 5297 1 1 19084
end
npc 231 # Wolf (lvl 25)
g 2859 1 1
t 1 main
i 7830 1 1 250000
i 11941 1 1 166667
i 23182 1 1 7812
end
npc 232 # Jungle Wolf (lvl 64)
g 2859 1 1
t 1 main
i 7830 1 1 250000
end
npc 239 # King Black Dragon (lvl 276)
g 536 1 1
g 1747 2 2
t 1 main
i 884 690 690 78125
i 9144 10 20 78125
i 563 30 30 39062
i 565 30 30 39062
i 1515 150 150 78125
i 2361 3 3 39062
i 2363 1 1 23438
i 444 100 100 15625
i 1731 1 1 54688
i 11237 5 14 39062
i 11232 5 14 39062
i 19582 15 15 39062
i 9431 1 1 31250
i 385 4 4 31250
i 11920 1 1 667
i 1303 1 1 78125
i 1123 1 1 70312
i 23083 1 1 15625
i 7980 1 1 7812
i 12073 1 1 2222
i 12653 1 1 333
i 11286 1 1 200
i 1199 1 1 23438
i 1149 1 1 7812
i 554 300 300 39062
i 556 300 300 78125
end
npc 240 # Black demon (lvl 172)
g 25772 1 1
t 1 main
i 565 7 7 31250
i 554 37 37 7812
i 563 3 3 7812
i 199 1 1 44843
i 201 1 1 33670
i 203 1 1 25253
i 205 1 1 19646
i 207 1 1 15432
i 209 1 1 11236
i 211 1 1 8425
i 1283 1 1 31250
i 213 1 1 7018
i 215 1 1 5615
i 2485 1 1 4212
i 217 1 1 4212
i 995 132 132 312500
i 995 30 30 54688
i 995 44 44 46875
i 995 220 220 46875
i 995 460 460 7812
i 379 1 1 23438
i 1365 1 1 23438
i 2361 1 1 15625
i 133 1 1 7812
i 1361 1 1 15625
i 1197 1 1 7812
i 11941 1 1 333333
i 1147 1 1 7812
i 13501 1 1 28571
i 23083 1 1 11765
i 2722 1 1 7812
i 19677 1 1 4425
i 19679 1 1 2941
i 19681 1 1 2941
i 19683 1 1 2941
i 23490 1 1 12195
i 21257 1 1 5128
i 1113 1 1 7812
i 556 50 50 62500
i 562 10 10 54688
end
npc 241 # Baby blue dragon (lvl 48)
g 534 1 1
t 1 main
i 7839 1 1 250000
i 23083 1 1 1562
end
npc 242 # Baby blue dragon (lvl 48)
g 534 1 1
t 1 main
i 7839 1 1 250000
i 23083 1 1 1562
end
npc 243 # Baby blue dragon (lvl 48)
g 534 1 1
t 1 main
i 7839 1 1 250000
i 23083 1 1 1562
end
npc 244 # Baby red dragon (lvl 48)
g 534 1 1
t 1 main
i 23510 1 1 40000
i 23512 1 1 40000
i 23514 1 1 40000
i 23499 1 1 12500
i 23083 1 1 1562
end
npc 245 # Baby red dragon (lvl 48)
g 534 1 1
t 1 main
i 23510 1 1 40000
i 23512 1 1 40000
i 23514 1 1 40000
i 23499 1 1 12500
i 23083 1 1 1562
end
npc 246 # Baby red dragon (lvl 48)
g 534 1 1
t 1 main
i 23510 1 1 40000
i 23512 1 1 40000
i 23514 1 1 40000
i 23499 1 1 12500
i 23083 1 1 1562
end
npc 247 # Red dragon (lvl 152)
g 536 1 1
g 1749 1 1
t 1 main
i 1623 1 1 9766
i 1621 1 1 4883
i 1619 1 1 2441
i 1452 1 1 915
i 1462 1 1 915
i 1617 1 1 610
i 830 5 5 305
i 987 1 1 305
i 985 1 1 305
i 1247 1 1 19
i 2366 1 1 10
i 1249 1 1 7
i 1303 1 1 7812
i 892 4 4 62500
i 563 4 4 39062
i 565 2 2 31250
i 560 5 5 23438
i 199 1 1 3906
i 201 1 1 2930
i 203 1 1 2197
i 205 1 1 1709
i 207 1 1 1343
i 209 1 1 977
i 211 1 1 732
i 213 1 1 610
i 215 1 1 488
i 2485 1 1 366
i 217 1 1 366
i 995 196 196 312500
i 995 66 66 226562
i 995 330 330 78125
i 995 690 690 7812
i 1315 1 1 31250
i 19582 10 10 78125
i 1897 3 3 23438
i 2361 1 1 7812
i 1355 1 1 23438
i 23510 1 1 100000
i 23512 1 1 100000
i 23514 1 1 100000
i 13510 1 1 25000
i 23499 1 1 20000
i 23083 1 1 11236
i 1369 1 1 23438
i 2722 1 1 7812
i 811 8 8 23438
i 828 20 20 7812
i 1197 1 1 7812
i 1123 1 1 7812
end
npc 248 # Red dragon (lvl 152)
g 536 1 1
g 1749 1 1
t 1 main
i 1623 1 1 9766
i 1621 1 1 4883
i 1619 1 1 2441
i 1452 1 1 915
i 1462 1 1 915
i 1617 1 1 610
i 830 5 5 305
i 987 1 1 305
i 985 1 1 305
i 1247 1 1 19
i 2366 1 1 10
i 1249 1 1 7
i 1303 1 1 7812
i 892 4 4 62500
i 563 4 4 39062
i 565 2 2 31250
i 560 5 5 23438
i 199 1 1 3906
i 201 1 1 2930
i 203 1 1 2197
i 205 1 1 1709
i 207 1 1 1343
i 209 1 1 977
i 211 1 1 732
i 213 1 1 610
i 215 1 1 488
i 2485 1 1 366
i 217 1 1 366
i 995 196 196 312500
i 995 66 66 226562
i 995 330 330 78125
i 995 690 690 7812
i 1315 1 1 31250
i 19582 10 10 78125
i 1897 3 3 23438
i 2361 1 1 7812
i 1355 1 1 23438
i 23510 1 1 100000
i 23512 1 1 100000
i 23514 1 1 100000
i 13510 1 1 25000
i 23499 1 1 20000
i 23083 1 1 11236
i 1369 1 1 23438
i 2722 1 1 7812
i 811 8 8 23438
i 828 20 20 7812
i 1197 1 1 7812
i 1123 1 1 7812
end
npc 249 # Red dragon (lvl 152)
g 536 1 1
g 1749 1 1
t 1 main
i 1623 1 1 9766
i 1621 1 1 4883
i 1619 1 1 2441
i 1452 1 1 915
i 1462 1 1 915
i 1617 1 1 610
i 830 5 5 305
i 987 1 1 305
i 985 1 1 305
i 1247 1 1 19
i 2366 1 1 10
i 1249 1 1 7
i 1303 1 1 7812
i 892 4 4 62500
i 563 4 4 39062
i 565 2 2 31250
i 560 5 5 23438
i 199 1 1 3906
i 201 1 1 2930
i 203 1 1 2197
i 205 1 1 1709
i 207 1 1 1343
i 209 1 1 977
i 211 1 1 732
i 213 1 1 610
i 215 1 1 488
i 2485 1 1 366
i 217 1 1 366
i 995 196 196 312500
i 995 66 66 226562
i 995 330 330 78125
i 995 690 690 7812
i 1315 1 1 31250
i 19582 10 10 78125
i 1897 3 3 23438
i 2361 1 1 7812
i 1355 1 1 23438
i 23510 1 1 100000
i 23512 1 1 100000
i 23514 1 1 100000
i 13510 1 1 25000
i 23499 1 1 20000
i 23083 1 1 11236
i 1369 1 1 23438
i 2722 1 1 7812
i 811 8 8 23438
i 828 20 20 7812
i 1197 1 1 7812
i 1123 1 1 7812
end
npc 250 # Red dragon (lvl 152)
g 536 1 1
g 1749 1 1
t 1 main
i 1623 1 1 9766
i 1621 1 1 4883
i 1619 1 1 2441
i 1452 1 1 915
i 1462 1 1 915
i 1617 1 1 610
i 830 5 5 305
i 987 1 1 305
i 985 1 1 305
i 1247 1 1 19
i 2366 1 1 10
i 1249 1 1 7
i 1303 1 1 7812
i 892 4 4 62500
i 563 4 4 39062
i 565 2 2 31250
i 560 5 5 23438
i 199 1 1 3906
i 201 1 1 2930
i 203 1 1 2197
i 205 1 1 1709
i 207 1 1 1343
i 209 1 1 977
i 211 1 1 732
i 213 1 1 610
i 215 1 1 488
i 2485 1 1 366
i 217 1 1 366
i 995 196 196 312500
i 995 66 66 226562
i 995 330 330 78125
i 995 690 690 7812
i 1315 1 1 31250
i 19582 10 10 78125
i 1897 3 3 23438
i 2361 1 1 7812
i 1355 1 1 23438
i 23510 1 1 100000
i 23512 1 1 100000
i 23514 1 1 100000
i 13510 1 1 25000
i 23499 1 1 20000
i 23083 1 1 11236
i 1369 1 1 23438
i 2722 1 1 7812
i 811 8 8 23438
i 828 20 20 7812
i 1197 1 1 7812
i 1123 1 1 7812
end
npc 251 # Red dragon (lvl 152)
g 536 1 1
g 1749 1 1
t 1 main
i 1623 1 1 9766
i 1621 1 1 4883
i 1619 1 1 2441
i 1452 1 1 915
i 1462 1 1 915
i 1617 1 1 610
i 830 5 5 305
i 987 1 1 305
i 985 1 1 305
i 1247 1 1 19
i 2366 1 1 10
i 1249 1 1 7
i 1303 1 1 7812
i 892 4 4 62500
i 563 4 4 39062
i 565 2 2 31250
i 560 5 5 23438
i 199 1 1 3906
i 201 1 1 2930
i 203 1 1 2197
i 205 1 1 1709
i 207 1 1 1343
i 209 1 1 977
i 211 1 1 732
i 213 1 1 610
i 215 1 1 488
i 2485 1 1 366
i 217 1 1 366
i 995 196 196 312500
i 995 66 66 226562
i 995 330 330 78125
i 995 690 690 7812
i 1315 1 1 31250
i 19582 10 10 78125
i 1897 3 3 23438
i 2361 1 1 7812
i 1355 1 1 23438
i 23510 1 1 100000
i 23512 1 1 100000
i 23514 1 1 100000
i 13510 1 1 25000
i 23499 1 1 20000
i 23083 1 1 11236
i 1369 1 1 23438
i 2722 1 1 7812
i 811 8 8 23438
i 828 20 20 7812
i 1197 1 1 7812
i 1123 1 1 7812
end
npc 252 # Black dragon (lvl 227)
g 536 1 1
g 1747 1 1
g 7478 1 1
t 1 main
i 1303 1 1 7812
i 829 30 30 156250
i 816 16 16 54688
i 554 50 50 62500
i 565 15 15 23438
i 556 75 75 7812
i 563 10 10 39062
i 995 196 196 312500
i 995 330 330 78125
i 995 690 690 7812
i 19582 10 10 46875
i 2361 1 1 23438
i 1897 1 1 23438
i 1315 1 1 31250
i 1355 1 1 23438
i 11941 1 1 333333
i 13510 1 1 28571
i 23083 1 1 13514
i 2722 1 1 7812
i 12073 1 1 2000
i 11286 1 1 100
i 23490 1 1 13889
i 21257 1 1 5952
i 1369 1 1 23438
i 868 2 2 23438
i 1197 1 1 7812
i 1123 1 1 7812
end
npc 253 # Black dragon (lvl 227)
g 536 1 1
g 1747 1 1
g 7478 1 1
t 1 main
i 1303 1 1 7812
i 829 30 30 156250
i 816 16 16 54688
i 554 50 50 62500
i 565 15 15 23438
i 556 75 75 7812
i 563 10 10 39062
i 995 196 196 312500
i 995 330 330 78125
i 995 690 690 7812
i 19582 10 10 46875
i 2361 1 1 23438
i 1897 1 1 23438
i 1315 1 1 31250
i 1355 1 1 23438
i 11941 1 1 333333
i 13510 1 1 28571
i 23083 1 1 13514
i 2722 1 1 7812
i 12073 1 1 2000
i 11286 1 1 100
i 23490 1 1 13889
i 21257 1 1 5952
i 1369 1 1 23438
i 868 2 2 23438
i 1197 1 1 7812
i 1123 1 1 7812
end
npc 254 # Black dragon (lvl 227)
g 536 1 1
g 1747 1 1
g 7478 1 1
t 1 main
i 1303 1 1 7812
i 829 30 30 156250
i 816 16 16 54688
i 554 50 50 62500
i 565 15 15 23438
i 556 75 75 7812
i 563 10 10 39062
i 995 196 196 312500
i 995 330 330 78125
i 995 690 690 7812
i 19582 10 10 46875
i 2361 1 1 23438
i 1897 1 1 23438
i 1315 1 1 31250
i 1355 1 1 23438
i 11941 1 1 333333
i 13510 1 1 28571
i 23083 1 1 13514
i 2722 1 1 7812
i 12073 1 1 2000
i 11286 1 1 100
i 23490 1 1 13889
i 21257 1 1 5952
i 1369 1 1 23438
i 868 2 2 23438
i 1197 1 1 7812
i 1123 1 1 7812
end
npc 255 # Black dragon (lvl 227)
g 536 1 1
g 1747 1 1
g 7478 1 1
t 1 main
i 1303 1 1 7812
i 829 30 30 156250
i 816 16 16 54688
i 554 50 50 62500
i 565 15 15 23438
i 556 75 75 7812
i 563 10 10 39062
i 995 196 196 312500
i 995 330 330 78125
i 995 690 690 7812
i 19582 10 10 46875
i 2361 1 1 23438
i 1897 1 1 23438
i 1315 1 1 31250
i 1355 1 1 23438
i 11941 1 1 333333
i 13510 1 1 28571
i 23083 1 1 13514
i 2722 1 1 7812
i 12073 1 1 2000
i 11286 1 1 100
i 23490 1 1 13889
i 21257 1 1 5952
i 1369 1 1 23438
i 868 2 2 23438
i 1197 1 1 7812
i 1123 1 1 7812
end
npc 256 # Black dragon (lvl 227)
g 536 1 1
g 1747 1 1
g 7478 1 1
t 1 main
i 1303 1 1 7812
i 829 30 30 156250
i 816 16 16 54688
i 554 50 50 62500
i 565 15 15 23438
i 556 75 75 7812
i 563 10 10 39062
i 995 196 196 312500
i 995 330 330 78125
i 995 690 690 7812
i 19582 10 10 46875
i 2361 1 1 23438
i 1897 1 1 23438
i 1315 1 1 31250
i 1355 1 1 23438
i 11941 1 1 333333
i 13510 1 1 28571
i 23083 1 1 13514
i 2722 1 1 7812
i 12073 1 1 2000
i 11286 1 1 100
i 23490 1 1 13889
i 21257 1 1 5952
i 1369 1 1 23438
i 868 2 2 23438
i 1197 1 1 7812
i 1123 1 1 7812
end
npc 257 # Black dragon (lvl 227)
g 536 1 1
g 1747 1 1
g 7478 1 1
t 1 main
i 1303 1 1 7812
i 829 30 30 156250
i 816 16 16 54688
i 554 50 50 62500
i 565 15 15 23438
i 556 75 75 7812
i 563 10 10 39062
i 995 196 196 312500
i 995 330 330 78125
i 995 690 690 7812
i 19582 10 10 46875
i 2361 1 1 23438
i 1897 1 1 23438
i 1315 1 1 31250
i 1355 1 1 23438
i 11941 1 1 333333
i 13510 1 1 28571
i 23083 1 1 13514
i 2722 1 1 7812
i 12073 1 1 2000
i 11286 1 1 100
i 23490 1 1 13889
i 21257 1 1 5952
i 1369 1 1 23438
i 868 2 2 23438
i 1197 1 1 7812
i 1123 1 1 7812
end
npc 258 # Black dragon (lvl 227)
g 536 1 1
g 1747 1 1
g 7478 1 1
t 1 main
i 1303 1 1 7812
i 829 30 30 156250
i 816 16 16 54688
i 554 50 50 62500
i 565 15 15 23438
i 556 75 75 7812
i 563 10 10 39062
i 995 196 196 312500
i 995 330 330 78125
i 995 690 690 7812
i 19582 10 10 46875
i 2361 1 1 23438
i 1897 1 1 23438
i 1315 1 1 31250
i 1355 1 1 23438
i 11941 1 1 333333
i 13510 1 1 28571
i 23083 1 1 13514
i 2722 1 1 7812
i 12073 1 1 2000
i 11286 1 1 100
i 23490 1 1 13889
i 21257 1 1 5952
i 1369 1 1 23438
i 868 2 2 23438
i 1197 1 1 7812
i 1123 1 1 7812
end
npc 259 # Black dragon (lvl 227)
g 536 1 1
g 1747 1 1
g 7478 1 1
t 1 main
i 1303 1 1 7812
i 829 30 30 156250
i 816 16 16 54688
i 554 50 50 62500
i 565 15 15 23438
i 556 75 75 7812
i 563 10 10 39062
i 995 196 196 312500
i 995 330 330 78125
i 995 690 690 7812
i 19582 10 10 46875
i 2361 1 1 23438
i 1897 1 1 23438
i 1315 1 1 31250
i 1355 1 1 23438
i 11941 1 1 333333
i 13510 1 1 28571
i 23083 1 1 13514
i 2722 1 1 7812
i 12073 1 1 2000
i 11286 1 1 100
i 23490 1 1 13889
i 21257 1 1 5952
i 1369 1 1 23438
i 868 2 2 23438
i 1197 1 1 7812
i 1123 1 1 7812
end
npc 260 # Green dragon (lvl 79)
g 536 1 1
g 1753 1 1
t 1 main
i 1623 1 1 9766
i 1621 1 1 4883
i 1619 1 1 2441
i 1452 1 1 915
i 1462 1 1 915
i 1617 1 1 610
i 830 5 5 305
i 987 1 1 305
i 985 1 1 305
i 1247 1 1 19
i 2366 1 1 10
i 1249 1 1 7
i 199 1 1 29326
i 201 1 1 21978
i 203 1 1 16474
i 205 1 1 12821
i 207 1 1 10070
i 209 1 1 7326
i 211 1 1 5495
i 213 1 1 4577
i 215 1 1 3662
i 2485 1 1 2746
i 217 1 1 2746
i 995 44 44 226562
i 995 132 132 195312
i 995 200 200 78125
i 995 11 11 39062
i 995 440 440 7812
i 1069 1 1 31250
i 365 1 1 23438
i 449 1 1 23438
i 1365 1 1 23438
i 11941 1 1 333333
i 13510 1 1 28571
i 2722 1 1 7812
i 23490 1 1 10000
i 21257 1 1 3846
i 1355 1 1 23438
i 1243 1 1 15625
i 1197 1 1 7812
i 1161 1 1 7812
i 1213 1 1 7812
end
npc 261 # Green dragon (lvl 79)
g 536 1 1
g 1753 1 1
t 1 main
i 1623 1 1 9766
i 1621 1 1 4883
i 1619 1 1 2441
i 1452 1 1 915
i 1462 1 1 915
i 1617 1 1 610
i 830 5 5 305
i 987 1 1 305
i 985 1 1 305
i 1247 1 1 19
i 2366 1 1 10
i 1249 1 1 7
i 199 1 1 29326
i 201 1 1 21978
i 203 1 1 16474
i 205 1 1 12821
i 207 1 1 10070
i 209 1 1 7326
i 211 1 1 5495
i 213 1 1 4577
i 215 1 1 3662
i 2485 1 1 2746
i 217 1 1 2746
i 995 44 44 226562
i 995 132 132 195312
i 995 200 200 78125
i 995 11 11 39062
i 995 440 440 7812
i 1069 1 1 31250
i 365 1 1 23438
i 449 1 1 23438
i 1365 1 1 23438
i 11941 1 1 333333
i 13510 1 1 28571
i 2722 1 1 7812
i 23490 1 1 10000
i 21257 1 1 3846
i 1355 1 1 23438
i 1243 1 1 15625
i 1197 1 1 7812
i 1161 1 1 7812
i 1213 1 1 7812
end
npc 262 # Green dragon (lvl 79)
g 536 1 1
g 1753 1 1
t 1 main
i 1623 1 1 9766
i 1621 1 1 4883
i 1619 1 1 2441
i 1452 1 1 915
i 1462 1 1 915
i 1617 1 1 610
i 830 5 5 305
i 987 1 1 305
i 985 1 1 305
i 1247 1 1 19
i 2366 1 1 10
i 1249 1 1 7
i 199 1 1 29326
i 201 1 1 21978
i 203 1 1 16474
i 205 1 1 12821
i 207 1 1 10070
i 209 1 1 7326
i 211 1 1 5495
i 213 1 1 4577
i 215 1 1 3662
i 2485 1 1 2746
i 217 1 1 2746
i 995 44 44 226562
i 995 132 132 195312
i 995 200 200 78125
i 995 11 11 39062
i 995 440 440 7812
i 1069 1 1 31250
i 365 1 1 23438
i 449 1 1 23438
i 1365 1 1 23438
i 11941 1 1 333333
i 13510 1 1 28571
i 2722 1 1 7812
i 23490 1 1 10000
i 21257 1 1 3846
i 1355 1 1 23438
i 1243 1 1 15625
i 1197 1 1 7812
i 1161 1 1 7812
i 1213 1 1 7812
end
npc 263 # Green dragon (lvl 79)
g 536 1 1
g 1753 1 1
t 1 main
i 1623 1 1 9766
i 1621 1 1 4883
i 1619 1 1 2441
i 1452 1 1 915
i 1462 1 1 915
i 1617 1 1 610
i 830 5 5 305
i 987 1 1 305
i 985 1 1 305
i 1247 1 1 19
i 2366 1 1 10
i 1249 1 1 7
i 199 1 1 29326
i 201 1 1 21978
i 203 1 1 16474
i 205 1 1 12821
i 207 1 1 10070
i 209 1 1 7326
i 211 1 1 5495
i 213 1 1 4577
i 215 1 1 3662
i 2485 1 1 2746
i 217 1 1 2746
i 995 44 44 226562
i 995 132 132 195312
i 995 200 200 78125
i 995 11 11 39062
i 995 440 440 7812
i 1069 1 1 31250
i 365 1 1 23438
i 449 1 1 23438
i 1365 1 1 23438
i 11941 1 1 333333
i 13510 1 1 28571
i 2722 1 1 7812
i 23490 1 1 10000
i 21257 1 1 3846
i 1355 1 1 23438
i 1243 1 1 15625
i 1197 1 1 7812
i 1161 1 1 7812
i 1213 1 1 7812
end
npc 264 # Green dragon (lvl 79)
g 536 1 1
g 1753 1 1
t 1 main
i 1623 1 1 9766
i 1621 1 1 4883
i 1619 1 1 2441
i 1452 1 1 915
i 1462 1 1 915
i 1617 1 1 610
i 830 5 5 305
i 987 1 1 305
i 985 1 1 305
i 1247 1 1 19
i 2366 1 1 10
i 1249 1 1 7
i 199 1 1 29326
i 201 1 1 21978
i 203 1 1 16474
i 205 1 1 12821
i 207 1 1 10070
i 209 1 1 7326
i 211 1 1 5495
i 213 1 1 4577
i 215 1 1 3662
i 2485 1 1 2746
i 217 1 1 2746
i 995 44 44 226562
i 995 132 132 195312
i 995 200 200 78125
i 995 11 11 39062
i 995 440 440 7812
i 1069 1 1 31250
i 365 1 1 23438
i 449 1 1 23438
i 1365 1 1 23438
i 11941 1 1 333333
i 13510 1 1 28571
i 2722 1 1 7812
i 23490 1 1 10000
i 21257 1 1 3846
i 1355 1 1 23438
i 1243 1 1 15625
i 1197 1 1 7812
i 1161 1 1 7812
i 1213 1 1 7812
end
npc 265 # Blue dragon (lvl 111)
g 1751 1 1
g 536 1 1
t 1 main
i 1623 1 1 9766
i 1621 1 1 4883
i 1619 1 1 2441
i 1452 1 1 915
i 1462 1 1 915
i 1617 1 1 610
i 830 5 5 305
i 987 1 1 305
i 985 1 1 305
i 1247 1 1 19
i 2366 1 1 10
i 1249 1 1 7
i 555 75 75 62500
i 561 15 15 39062
i 563 3 3 23438
i 554 37 37 7812
i 199 1 1 29326
i 201 1 1 21978
i 203 1 1 16474
i 205 1 1 12821
i 207 1 1 10070
i 209 1 1 7326
i 211 1 1 5495
i 213 1 1 4577
i 215 1 1 3662
i 2485 1 1 2746
i 217 1 1 2746
i 995 44 44 226562
i 995 132 132 195312
i 995 200 200 78125
i 995 11 11 39062
i 995 440 440 7812
i 1069 1 1 31250
i 449 1 1 23438
i 365 1 1 23438
i 1355 1 1 23438
i 13510 1 1 20000
i 23083 1 1 10309
i 2722 1 1 7812
i 1365 1 1 23438
i 1243 1 1 15625
i 1161 1 1 7812
i 1197 1 1 7812
i 1213 1 1 7812
end
npc 266 # Blue dragon (lvl 111)
g 1751 1 1
g 536 1 1
t 1 main
i 1623 1 1 9766
i 1621 1 1 4883
i 1619 1 1 2441
i 1452 1 1 915
i 1462 1 1 915
i 1617 1 1 610
i 830 5 5 305
i 987 1 1 305
i 985 1 1 305
i 1247 1 1 19
i 2366 1 1 10
i 1249 1 1 7
i 555 75 75 62500
i 561 15 15 39062
i 563 3 3 23438
i 554 37 37 7812
i 199 1 1 29326
i 201 1 1 21978
i 203 1 1 16474
i 205 1 1 12821
i 207 1 1 10070
i 209 1 1 7326
i 211 1 1 5495
i 213 1 1 4577
i 215 1 1 3662
i 2485 1 1 2746
i 217 1 1 2746
i 995 44 44 226562
i 995 132 132 195312
i 995 200 200 78125
i 995 11 11 39062
i 995 440 440 7812
i 1069 1 1 31250
i 449 1 1 23438
i 365 1 1 23438
i 1355 1 1 23438
i 13510 1 1 20000
i 23083 1 1 10309
i 2722 1 1 7812
i 1365 1 1 23438
i 1243 1 1 15625
i 1161 1 1 7812
i 1197 1 1 7812
i 1213 1 1 7812
end
npc 267 # Blue dragon (lvl 111)
g 1751 1 1
g 536 1 1
t 1 main
i 1623 1 1 9766
i 1621 1 1 4883
i 1619 1 1 2441
i 1452 1 1 915
i 1462 1 1 915
i 1617 1 1 610
i 830 5 5 305
i 987 1 1 305
i 985 1 1 305
i 1247 1 1 19
i 2366 1 1 10
i 1249 1 1 7
i 555 75 75 62500
i 561 15 15 39062
i 563 3 3 23438
i 554 37 37 7812
i 199 1 1 29326
i 201 1 1 21978
i 203 1 1 16474
i 205 1 1 12821
i 207 1 1 10070
i 209 1 1 7326
i 211 1 1 5495
i 213 1 1 4577
i 215 1 1 3662
i 2485 1 1 2746
i 217 1 1 2746
i 995 44 44 226562
i 995 132 132 195312
i 995 200 200 78125
i 995 11 11 39062
i 995 440 440 7812
i 1069 1 1 31250
i 449 1 1 23438
i 365 1 1 23438
i 1355 1 1 23438
i 13510 1 1 20000
i 23083 1 1 10309
i 2722 1 1 7812
i 1365 1 1 23438
i 1243 1 1 15625
i 1161 1 1 7812
i 1197 1 1 7812
i 1213 1 1 7812
end
npc 268 # Blue dragon (lvl 111)
g 1751 1 1
g 536 1 1
t 1 main
i 1623 1 1 9766
i 1621 1 1 4883
i 1619 1 1 2441
i 1452 1 1 915
i 1462 1 1 915
i 1617 1 1 610
i 830 5 5 305
i 987 1 1 305
i 985 1 1 305
i 1247 1 1 19
i 2366 1 1 10
i 1249 1 1 7
i 555 75 75 62500
i 561 15 15 39062
i 563 3 3 23438
i 554 37 37 7812
i 199 1 1 29326
i 201 1 1 21978
i 203 1 1 16474
i 205 1 1 12821
i 207 1 1 10070
i 209 1 1 7326
i 211 1 1 5495
i 213 1 1 4577
i 215 1 1 3662
i 2485 1 1 2746
i 217 1 1 2746
i 995 44 44 226562
i 995 132 132 195312
i 995 200 200 78125
i 995 11 11 39062
i 995 440 440 7812
i 1069 1 1 31250
i 449 1 1 23438
i 365 1 1 23438
i 1355 1 1 23438
i 13510 1 1 20000
i 23083 1 1 10309
i 2722 1 1 7812
i 1365 1 1 23438
i 1243 1 1 15625
i 1161 1 1 7812
i 1197 1 1 7812
i 1213 1 1 7812
end
npc 269 # Blue dragon (lvl 111)
g 1751 1 1
g 536 1 1
t 1 main
i 1623 1 1 9766
i 1621 1 1 4883
i 1619 1 1 2441
i 1452 1 1 915
i 1462 1 1 915
i 1617 1 1 610
i 830 5 5 305
i 987 1 1 305
i 985 1 1 305
i 1247 1 1 19
i 2366 1 1 10
i 1249 1 1 7
i 555 75 75 62500
i 561 15 15 39062
i 563 3 3 23438
i 554 37 37 7812
i 199 1 1 29326
i 201 1 1 21978
i 203 1 1 16474
i 205 1 1 12821
i 207 1 1 10070
i 209 1 1 7326
i 211 1 1 5495
i 213 1 1 4577
i 215 1 1 3662
i 2485 1 1 2746
i 217 1 1 2746
i 995 44 44 226562
i 995 132 132 195312
i 995 200 200 78125
i 995 11 11 39062
i 995 440 440 7812
i 1069 1 1 31250
i 449 1 1 23438
i 365 1 1 23438
i 1355 1 1 23438
i 13510 1 1 20000
i 23083 1 1 10309
i 2722 1 1 7812
i 1365 1 1 23438
i 1243 1 1 15625
i 1161 1 1 7812
i 1197 1 1 7812
i 1213 1 1 7812
end
npc 270 # Bronze dragon (lvl 131)
g 536 1 1
g 2349 5 5
t 1 main
i 1197 1 1 7812
i 1123 1 1 7812
i 1303 1 1 7812
i 829 30 30 156250
i 554 50 50 62500
i 9142 2 12 46875
i 563 10 10 39062
i 565 15 15 23438
i 560 25 25 7812
i 995 196 196 312500
i 995 330 330 78125
i 995 690 690 7812
i 2361 1 1 23438
i 373 2 2 15625
i 373 1 1 7812
i 4585 1 1 488
i 4087 1 1 488
i 816 16 16 54688
i 23083 1 1 10753
i 2722 1 1 7812
i 1315 1 1 31250
i 1355 1 1 23438
i 1369 1 1 23438
i 868 2 2 23438
end
npc 271 # Bronze dragon (lvl 131)
g 536 1 1
g 2349 5 5
t 1 main
i 1197 1 1 7812
i 1123 1 1 7812
i 1303 1 1 7812
i 829 30 30 156250
i 554 50 50 62500
i 9142 2 12 46875
i 563 10 10 39062
i 565 15 15 23438
i 560 25 25 7812
i 995 196 196 312500
i 995 330 330 78125
i 995 690 690 7812
i 2361 1 1 23438
i 373 2 2 15625
i 373 1 1 7812
i 4585 1 1 488
i 4087 1 1 488
i 816 16 16 54688
i 23083 1 1 10753
i 2722 1 1 7812
i 1315 1 1 31250
i 1355 1 1 23438
i 1369 1 1 23438
i 868 2 2 23438
end
npc 272 # Iron dragon (lvl 189)
g 536 1 1
g 2351 5 5
t 1 main
i 1183 1 1 7812
i 1147 1 1 7812
i 1373 1 1 7812
i 830 4 4 156250
i 565 15 15 148438
i 9143 2 12 46875
i 566 3 3 39062
i 995 270 270 156250
i 995 550 550 78125
i 995 990 990 7812
i 161 1 1 62500
i 9431 1 1 39062
i 2361 2 2 23438
i 2011 1 1 23438
i 4585 1 1 977
i 4087 1 1 977
i 817 9 9 54688
i 23083 1 1 12195
i 2722 1 1 7812
i 11286 1 1 100
i 1317 1 1 31250
i 1357 1 1 23438
i 1371 1 1 23438
i 868 5 5 23438
end
npc 273 # Iron dragon (lvl 189)
g 536 1 1
g 2351 5 5
t 1 main
i 1183 1 1 7812
i 1147 1 1 7812
i 1373 1 1 7812
i 830 4 4 156250
i 565 15 15 148438
i 9143 2 12 46875
i 566 3 3 39062
i 995 270 270 156250
i 995 550 550 78125
i 995 990 990 7812
i 161 1 1 62500
i 9431 1 1 39062
i 2361 2 2 23438
i 2011 1 1 23438
i 4585 1 1 977
i 4087 1 1 977
i 817 9 9 54688
i 23083 1 1 12195
i 2722 1 1 7812
i 11286 1 1 100
i 1317 1 1 31250
i 1357 1 1 23438
i 1371 1 1 23438
i 868 5 5 23438
end
npc 274 # Steel dragon (lvl 246)
g 536 1 1
g 2353 5 5
t 1 main
i 1163 1 1 7812
i 565 20 20 148438
i 830 7 7 156250
i 9144 2 12 46875
i 566 5 5 39062
i 995 470 470 132812
i 995 650 650 39062
i 145 1 1 101562
i 9431 1 1 62500
i 19582 12 12 39062
i 2363 1 1 23438
i 165 1 1 23438
i 2011 1 1 7812
i 2011 2 2 7812
i 4585 1 1 1953
i 4087 1 1 1953
i 817 12 12 54688
i 2722 1 1 15625
i 23083 1 1 14286
i 12073 1 1 2000
i 11286 1 1 100
i 1432 1 1 31250
i 1199 1 1 15625
i 868 7 7 23438
i 1359 1 1 15625
end
npc 275 # Steel dragon (lvl 246)
g 536 1 1
g 2353 5 5
t 1 main
i 1163 1 1 7812
i 565 20 20 148438
i 830 7 7 156250
i 9144 2 12 46875
i 566 5 5 39062
i 995 470 470 132812
i 995 650 650 39062
i 145 1 1 101562
i 9431 1 1 62500
i 19582 12 12 39062
i 2363 1 1 23438
i 165 1 1 23438
i 2011 1 1 7812
i 2011 2 2 7812
i 4585 1 1 1953
i 4087 1 1 1953
i 817 12 12 54688
i 2722 1 1 15625
i 23083 1 1 14286
i 12073 1 1 2000
i 11286 1 1 100
i 1432 1 1 31250
i 1199 1 1 15625
i 868 7 7 23438
i 1359 1 1 15625
end
npc 289 # Ghoul (lvl 42)
g 526 1 1
t 1 main
i 7881 1 1 250000
i 6799 1 1 200
end
npc 290 # Dwarf (lvl 10)
g 526 1 1
g 526 1 1
t 1 main
i 1623 1 1 1953
i 1621 1 1 977
i 1619 1 1 488
i 1452 1 1 183
i 1462 1 1 183
i 1617 1 1 122
i 830 5 5 61
i 987 1 1 61
i 985 1 1 61
i 1247 1 1 4
i 2366 1 1 2
i 1249 1 1 1
i 995 10 10 117188
i 995 30 30 15625
i 2347 1 1 78125
i 2349 1 1 54688
i 440 1 1 31250
i 438 1 1 23438
i 436 1 1 23438
i 2351 1 1 23438
i 453 1 1 15625
i 1265 1 1 101562
i 1139 1 1 31250
i 23182 1 1 10000
i 1265 1 1 101562
i 1139 1 1 31250
i 1375 1 1 15625
i 1363 1 1 7812
i 877 2 12 54688
i 562 2 2 31250
i 561 2 2 31250
i 1375 1 1 15625
i 995 4 4 179688
i 995 10 10 93750
i 995 30 30 15625
i 2347 1 1 78125
i 2349 1 1 54688
i 440 1 1 31250
i 438 1 1 23438
i 436 1 1 23438
i 2351 1 1 23438
i 453 1 1 15625
i 1363 1 1 7812
i 877 2 12 54688
i 562 2 2 31250
i 561 2 2 31250
i 995 4 4 156250
end
npc 291 # Chaos dwarf (lvl 48)
g 526 1 1
t 1 main
i 1623 1 1 9766
i 1621 1 1 4883
i 1619 1 1 2441
i 1452 1 1 915
i 1462 1 1 915
i 1617 1 1 610
i 830 5 5 305
i 987 1 1 305
i 985 1 1 305
i 1247 1 1 19
i 2366 1 1 10
i 1249 1 1 7
i 564 3 3 15625
i 560 3 3 7812
i 555 10 10 7812
i 995 92 92 312500
i 995 47 47 140625
i 995 25 25 85938
i 995 150 150 78125
i 995 350 350 15625
i 995 15 15 15625
i 453 1 1 7812
i 1157 1 1 15625
i 991 1 1 54688
i 1985 1 1 7812
i 2359 1 1 46875
i 1982 1 1 7812
i 1299 1 1 7812
i 11941 1 1 333333
i 1181 1 1 7812
i 563 3 3 31250
i 556 24 24 23438
i 562 10 10 23438
i 558 37 37 23438
i 561 9 9 23438
end
npc 292 # Dwarf (lvl 20)
g 526 1 1
g 526 1 1
t 1 main
i 1623 1 1 1953
i 1621 1 1 977
i 1619 1 1 488
i 1452 1 1 183
i 1462 1 1 183
i 1617 1 1 122
i 830 5 5 61
i 987 1 1 61
i 985 1 1 61
i 1247 1 1 4
i 2366 1 1 2
i 1249 1 1 1
i 995 10 10 117188
i 995 30 30 15625
i 2347 1 1 78125
i 2349 1 1 54688
i 440 1 1 31250
i 438 1 1 23438
i 436 1 1 23438
i 2351 1 1 23438
i 453 1 1 15625
i 1265 1 1 101562
i 1139 1 1 31250
i 23182 1 1 10000
i 1265 1 1 101562
i 1139 1 1 31250
i 1375 1 1 15625
i 1363 1 1 7812
i 877 2 12 54688
i 562 2 2 31250
i 561 2 2 31250
i 1375 1 1 15625
i 995 4 4 179688
i 995 10 10 93750
i 995 30 30 15625
i 2347 1 1 78125
i 2349 1 1 54688
i 440 1 1 31250
i 438 1 1 23438
i 436 1 1 23438
i 2351 1 1 23438
i 453 1 1 15625
i 1363 1 1 7812
i 877 2 12 54688
i 562 2 2 31250
i 561 2 2 31250
i 995 4 4 156250
end
npc 294 # Dwarf (lvl 11)
g 526 1 1
g 526 1 1
t 1 main
i 1623 1 1 1953
i 1621 1 1 977
i 1619 1 1 488
i 1452 1 1 183
i 1462 1 1 183
i 1617 1 1 122
i 830 5 5 61
i 987 1 1 61
i 985 1 1 61
i 1247 1 1 4
i 2366 1 1 2
i 1249 1 1 1
i 995 10 10 117188
i 995 30 30 15625
i 2347 1 1 78125
i 2349 1 1 54688
i 440 1 1 31250
i 438 1 1 23438
i 436 1 1 23438
i 2351 1 1 23438
i 453 1 1 15625
i 1265 1 1 101562
i 1139 1 1 31250
i 23182 1 1 10000
i 1265 1 1 101562
i 1139 1 1 31250
i 1375 1 1 15625
i 1363 1 1 7812
i 877 2 12 54688
i 562 2 2 31250
i 561 2 2 31250
i 1375 1 1 15625
i 995 4 4 179688
i 995 10 10 93750
i 995 30 30 15625
i 2347 1 1 78125
i 2349 1 1 54688
i 440 1 1 31250
i 438 1 1 23438
i 436 1 1 23438
i 2351 1 1 23438
i 453 1 1 15625
i 1363 1 1 7812
i 877 2 12 54688
i 562 2 2 31250
i 561 2 2 31250
i 995 4 4 156250
end
npc 295 # Dwarf (lvl 11)
g 526 1 1
g 526 1 1
t 1 main
i 1623 1 1 1953
i 1621 1 1 977
i 1619 1 1 488
i 1452 1 1 183
i 1462 1 1 183
i 1617 1 1 122
i 830 5 5 61
i 987 1 1 61
i 985 1 1 61
i 1247 1 1 4
i 2366 1 1 2
i 1249 1 1 1
i 995 10 10 117188
i 995 30 30 15625
i 2347 1 1 78125
i 2349 1 1 54688
i 440 1 1 31250
i 438 1 1 23438
i 436 1 1 23438
i 2351 1 1 23438
i 453 1 1 15625
i 1265 1 1 101562
i 1139 1 1 31250
i 23182 1 1 10000
i 1265 1 1 101562
i 1139 1 1 31250
i 1375 1 1 15625
i 1363 1 1 7812
i 877 2 12 54688
i 562 2 2 31250
i 561 2 2 31250
i 1375 1 1 15625
i 995 4 4 179688
i 995 10 10 93750
i 995 30 30 15625
i 2347 1 1 78125
i 2349 1 1 54688
i 440 1 1 31250
i 438 1 1 23438
i 436 1 1 23438
i 2351 1 1 23438
i 453 1 1 15625
i 1363 1 1 7812
i 877 2 12 54688
i 562 2 2 31250
i 561 2 2 31250
i 995 4 4 156250
end
npc 296 # Dwarf (lvl 10)
g 526 1 1
g 526 1 1
t 1 main
i 1623 1 1 1953
i 1621 1 1 977
i 1619 1 1 488
i 1452 1 1 183
i 1462 1 1 183
i 1617 1 1 122
i 830 5 5 61
i 987 1 1 61
i 985 1 1 61
i 1247 1 1 4
i 2366 1 1 2
i 1249 1 1 1
i 995 10 10 117188
i 995 30 30 15625
i 2347 1 1 78125
i 2349 1 1 54688
i 440 1 1 31250
i 438 1 1 23438
i 436 1 1 23438
i 2351 1 1 23438
i 453 1 1 15625
i 1265 1 1 101562
i 1139 1 1 31250
i 23182 1 1 10000
i 1265 1 1 101562
i 1139 1 1 31250
i 1375 1 1 15625
i 1363 1 1 7812
i 877 2 12 54688
i 562 2 2 31250
i 561 2 2 31250
i 1375 1 1 15625
i 995 4 4 179688
i 995 10 10 93750
i 995 30 30 15625
i 2347 1 1 78125
i 2349 1 1 54688
i 440 1 1 31250
i 438 1 1 23438
i 436 1 1 23438
i 2351 1 1 23438
i 453 1 1 15625
i 1363 1 1 7812
i 877 2 12 54688
i 562 2 2 31250
i 561 2 2 31250
i 995 4 4 156250
end
npc 299 # Gunthor the brave (lvl 29)
g 526 1 1
t 1 main
i 1623 1 1 1953
i 1621 1 1 977
i 1619 1 1 488
i 1452 1 1 183
i 1462 1 1 183
i 1617 1 1 122
i 830 5 5 61
i 987 1 1 61
i 985 1 1 61
i 1247 1 1 4
i 2366 1 1 2
i 1249 1 1 1
i 554 8 8 15625
i 563 2 2 7812
i 995 8 8 328125
i 995 12 12 70312
i 995 25 25 39062
i 995 32 32 23438
i 2142 1 1 7812
i 1595 1 1 7812
i 1917 1 1 7812
i 948 1 1 7812
i 1349 1 1 46875
i 956 1 1 7812
i 1375 1 1 31250
i 23182 1 1 33333
i 2677 1 1 7812
i 1420 1 1 7812
i 882 10 10 31250
i 562 3 3 31250
i 884 8 8 23438
i 557 5 5 23438
i 558 10 10 15625
end
npc 300 # Jailer (lvl 47)
g 526 1 1
g 1591 1 1
end
npc 301 # Black Heather (lvl 34)
g 526 1 1
t 1 main
i 1623 1 1 3906
i 1621 1 1 1953
i 1619 1 1 977
i 1452 1 1 366
i 1462 1 1 366
i 1617 1 1 244
i 830 5 5 122
i 987 1 1 122
i 985 1 1 122
i 1247 1 1 8
i 2366 1 1 4
i 1249 1 1 3
i 201 1 1 21978
i 203 1 1 16474
i 205 1 1 12821
i 207 1 1 10070
i 209 1 1 7326
i 211 1 1 5495
i 213 1 1 4577
i 215 1 1 3662
i 2485 1 1 2746
i 217 1 1 2746
i 1295 1 1 7812
i 995 48 48 234375
i 995 15 15 140625
i 995 10 10 117188
i 995 8 8 85938
i 995 70 70 78125
i 995 5 5 39062
i 995 150 150 15625
i 442 1 1 85938
i 373 5 5 15625
i 1157 1 1 7812
i 563 2 2 31250
i 11941 1 1 250000
i 2801 1 1 7812
i 23490 1 1 1362
i 21257 1 1 3436
i 561 4 4 31250
i 559 12 12 23438
i 562 3 3 23438
i 555 30 30 23438
i 199 1 1 29326
end
npc 302 # Donny the lad (lvl 34)
g 526 1 1
t 1 main
i 1623 1 1 3906
i 1621 1 1 1953
i 1619 1 1 977
i 1452 1 1 366
i 1462 1 1 366
i 1617 1 1 244
i 830 5 5 122
i 987 1 1 122
i 985 1 1 122
i 1247 1 1 8
i 2366 1 1 4
i 1249 1 1 3
i 201 1 1 21978
i 203 1 1 16474
i 205 1 1 12821
i 207 1 1 10070
i 209 1 1 7326
i 211 1 1 5495
i 213 1 1 4577
i 215 1 1 3662
i 2485 1 1 2746
i 217 1 1 2746
i 1295 1 1 7812
i 995 48 48 234375
i 995 15 15 140625
i 995 10 10 117188
i 995 8 8 85938
i 995 70 70 78125
i 995 5 5 39062
i 995 150 150 15625
i 442 1 1 85938
i 373 5 5 15625
i 1157 1 1 7812
i 563 2 2 31250
i 11941 1 1 250000
i 2801 1 1 7812
i 23490 1 1 1362
i 21257 1 1 3436
i 561 4 4 31250
i 559 12 12 23438
i 562 3 3 23438
i 555 30 30 23438
i 199 1 1 29326
end
npc 303 # Speedy Keith (lvl 34)
g 526 1 1
t 1 main
i 1623 1 1 3906
i 1621 1 1 1953
i 1619 1 1 977
i 1452 1 1 366
i 1462 1 1 366
i 1617 1 1 244
i 830 5 5 122
i 987 1 1 122
i 985 1 1 122
i 1247 1 1 8
i 2366 1 1 4
i 1249 1 1 3
i 201 1 1 21978
i 203 1 1 16474
i 205 1 1 12821
i 207 1 1 10070
i 209 1 1 7326
i 211 1 1 5495
i 213 1 1 4577
i 215 1 1 3662
i 2485 1 1 2746
i 217 1 1 2746
i 1295 1 1 7812
i 995 48 48 234375
i 995 15 15 140625
i 995 10 10 117188
i 995 8 8 85938
i 995 70 70 78125
i 995 5 5 39062
i 995 150 150 15625
i 442 1 1 85938
i 373 5 5 15625
i 1157 1 1 7812
i 563 2 2 31250
i 11941 1 1 250000
i 2801 1 1 7812
i 23490 1 1 1362
i 21257 1 1 3436
i 561 4 4 31250
i 559 12 12 23438
i 562 3 3 23438
i 555 30 30 23438
i 199 1 1 29326
end
npc 304 # Salarin the twisted (lvl 70)
g 526 1 1
t 1 main
i 1623 1 1 1953
i 1621 1 1 977
i 1619 1 1 488
i 1452 1 1 183
i 1462 1 1 183
i 1617 1 1 122
i 830 5 5 61
i 987 1 1 61
i 985 1 1 61
i 1247 1 1 4
i 2366 1 1 2
i 1249 1 1 1
i 205 1 1 33333
i 207 1 1 26178
i 209 1 1 19048
i 211 1 1 14286
i 213 1 1 11905
i 215 1 1 9524
i 2485 1 1 7143
i 217 1 1 7143
i 239 1 1 39062
i 231 1 1 7812
i 1217 1 1 7812
i 227 1 1 7812
i 995 3 3 39062
i 995 24 24 23438
i 995 10 10 23438
i 167 1 1 85938
i 993 1 1 78125
i 555 12 12 39062
i 12073 1 1 2000
i 563 2 2 31250
i 561 3 3 7812
i 554 36 36 7812
i 199 1 1 76336
i 201 1 1 57143
i 203 1 1 42918
end
npc 319 # Corporeal Beast (lvl 785)
t 1 main
i 1623 1 1 5859
i 1621 1 1 2930
i 1619 1 1 1465
i 1452 1 1 549
i 1462 1 1 549
i 1617 1 1 366
i 830 5 5 183
i 987 1 1 183
i 985 1 1 183
i 1247 1 1 11
i 2366 1 1 6
i 1249 1 1 4
i 12823 1 1 733
i 566 250 250 62500
i 9144 250 250 46875
i 560 300 300 42969
i 9245 175 175 39062
i 2 2000 2000 33203
i 890 750 750 33203
i 563 250 250 33203
i 564 500 500 33203
i 383 70 70 41016
i 7936 2500 2500 41016
i 12827 1 1 733
i 2361 35 35 35156
i 1753 100 100 35156
i 449 125 125 33203
i 451 20 20 23438
i 8780 100 100 23438
i 6332 150 150 23438
i 1513 75 75 23438
i 7060 30 30 39062
i 239 120 120 33203
i 9735 120 120 33203
i 12819 1 1 244
i 5321 24 24 29297
i 995 20000 50000 23438
i 5952 40 40 19531
i 12829 1 1 15625
i 5295 10 10 9766
i 12833 1 1 5859
i 4091 1 1 35156
i 12073 1 1 5000
i 25521 1 1 1000
i 12816 1 1 200
i 4093 1 1 35156
i 1405 1 1 23438
i 1403 1 1 23438
i 1407 1 1 23438
i 1401 1 1 23438
end
npc 320 # Dark energy core (lvl 75)
g 592 1 1
end
npc 397 # Guard (lvl 22)
g 526 1 1
g 995 30 30
t 1 main
i 561 1 1 7812
i 886 5 5 7812
i 5318 4 4 52632
i 5319 4 4 40000
i 5324 4 4 26316
i 5322 3 3 12987
i 5320 3 3 6452
i 5323 2 2 3215
i 5321 2 2 1536
i 22879 2 2 1116
i 9140 2 12 78125
i 995 1 1 148438
i 995 7 7 125000
i 995 5 5 140625
i 995 12 12 70312
i 995 4 4 62500
i 995 25 25 31250
i 995 17 17 31250
i 995 30 30 15625
i 1203 1 1 46875
i 1446 1 1 23438
i 886 1 1 31250
i 1947 1 1 7812
i 440 1 1 7812
i 2801 1 1 7812
i 882 1 1 23438
i 556 6 6 15625
i 557 3 3 15625
i 554 2 2 15625
i 565 1 1 7812
i 562 1 1 7812
end
npc 398 # Guard (lvl 22)
g 526 1 1
g 995 30 30
t 1 main
i 561 1 1 7812
i 886 5 5 7812
i 5318 4 4 52632
i 5319 4 4 40000
i 5324 4 4 26316
i 5322 3 3 12987
i 5320 3 3 6452
i 5323 2 2 3215
i 5321 2 2 1536
i 22879 2 2 1116
i 9140 2 12 78125
i 995 1 1 148438
i 995 7 7 125000
i 995 5 5 140625
i 995 12 12 70312
i 995 4 4 62500
i 995 25 25 31250
i 995 17 17 31250
i 995 30 30 15625
i 1203 1 1 46875
i 1446 1 1 23438
i 886 1 1 31250
i 1947 1 1 7812
i 440 1 1 7812
i 2801 1 1 7812
i 882 1 1 23438
i 556 6 6 15625
i 557 3 3 15625
i 554 2 2 15625
i 565 1 1 7812
i 562 1 1 7812
end
npc 399 # Guard (lvl 19)
g 526 1 1
g 995 30 30
t 1 main
i 561 1 1 7812
i 886 5 5 7812
i 5318 4 4 52632
i 5319 4 4 40000
i 5324 4 4 26316
i 5322 3 3 12987
i 5320 3 3 6452
i 5323 2 2 3215
i 5321 2 2 1536
i 22879 2 2 1116
i 9140 2 12 78125
i 995 1 1 148438
i 995 7 7 125000
i 995 5 5 140625
i 995 12 12 70312
i 995 4 4 62500
i 995 25 25 31250
i 995 17 17 31250
i 995 30 30 15625
i 1203 1 1 46875
i 1446 1 1 23438
i 886 1 1 31250
i 1947 1 1 7812
i 440 1 1 7812
i 2801 1 1 7812
i 882 1 1 23438
i 556 6 6 15625
i 557 3 3 15625
i 554 2 2 15625
i 565 1 1 7812
i 562 1 1 7812
end
npc 400 # Guard (lvl 19)
g 526 1 1
g 995 30 30
t 1 main
i 561 1 1 7812
i 886 5 5 7812
i 5318 4 4 52632
i 5319 4 4 40000
i 5324 4 4 26316
i 5322 3 3 12987
i 5320 3 3 6452
i 5323 2 2 3215
i 5321 2 2 1536
i 22879 2 2 1116
i 9140 2 12 78125
i 995 1 1 148438
i 995 7 7 125000
i 995 5 5 140625
i 995 12 12 70312
i 995 4 4 62500
i 995 25 25 31250
i 995 17 17 31250
i 995 30 30 15625
i 1203 1 1 46875
i 1446 1 1 23438
i 886 1 1 31250
i 1947 1 1 7812
i 440 1 1 7812
i 2801 1 1 7812
i 882 1 1 23438
i 556 6 6 15625
i 557 3 3 15625
i 554 2 2 15625
i 565 1 1 7812
i 562 1 1 7812
end
npc 406 # Cave crawler (lvl 23)
t 1 main
i 1623 1 1 1953
i 1621 1 1 977
i 1619 1 1 488
i 1452 1 1 183
i 1462 1 1 183
i 1617 1 1 122
i 830 5 5 61
i 987 1 1 61
i 985 1 1 61
i 1247 1 1 4
i 2366 1 1 2
i 1249 1 1 1
i 4119 1 1 7812
i 5323 1 1 3174
i 5321 1 1 1587
i 22879 1 1 1587
i 199 1 1 42918
i 201 1 1 32258
i 203 1 1 24155
i 205 1 1 18797
i 207 1 1 14771
i 209 1 1 10741
i 211 1 1 8058
i 561 3 4 46875
i 213 1 1 6716
i 215 1 1 5371
i 2485 1 1 4029
i 217 1 1 4029
i 227 1 1 101562
i 239 1 1 39062
i 235 1 1 15625
i 221 1 1 7812
i 223 1 1 7812
i 225 1 1 7812
i 554 12 12 39062
i 231 1 1 7812
i 995 3 3 39062
i 995 8 8 23438
i 995 29 29 23438
i 995 10 10 7812
i 557 9 9 15625
i 5318 1 4 102041
i 5319 1 3 50761
i 5324 1 3 25381
i 5322 1 2 12690
i 5320 1 2 6349
end
npc 407 # Cave crawler (lvl 23)
t 1 main
i 1623 1 1 1953
i 1621 1 1 977
i 1619 1 1 488
i 1452 1 1 183
i 1462 1 1 183
i 1617 1 1 122
i 830 5 5 61
i 987 1 1 61
i 985 1 1 61
i 1247 1 1 4
i 2366 1 1 2
i 1249 1 1 1
i 4119 1 1 7812
i 5323 1 1 3174
i 5321 1 1 1587
i 22879 1 1 1587
i 199 1 1 42918
i 201 1 1 32258
i 203 1 1 24155
i 205 1 1 18797
i 207 1 1 14771
i 209 1 1 10741
i 211 1 1 8058
i 561 3 4 46875
i 213 1 1 6716
i 215 1 1 5371
i 2485 1 1 4029
i 217 1 1 4029
i 227 1 1 101562
i 239 1 1 39062
i 235 1 1 15625
i 221 1 1 7812
i 223 1 1 7812
i 225 1 1 7812
i 554 12 12 39062
i 231 1 1 7812
i 995 3 3 39062
i 995 8 8 23438
i 995 29 29 23438
i 995 10 10 7812
i 557 9 9 15625
i 5318 1 4 102041
i 5319 1 3 50761
i 5324 1 3 25381
i 5322 1 2 12690
i 5320 1 2 6349
end
npc 408 # Cave crawler (lvl 23)
t 1 main
i 1623 1 1 1953
i 1621 1 1 977
i 1619 1 1 488
i 1452 1 1 183
i 1462 1 1 183
i 1617 1 1 122
i 830 5 5 61
i 987 1 1 61
i 985 1 1 61
i 1247 1 1 4
i 2366 1 1 2
i 1249 1 1 1
i 4119 1 1 7812
i 5323 1 1 3174
i 5321 1 1 1587
i 22879 1 1 1587
i 199 1 1 42918
i 201 1 1 32258
i 203 1 1 24155
i 205 1 1 18797
i 207 1 1 14771
i 209 1 1 10741
i 211 1 1 8058
i 561 3 4 46875
i 213 1 1 6716
i 215 1 1 5371
i 2485 1 1 4029
i 217 1 1 4029
i 227 1 1 101562
i 239 1 1 39062
i 235 1 1 15625
i 221 1 1 7812
i 223 1 1 7812
i 225 1 1 7812
i 554 12 12 39062
i 231 1 1 7812
i 995 3 3 39062
i 995 8 8 23438
i 995 29 29 23438
i 995 10 10 7812
i 557 9 9 15625
i 5318 1 4 102041
i 5319 1 3 50761
i 5324 1 3 25381
i 5322 1 2 12690
i 5320 1 2 6349
end
npc 409 # Cave crawler (lvl 23)
t 1 main
i 1623 1 1 1953
i 1621 1 1 977
i 1619 1 1 488
i 1452 1 1 183
i 1462 1 1 183
i 1617 1 1 122
i 830 5 5 61
i 987 1 1 61
i 985 1 1 61
i 1247 1 1 4
i 2366 1 1 2
i 1249 1 1 1
i 4119 1 1 7812
i 5323 1 1 3174
i 5321 1 1 1587
i 22879 1 1 1587
i 199 1 1 42918
i 201 1 1 32258
i 203 1 1 24155
i 205 1 1 18797
i 207 1 1 14771
i 209 1 1 10741
i 211 1 1 8058
i 561 3 4 46875
i 213 1 1 6716
i 215 1 1 5371
i 2485 1 1 4029
i 217 1 1 4029
i 227 1 1 101562
i 239 1 1 39062
i 235 1 1 15625
i 221 1 1 7812
i 223 1 1 7812
i 225 1 1 7812
i 554 12 12 39062
i 231 1 1 7812
i 995 3 3 39062
i 995 8 8 23438
i 995 29 29 23438
i 995 10 10 7812
i 557 9 9 15625
i 5318 1 4 102041
i 5319 1 3 50761
i 5324 1 3 25381
i 5322 1 2 12690
i 5320 1 2 6349
end
npc 410 # Kurask (lvl 106)
g 526 1 1
t 1 main
i 1623 1 1 12097
i 1621 1 1 6048
i 1619 1 1 3024
i 1452 1 1 1134
i 1462 1 1 1134
i 1617 1 1 756
i 830 5 5 378
i 987 1 1 378
i 985 1 1 378
i 1247 1 1 24
i 2366 1 1 12
i 1249 1 1 9
i 561 15 15 56452
i 561 30 30 32258
i 199 1 3 36232
i 201 1 3 27248
i 203 1 3 20408
i 205 1 3 15873
i 207 1 3 12469
i 209 1 3 9074
i 211 1 3 6803
i 213 1 3 5669
i 1197 1 1 24194
i 215 1 3 4537
i 2485 1 3 3403
i 217 1 3 3403
i 5296 1 1 24096
i 5297 1 1 16393
i 5281 1 1 15898
i 5106 1 1 11274
i 5298 1 1 11274
i 5280 1 1 10764
i 22873 1 1 7686
i 1303 1 1 24194
i 5299 1 1 7686
i 5300 1 1 5126
i 5301 1 1 3588
i 5302 1 1 2563
i 22879 3 3 2050
i 5303 1 1 1538
i 5304 1 1 1025
i 5100 1 1 48387
i 995 2000 3000 129032
i 995 10000 10000 40323
i 1123 1 1 24194
i 1779 100 100 48387
i 239 12 12 48387
i 5972 10 10 32258
i 5974 10 10 32258
i 532 20 20 40323
i 1359 1 1 24194
i 23962 1 1 41667
i 23083 1 1 12821
i 2722 1 1 7812
i 11902 1 1 2604
i 7978 1 1 333
i 4111 1 1 1953
i 20727 1 1 975
i 561 10 10 80645
end
npc 411 # Kurask (lvl 106)
g 526 1 1
t 1 main
i 1623 1 1 12097
i 1621 1 1 6048
i 1619 1 1 3024
i 1452 1 1 1134
i 1462 1 1 1134
i 1617 1 1 756
i 830 5 5 378
i 987 1 1 378
i 985 1 1 378
i 1247 1 1 24
i 2366 1 1 12
i 1249 1 1 9
i 561 15 15 56452
i 561 30 30 32258
i 199 1 3 36232
i 201 1 3 27248
i 203 1 3 20408
i 205 1 3 15873
i 207 1 3 12469
i 209 1 3 9074
i 211 1 3 6803
i 213 1 3 5669
i 1197 1 1 24194
i 215 1 3 4537
i 2485 1 3 3403
i 217 1 3 3403
i 5296 1 1 24096
i 5297 1 1 16393
i 5281 1 1 15898
i 5106 1 1 11274
i 5298 1 1 11274
i 5280 1 1 10764
i 22873 1 1 7686
i 1303 1 1 24194
i 5299 1 1 7686
i 5300 1 1 5126
i 5301 1 1 3588
i 5302 1 1 2563
i 22879 3 3 2050
i 5303 1 1 1538
i 5304 1 1 1025
i 5100 1 1 48387
i 995 2000 3000 129032
i 995 10000 10000 40323
i 1123 1 1 24194
i 1779 100 100 48387
i 239 12 12 48387
i 5972 10 10 32258
i 5974 10 10 32258
i 532 20 20 40323
i 1359 1 1 24194
i 23962 1 1 41667
i 23083 1 1 12821
i 2722 1 1 7812
i 11902 1 1 2604
i 7978 1 1 333
i 4111 1 1 1953
i 20727 1 1 975
i 561 10 10 80645
end
npc 412 # Gargoyle (lvl 111)
t 1 main
i 1623 1 1 9766
i 1621 1 1 4883
i 1619 1 1 2441
i 1452 1 1 915
i 1462 1 1 915
i 1617 1 1 610
i 830 5 5 305
i 987 1 1 305
i 985 1 1 305
i 1247 1 1 19
i 2366 1 1 10
i 1249 1 1 7
i 4153 1 1 3906
i 562 30 30 62500
i 554 150 150 46875
i 560 15 15 39062
i 444 10 20 78125
i 7936 150 150 46875
i 2353 15 15 46875
i 2357 10 15 23438
i 2359 15 15 15625
i 451 1 1 15625
i 995 400 800 218750
i 4101 1 1 1953
i 995 500 1000 156250
i 995 10000 10000 39062
i 1073 1 1 31250
i 23083 1 1 12987
i 2722 1 1 7812
i 21724 1 1 6667
i 1163 1 1 23438
i 1319 1 1 15625
i 4129 1 1 7812
i 1373 1 1 7812
i 1079 1 1 7812
i 554 75 75 78125
end
npc 413 # Gargoyle (lvl 111)
t 1 main
i 1623 1 1 9766
i 1621 1 1 4883
i 1619 1 1 2441
i 1452 1 1 915
i 1462 1 1 915
i 1617 1 1 610
i 830 5 5 305
i 987 1 1 305
i 985 1 1 305
i 1247 1 1 19
i 2366 1 1 10
i 1249 1 1 7
i 4153 1 1 3906
i 562 30 30 62500
i 554 150 150 46875
i 560 15 15 39062
i 444 10 20 78125
i 7936 150 150 46875
i 2353 15 15 46875
i 2357 10 15 23438
i 2359 15 15 15625
i 451 1 1 15625
i 995 400 800 218750
i 4101 1 1 1953
i 995 500 1000 156250
i 995 10000 10000 39062
i 1073 1 1 31250
i 23083 1 1 12987
i 2722 1 1 7812
i 21724 1 1 6667
i 1163 1 1 23438
i 1319 1 1 15625
i 4129 1 1 7812
i 1373 1 1 7812
i 1079 1 1 7812
i 554 75 75 78125
end
npc 414 # Banshee (lvl 23)
t 1 main
i 1623 1 1 3906
i 1621 1 1 1953
i 1619 1 1 977
i 1452 1 1 366
i 1462 1 1 366
i 1617 1 1 244
i 830 5 5 122
i 987 1 1 122
i 985 1 1 122
i 1247 1 1 8
i 2366 1 1 4
i 1249 1 1 3
i 1420 1 1 15625
i 199 1 1 66225
i 201 1 1 49751
i 203 1 1 37313
i 205 1 1 29070
i 207 1 1 22831
i 209 1 1 16611
i 211 1 1 12453
i 213 1 1 10373
i 215 1 1 8299
i 2485 1 1 6227
i 1203 1 1 15625
i 217 1 1 6227
i 7936 13 13 171875
i 440 1 1 7812
i 995 13 13 78125
i 995 26 26 62500
i 995 35 35 62500
i 313 15 15 171875
i 313 7 7 39062
i 221 1 1 7812
i 1191 1 1 7812
i 4105 1 1 1953
i 2677 1 1 7812
i 556 3 3 23438
i 564 2 2 23438
i 562 3 3 15625
i 554 7 7 7812
i 562 7 7 7812
end
npc 415 # Abyssal demon (lvl 124)
g 25775 1 1
t 1 main
i 556 50 50 62500
i 562 10 10 46875
i 565 7 7 31250
i 563 3 3 7812
i 199 1 1 37175
i 201 1 1 27855
i 203 1 1 20877
i 205 1 1 16234
i 207 1 1 12755
i 209 1 1 9276
i 1283 1 1 31250
i 211 1 1 6959
i 213 1 1 5797
i 215 1 1 4638
i 2485 1 1 3479
i 217 1 1 3479
i 7936 60 60 39062
i 2361 1 1 15625
i 995 132 132 273438
i 995 220 220 70312
i 995 30 30 54688
i 1365 1 1 23438
i 995 44 44 46875
i 995 460 460 7812
i 379 1 1 15625
i 1454 1 1 7812
i 1452 1 1 7812
i 133 1 1 7812
i 1361 1 1 15625
i 1197 1 1 7812
i 1113 1 1 7812
i 13507 1 1 40000
i 23083 1 1 13158
i 2722 1 1 7812
i 12073 1 1 833
i 7979 1 1 167
i 19677 1 1 4292
i 19679 1 1 2857
i 19681 1 1 2857
i 1147 1 1 7812
i 19683 1 1 2857
i 4151 1 1 1953
i 13265 1 1 31
end
npc 416 # Abyssal demon (lvl 124)
g 25775 1 1
t 1 main
i 556 50 50 62500
i 562 10 10 46875
i 565 7 7 31250
i 563 3 3 7812
i 199 1 1 37175
i 201 1 1 27855
i 203 1 1 20877
i 205 1 1 16234
i 207 1 1 12755
i 209 1 1 9276
i 1283 1 1 31250
i 211 1 1 6959
i 213 1 1 5797
i 215 1 1 4638
i 2485 1 1 3479
i 217 1 1 3479
i 7936 60 60 39062
i 2361 1 1 15625
i 995 132 132 273438
i 995 220 220 70312
i 995 30 30 54688
i 1365 1 1 23438
i 995 44 44 46875
i 995 460 460 7812
i 379 1 1 15625
i 1454 1 1 7812
i 1452 1 1 7812
i 133 1 1 7812
i 1361 1 1 15625
i 1197 1 1 7812
i 1113 1 1 7812
i 13507 1 1 40000
i 23083 1 1 13158
i 2722 1 1 7812
i 12073 1 1 833
i 7979 1 1 167
i 19677 1 1 4292
i 19679 1 1 2857
i 19681 1 1 2857
i 1147 1 1 7812
i 19683 1 1 2857
i 4151 1 1 1953
i 13265 1 1 31
end
npc 417 # Basilisk (lvl 61)
g 526 1 1
g 20543 1 1
t 1 main
i 1623 1 1 9766
i 1621 1 1 4883
i 1619 1 1 2441
i 1452 1 1 915
i 1462 1 1 915
i 1617 1 1 610
i 830 5 5 305
i 987 1 1 305
i 985 1 1 305
i 1247 1 1 19
i 2366 1 1 10
i 1249 1 1 7
i 561 15 15 39062
i 563 3 3 23438
i 561 37 37 7812
i 199 1 1 68493
i 201 1 1 51282
i 203 1 1 38462
i 205 1 1 29940
i 207 1 1 23474
i 209 1 1 17094
i 211 1 1 12821
i 1355 1 1 23438
i 213 1 1 10684
i 215 1 1 8547
i 2485 1 1 6410
i 217 1 1 6410
i 449 1 1 23438
i 995 44 44 226562
i 995 200 200 132812
i 995 132 132 39062
i 995 11 11 39062
i 995 440 440 7812
i 1243 1 1 15625
i 1365 1 1 23438
i 7899 1 1 250000
i 23083 1 1 3096
i 7977 1 1 500
i 1161 1 1 7812
i 1197 1 1 7812
i 1213 1 1 7812
i 4109 1 1 1953
i 555 75 75 62500
end
npc 418 # Basilisk (lvl 61)
g 526 1 1
g 20543 1 1
t 1 main
i 1623 1 1 9766
i 1621 1 1 4883
i 1619 1 1 2441
i 1452 1 1 915
i 1462 1 1 915
i 1617 1 1 610
i 830 5 5 305
i 987 1 1 305
i 985 1 1 305
i 1247 1 1 19
i 2366 1 1 10
i 1249 1 1 7
i 561 15 15 39062
i 563 3 3 23438
i 561 37 37 7812
i 199 1 1 68493
i 201 1 1 51282
i 203 1 1 38462
i 205 1 1 29940
i 207 1 1 23474
i 209 1 1 17094
i 211 1 1 12821
i 1355 1 1 23438
i 213 1 1 10684
i 215 1 1 8547
i 2485 1 1 6410
i 217 1 1 6410
i 449 1 1 23438
i 995 44 44 226562
i 995 200 200 132812
i 995 132 132 39062
i 995 11 11 39062
i 995 440 440 7812
i 1243 1 1 15625
i 1365 1 1 23438
i 7899 1 1 250000
i 23083 1 1 3096
i 7977 1 1 500
i 1161 1 1 7812
i 1197 1 1 7812
i 1213 1 1 7812
i 4109 1 1 1953
i 555 75 75 62500
end
npc 419 # Cockatrice (lvl 37)
g 526 1 1
t 1 main
i 1623 1 1 3906
i 1621 1 1 1953
i 1619 1 1 977
i 1452 1 1 366
i 1462 1 1 366
i 1617 1 1 244
i 830 5 5 122
i 987 1 1 122
i 985 1 1 122
i 1247 1 1 8
i 2366 1 1 4
i 1249 1 1 3
i 561 6 6 15625
i 563 2 2 23438
i 555 2 2 15625
i 554 7 7 15625
i 199 1 1 19531
i 201 1 1 14641
i 203 1 1 10989
i 205 1 1 8547
i 207 1 1 6716
i 209 1 1 4883
i 1279 1 1 23438
i 211 1 1 3662
i 213 1 1 3052
i 215 1 1 2441
i 2485 1 1 1831
i 217 1 1 1831
i 5318 4 4 52632
i 5319 4 4 40000
i 5324 4 4 26316
i 5322 3 3 12987
i 5320 3 3 6452
i 1207 1 1 23438
i 5323 2 2 3215
i 5321 2 2 1536
i 22879 2 2 1116
i 995 15 15 125000
i 995 5 5 93750
i 995 28 28 93750
i 995 62 62 31250
i 995 42 42 23438
i 995 1 1 7812
i 225 1 1 164062
i 4121 1 1 7812
i 826 5 5 7812
i 2801 1 1 7812
i 7976 1 1 1000
i 1295 1 1 7812
i 4117 1 1 1953
i 561 2 2 46875
i 561 4 4 31250
end
npc 420 # Cockatrice (lvl 37)
g 526 1 1
t 1 main
i 1623 1 1 3906
i 1621 1 1 1953
i 1619 1 1 977
i 1452 1 1 366
i 1462 1 1 366
i 1617 1 1 244
i 830 5 5 122
i 987 1 1 122
i 985 1 1 122
i 1247 1 1 8
i 2366 1 1 4
i 1249 1 1 3
i 561 6 6 15625
i 563 2 2 23438
i 555 2 2 15625
i 554 7 7 15625
i 199 1 1 19531
i 201 1 1 14641
i 203 1 1 10989
i 205 1 1 8547
i 207 1 1 6716
i 209 1 1 4883
i 1279 1 1 23438
i 211 1 1 3662
i 213 1 1 3052
i 215 1 1 2441
i 2485 1 1 1831
i 217 1 1 1831
i 5318 4 4 52632
i 5319 4 4 40000
i 5324 4 4 26316
i 5322 3 3 12987
i 5320 3 3 6452
i 1207 1 1 23438
i 5323 2 2 3215
i 5321 2 2 1536
i 22879 2 2 1116
i 995 15 15 125000
i 995 5 5 93750
i 995 28 28 93750
i 995 62 62 31250
i 995 42 42 23438
i 995 1 1 7812
i 225 1 1 164062
i 4121 1 1 7812
i 826 5 5 7812
i 2801 1 1 7812
i 7976 1 1 1000
i 1295 1 1 7812
i 4117 1 1 1953
i 561 2 2 46875
i 561 4 4 31250
end
npc 421 # Rockslug (lvl 29)
t 1 main
i 1623 1 1 11719
i 1621 1 1 5859
i 1619 1 1 2930
i 1452 1 1 1099
i 1462 1 1 1099
i 1617 1 1 732
i 830 5 5 366
i 987 1 1 366
i 985 1 1 366
i 1247 1 1 23
i 2366 1 1 11
i 1249 1 1 9
i 4115 1 1 1953
i 438 1 1 62500
i 447 1 1 7812
i 5318 4 4 26316
i 5319 4 4 19608
i 5324 4 4 12987
i 5322 3 3 6452
i 5320 3 3 3215
i 5323 2 2 1605
i 5321 2 2 767
i 22879 2 2 558
i 557 5 5 234375
i 1913 1 1 101562
i 2347 1 1 78125
i 557 42 42 31250
i 562 2 2 31250
i 453 1 1 101562
i 440 1 1 171875
i 2349 1 1 15625
i 2351 1 1 23438
i 436 1 1 23438
end
npc 422 # Rockslug (lvl 29)
t 1 main
i 1623 1 1 11719
i 1621 1 1 5859
i 1619 1 1 2930
i 1452 1 1 1099
i 1462 1 1 1099
i 1617 1 1 732
i 830 5 5 366
i 987 1 1 366
i 985 1 1 366
i 1247 1 1 23
i 2366 1 1 11
i 1249 1 1 9
i 4115 1 1 1953
i 438 1 1 62500
i 447 1 1 7812
i 5318 4 4 26316
i 5319 4 4 19608
i 5324 4 4 12987
i 5322 3 3 6452
i 5320 3 3 3215
i 5323 2 2 1605
i 5321 2 2 767
i 22879 2 2 558
i 557 5 5 234375
i 1913 1 1 101562
i 2347 1 1 78125
i 557 42 42 31250
i 562 2 2 31250
i 453 1 1 101562
i 440 1 1 171875
i 2349 1 1 15625
i 2351 1 1 23438
i 436 1 1 23438
end
npc 423 # Dust devil (lvl 93)
g 526 1 1
t 1 main
i 1623 1 1 21484
i 1621 1 1 10742
i 1619 1 1 5371
i 1452 1 1 2014
i 1462 1 1 2014
i 1617 1 1 1343
i 830 5 5 671
i 987 1 1 671
i 985 1 1 671
i 1247 1 1 42
i 2366 1 1 21
i 1249 1 1 16
i 1215 1 1 7812
i 20736 1 1 250
i 3140 1 1 31
i 4696 200 200 78125
i 557 300 300 78125
i 554 300 300 78125
i 554 50 50 7812
i 562 80 80 54688
i 892 12 12 39062
i 566 20 20 31250
i 1357 1 1 23438
i 566 50 50 7812
i 199 1 1 37175
i 201 1 1 27855
i 203 1 1 20877
i 205 1 1 16234
i 207 1 1 12755
i 209 1 1 9276
i 211 1 1 6959
i 213 1 1 5797
i 215 1 1 4638
i 1213 1 1 15625
i 2485 1 1 3479
i 217 1 1 3479
i 995 2000 4000 218750
i 1885 4 4 15625
i 2359 10 10 23438
i 2361 4 4 7812
i 2489 1 1 15625
i 23083 1 1 11494
i 2491 1 1 7812
i 1397 1 1 15625
i 1399 1 1 15625
i 1405 1 1 7812
i 1407 1 1 7812
end
npc 426 # Turoth (lvl 86)
g 526 1 1
t 1 main
i 1623 1 1 9766
i 1621 1 1 4883
i 1619 1 1 2441
i 1452 1 1 915
i 1462 1 1 915
i 1617 1 1 610
i 830 5 5 305
i 987 1 1 305
i 985 1 1 305
i 1247 1 1 19
i 2366 1 1 10
i 1249 1 1 7
i 561 15 15 39062
i 561 37 37 7812
i 199 1 3 60606
i 201 1 3 45455
i 203 1 3 34014
i 205 1 3 26455
i 207 1 3 20833
i 209 1 3 15129
i 211 1 3 11351
i 213 1 3 9461
i 1069 1 1 54688
i 215 1 3 7570
i 2485 1 3 5675
i 217 1 3 5675
i 5296 1 1 28011
i 5297 1 1 19084
i 5281 1 1 18484
i 5106 1 1 13106
i 5298 1 1 13106
i 5280 1 1 12516
i 22873 1 1 8937
i 1355 1 1 23438
i 5299 1 1 8937
i 5300 1 1 5959
i 5301 1 1 4172
i 5302 1 1 2980
i 22879 3 3 2383
i 5303 1 1 1788
i 5304 1 1 1192
i 225 1 1 54688
i 995 44 44 226562
i 995 132 132 93750
i 1197 1 1 7812
i 995 440 440 7812
i 1161 1 1 7812
i 2722 1 1 7812
i 23083 1 1 8000
i 1213 1 1 7812
i 11902 1 1 2000
i 4113 1 1 1953
i 563 3 3 46875
end
npc 427 # Turoth (lvl 89)
g 526 1 1
t 1 main
i 1623 1 1 9766
i 1621 1 1 4883
i 1619 1 1 2441
i 1452 1 1 915
i 1462 1 1 915
i 1617 1 1 610
i 830 5 5 305
i 987 1 1 305
i 985 1 1 305
i 1247 1 1 19
i 2366 1 1 10
i 1249 1 1 7
i 561 15 15 39062
i 561 37 37 7812
i 199 1 3 60606
i 201 1 3 45455
i 203 1 3 34014
i 205 1 3 26455
i 207 1 3 20833
i 209 1 3 15129
i 211 1 3 11351
i 213 1 3 9461
i 1069 1 1 54688
i 215 1 3 7570
i 2485 1 3 5675
i 217 1 3 5675
i 5296 1 1 28011
i 5297 1 1 19084
i 5281 1 1 18484
i 5106 1 1 13106
i 5298 1 1 13106
i 5280 1 1 12516
i 22873 1 1 8937
i 1355 1 1 23438
i 5299 1 1 8937
i 5300 1 1 5959
i 5301 1 1 4172
i 5302 1 1 2980
i 22879 3 3 2383
i 5303 1 1 1788
i 5304 1 1 1192
i 225 1 1 54688
i 995 44 44 226562
i 995 132 132 93750
i 1197 1 1 7812
i 995 440 440 7812
i 1161 1 1 7812
i 2722 1 1 7812
i 23083 1 1 8000
i 1213 1 1 7812
i 11902 1 1 2000
i 4113 1 1 1953
i 563 3 3 46875
end
npc 428 # Turoth (lvl 87)
g 526 1 1
t 1 main
i 1623 1 1 9766
i 1621 1 1 4883
i 1619 1 1 2441
i 1452 1 1 915
i 1462 1 1 915
i 1617 1 1 610
i 830 5 5 305
i 987 1 1 305
i 985 1 1 305
i 1247 1 1 19
i 2366 1 1 10
i 1249 1 1 7
i 561 15 15 39062
i 561 37 37 7812
i 199 1 3 60606
i 201 1 3 45455
i 203 1 3 34014
i 205 1 3 26455
i 207 1 3 20833
i 209 1 3 15129
i 211 1 3 11351
i 213 1 3 9461
i 1069 1 1 54688
i 215 1 3 7570
i 2485 1 3 5675
i 217 1 3 5675
i 5296 1 1 28011
i 5297 1 1 19084
i 5281 1 1 18484
i 5106 1 1 13106
i 5298 1 1 13106
i 5280 1 1 12516
i 22873 1 1 8937
i 1355 1 1 23438
i 5299 1 1 8937
i 5300 1 1 5959
i 5301 1 1 4172
i 5302 1 1 2980
i 22879 3 3 2383
i 5303 1 1 1788
i 5304 1 1 1192
i 225 1 1 54688
i 995 44 44 226562
i 995 132 132 93750
i 1197 1 1 7812
i 995 440 440 7812
i 1161 1 1 7812
i 2722 1 1 7812
i 23083 1 1 8000
i 1213 1 1 7812
i 11902 1 1 2000
i 4113 1 1 1953
i 563 3 3 46875
end
npc 429 # Turoth (lvl 85)
g 526 1 1
t 1 main
i 1623 1 1 9766
i 1621 1 1 4883
i 1619 1 1 2441
i 1452 1 1 915
i 1462 1 1 915
i 1617 1 1 610
i 830 5 5 305
i 987 1 1 305
i 985 1 1 305
i 1247 1 1 19
i 2366 1 1 10
i 1249 1 1 7
i 561 15 15 39062
i 561 37 37 7812
i 199 1 3 60606
i 201 1 3 45455
i 203 1 3 34014
i 205 1 3 26455
i 207 1 3 20833
i 209 1 3 15129
i 211 1 3 11351
i 213 1 3 9461
i 1069 1 1 54688
i 215 1 3 7570
i 2485 1 3 5675
i 217 1 3 5675
i 5296 1 1 28011
i 5297 1 1 19084
i 5281 1 1 18484
i 5106 1 1 13106
i 5298 1 1 13106
i 5280 1 1 12516
i 22873 1 1 8937
i 1355 1 1 23438
i 5299 1 1 8937
i 5300 1 1 5959
i 5301 1 1 4172
i 5302 1 1 2980
i 22879 3 3 2383
i 5303 1 1 1788
i 5304 1 1 1192
i 225 1 1 54688
i 995 44 44 226562
i 995 132 132 93750
i 1197 1 1 7812
i 995 440 440 7812
i 1161 1 1 7812
i 2722 1 1 7812
i 23083 1 1 8000
i 1213 1 1 7812
i 11902 1 1 2000
i 4113 1 1 1953
i 563 3 3 46875
end
npc 430 # Turoth (lvl 83)
g 526 1 1
t 1 main
i 1623 1 1 9766
i 1621 1 1 4883
i 1619 1 1 2441
i 1452 1 1 915
i 1462 1 1 915
i 1617 1 1 610
i 830 5 5 305
i 987 1 1 305
i 985 1 1 305
i 1247 1 1 19
i 2366 1 1 10
i 1249 1 1 7
i 561 15 15 39062
i 561 37 37 7812
i 199 1 3 60606
i 201 1 3 45455
i 203 1 3 34014
i 205 1 3 26455
i 207 1 3 20833
i 209 1 3 15129
i 211 1 3 11351
i 213 1 3 9461
i 1069 1 1 54688
i 215 1 3 7570
i 2485 1 3 5675
i 217 1 3 5675
i 5296 1 1 28011
i 5297 1 1 19084
i 5281 1 1 18484
i 5106 1 1 13106
i 5298 1 1 13106
i 5280 1 1 12516
i 22873 1 1 8937
i 1355 1 1 23438
i 5299 1 1 8937
i 5300 1 1 5959
i 5301 1 1 4172
i 5302 1 1 2980
i 22879 3 3 2383
i 5303 1 1 1788
i 5304 1 1 1192
i 225 1 1 54688
i 995 44 44 226562
i 995 132 132 93750
i 1197 1 1 7812
i 995 440 440 7812
i 1161 1 1 7812
i 2722 1 1 7812
i 23083 1 1 8000
i 1213 1 1 7812
i 11902 1 1 2000
i 4113 1 1 1953
i 563 3 3 46875
end
npc 431 # Turoth (lvl 88)
g 526 1 1
t 1 main
i 1623 1 1 9766
i 1621 1 1 4883
i 1619 1 1 2441
i 1452 1 1 915
i 1462 1 1 915
i 1617 1 1 610
i 830 5 5 305
i 987 1 1 305
i 985 1 1 305
i 1247 1 1 19
i 2366 1 1 10
i 1249 1 1 7
i 561 15 15 39062
i 561 37 37 7812
i 199 1 3 60606
i 201 1 3 45455
i 203 1 3 34014
i 205 1 3 26455
i 207 1 3 20833
i 209 1 3 15129
i 211 1 3 11351
i 213 1 3 9461
i 1069 1 1 54688
i 215 1 3 7570
i 2485 1 3 5675
i 217 1 3 5675
i 5296 1 1 28011
i 5297 1 1 19084
i 5281 1 1 18484
i 5106 1 1 13106
i 5298 1 1 13106
i 5280 1 1 12516
i 22873 1 1 8937
i 1355 1 1 23438
i 5299 1 1 8937
i 5300 1 1 5959
i 5301 1 1 4172
i 5302 1 1 2980
i 22879 3 3 2383
i 5303 1 1 1788
i 5304 1 1 1192
i 225 1 1 54688
i 995 44 44 226562
i 995 132 132 93750
i 1197 1 1 7812
i 995 440 440 7812
i 1161 1 1 7812
i 2722 1 1 7812
i 23083 1 1 8000
i 1213 1 1 7812
i 11902 1 1 2000
i 4113 1 1 1953
i 563 3 3 46875
end
npc 432 # Turoth (lvl 88)
g 526 1 1
t 1 main
i 1623 1 1 9766
i 1621 1 1 4883
i 1619 1 1 2441
i 1452 1 1 915
i 1462 1 1 915
i 1617 1 1 610
i 830 5 5 305
i 987 1 1 305
i 985 1 1 305
i 1247 1 1 19
i 2366 1 1 10
i 1249 1 1 7
i 561 15 15 39062
i 561 37 37 7812
i 199 1 3 60606
i 201 1 3 45455
i 203 1 3 34014
i 205 1 3 26455
i 207 1 3 20833
i 209 1 3 15129
i 211 1 3 11351
i 213 1 3 9461
i 1069 1 1 54688
i 215 1 3 7570
i 2485 1 3 5675
i 217 1 3 5675
i 5296 1 1 28011
i 5297 1 1 19084
i 5281 1 1 18484
i 5106 1 1 13106
i 5298 1 1 13106
i 5280 1 1 12516
i 22873 1 1 8937
i 1355 1 1 23438
i 5299 1 1 8937
i 5300 1 1 5959
i 5301 1 1 4172
i 5302 1 1 2980
i 22879 3 3 2383
i 5303 1 1 1788
i 5304 1 1 1192
i 225 1 1 54688
i 995 44 44 226562
i 995 132 132 93750
i 1197 1 1 7812
i 995 440 440 7812
i 1161 1 1 7812
i 2722 1 1 7812
i 23083 1 1 8000
i 1213 1 1 7812
i 11902 1 1 2000
i 4113 1 1 1953
i 563 3 3 46875
end
npc 433 # Pyrefiend (lvl 43)
g 25766 1 1
t 1 main
i 1623 1 1 5859
i 1621 1 1 2930
i 1619 1 1 1465
i 1452 1 1 549
i 1462 1 1 549
i 1617 1 1 366
i 830 5 5 183
i 987 1 1 183
i 985 1 1 183
i 1247 1 1 11
i 2366 1 1 6
i 1249 1 1 4
i 562 12 12 39062
i 560 3 3 23438
i 995 10 10 54688
i 995 40 40 187500
i 995 120 120 156250
i 995 200 200 78125
i 995 450 450 15625
i 444 1 1 62500
i 1993 1 1 15625
i 1353 1 1 31250
i 1157 1 1 31250
i 11941 1 1 333333
i 11942 1 1 16667
i 2801 1 1 7812
i 1109 1 1 15625
i 1387 1 1 23438
i 4123 1 1 7812
i 1145 1 1 7812
i 554 30 30 164062
i 554 60 60 62500
end
npc 434 # Pyrefiend (lvl 43)
g 25766 1 1
t 1 main
i 1623 1 1 5859
i 1621 1 1 2930
i 1619 1 1 1465
i 1452 1 1 549
i 1462 1 1 549
i 1617 1 1 366
i 830 5 5 183
i 987 1 1 183
i 985 1 1 183
i 1247 1 1 11
i 2366 1 1 6
i 1249 1 1 4
i 562 12 12 39062
i 560 3 3 23438
i 995 10 10 54688
i 995 40 40 187500
i 995 120 120 156250
i 995 200 200 78125
i 995 450 450 15625
i 444 1 1 62500
i 1993 1 1 15625
i 1353 1 1 31250
i 1157 1 1 31250
i 11941 1 1 333333
i 11942 1 1 16667
i 2801 1 1 7812
i 1109 1 1 15625
i 1387 1 1 23438
i 4123 1 1 7812
i 1145 1 1 7812
i 554 30 30 164062
i 554 60 60 62500
end
npc 435 # Pyrefiend (lvl 43)
g 25766 1 1
t 1 main
i 1623 1 1 5859
i 1621 1 1 2930
i 1619 1 1 1465
i 1452 1 1 549
i 1462 1 1 549
i 1617 1 1 366
i 830 5 5 183
i 987 1 1 183
i 985 1 1 183
i 1247 1 1 11
i 2366 1 1 6
i 1249 1 1 4
i 562 12 12 39062
i 560 3 3 23438
i 995 10 10 54688
i 995 40 40 187500
i 995 120 120 156250
i 995 200 200 78125
i 995 450 450 15625
i 444 1 1 62500
i 1993 1 1 15625
i 1353 1 1 31250
i 1157 1 1 31250
i 11941 1 1 333333
i 11942 1 1 16667
i 2801 1 1 7812
i 1109 1 1 15625
i 1387 1 1 23438
i 4123 1 1 7812
i 1145 1 1 7812
i 554 30 30 164062
i 554 60 60 62500
end
npc 436 # Pyrefiend (lvl 43)
g 25766 1 1
t 1 main
i 1623 1 1 5859
i 1621 1 1 2930
i 1619 1 1 1465
i 1452 1 1 549
i 1462 1 1 549
i 1617 1 1 366
i 830 5 5 183
i 987 1 1 183
i 985 1 1 183
i 1247 1 1 11
i 2366 1 1 6
i 1249 1 1 4
i 562 12 12 39062
i 560 3 3 23438
i 995 10 10 54688
i 995 40 40 187500
i 995 120 120 156250
i 995 200 200 78125
i 995 450 450 15625
i 444 1 1 62500
i 1993 1 1 15625
i 1353 1 1 31250
i 1157 1 1 31250
i 11941 1 1 333333
i 11942 1 1 16667
i 2801 1 1 7812
i 1109 1 1 15625
i 1387 1 1 23438
i 4123 1 1 7812
i 1145 1 1 7812
i 554 30 30 164062
i 554 60 60 62500
end
npc 437 # Jelly (lvl 78)
t 1 main
i 1623 1 1 7812
i 1621 1 1 3906
i 1619 1 1 1953
i 1452 1 1 732
i 1462 1 1 732
i 1617 1 1 488
i 830 5 5 244
i 987 1 1 244
i 985 1 1 244
i 1247 1 1 15
i 2366 1 1 8
i 1249 1 1 6
i 1365 1 1 85938
i 995 11 11 54688
i 995 460 460 15625
i 562 15 15 39062
i 560 5 5 23438
i 2357 1 1 15625
i 1734 10 10 7812
i 1311 1 1 54688
i 2722 1 1 7812
i 23083 1 1 6410
i 1353 1 1 23438
i 1197 1 1 15625
i 4127 1 1 7812
i 1163 1 1 7812
i 995 102 102 304688
i 995 44 44 234375
i 995 220 220 78125
end
npc 438 # Jelly (lvl 78)
t 1 main
i 1623 1 1 7812
i 1621 1 1 3906
i 1619 1 1 1953
i 1452 1 1 732
i 1462 1 1 732
i 1617 1 1 488
i 830 5 5 244
i 987 1 1 244
i 985 1 1 244
i 1247 1 1 15
i 2366 1 1 8
i 1249 1 1 6
i 1365 1 1 85938
i 995 11 11 54688
i 995 460 460 15625
i 562 15 15 39062
i 560 5 5 23438
i 2357 1 1 15625
i 1734 10 10 7812
i 1311 1 1 54688
i 2722 1 1 7812
i 23083 1 1 6410
i 1353 1 1 23438
i 1197 1 1 15625
i 4127 1 1 7812
i 1163 1 1 7812
i 995 102 102 304688
i 995 44 44 234375
i 995 220 220 78125
end
npc 439 # Jelly (lvl 78)
t 1 main
i 1623 1 1 7812
i 1621 1 1 3906
i 1619 1 1 1953
i 1452 1 1 732
i 1462 1 1 732
i 1617 1 1 488
i 830 5 5 244
i 987 1 1 244
i 985 1 1 244
i 1247 1 1 15
i 2366 1 1 8
i 1249 1 1 6
i 1365 1 1 85938
i 995 11 11 54688
i 995 460 460 15625
i 562 15 15 39062
i 560 5 5 23438
i 2357 1 1 15625
i 1734 10 10 7812
i 1311 1 1 54688
i 2722 1 1 7812
i 23083 1 1 6410
i 1353 1 1 23438
i 1197 1 1 15625
i 4127 1 1 7812
i 1163 1 1 7812
i 995 102 102 304688
i 995 44 44 234375
i 995 220 220 78125
end
npc 440 # Jelly (lvl 78)
t 1 main
i 1623 1 1 7812
i 1621 1 1 3906
i 1619 1 1 1953
i 1452 1 1 732
i 1462 1 1 732
i 1617 1 1 488
i 830 5 5 244
i 987 1 1 244
i 985 1 1 244
i 1247 1 1 15
i 2366 1 1 8
i 1249 1 1 6
i 1365 1 1 85938
i 995 11 11 54688
i 995 460 460 15625
i 562 15 15 39062
i 560 5 5 23438
i 2357 1 1 15625
i 1734 10 10 7812
i 1311 1 1 54688
i 2722 1 1 7812
i 23083 1 1 6410
i 1353 1 1 23438
i 1197 1 1 15625
i 4127 1 1 7812
i 1163 1 1 7812
i 995 102 102 304688
i 995 44 44 234375
i 995 220 220 78125
end
npc 441 # Jelly (lvl 78)
t 1 main
i 1623 1 1 7812
i 1621 1 1 3906
i 1619 1 1 1953
i 1452 1 1 732
i 1462 1 1 732
i 1617 1 1 488
i 830 5 5 244
i 987 1 1 244
i 985 1 1 244
i 1247 1 1 15
i 2366 1 1 8
i 1249 1 1 6
i 1365 1 1 85938
i 995 11 11 54688
i 995 460 460 15625
i 562 15 15 39062
i 560 5 5 23438
i 2357 1 1 15625
i 1734 10 10 7812
i 1311 1 1 54688
i 2722 1 1 7812
i 23083 1 1 6410
i 1353 1 1 23438
i 1197 1 1 15625
i 4127 1 1 7812
i 1163 1 1 7812
i 995 102 102 304688
i 995 44 44 234375
i 995 220 220 78125
end
npc 442 # Jelly (lvl 78)
t 1 main
i 1623 1 1 7812
i 1621 1 1 3906
i 1619 1 1 1953
i 1452 1 1 732
i 1462 1 1 732
i 1617 1 1 488
i 830 5 5 244
i 987 1 1 244
i 985 1 1 244
i 1247 1 1 15
i 2366 1 1 8
i 1249 1 1 6
i 1365 1 1 85938
i 995 11 11 54688
i 995 460 460 15625
i 562 15 15 39062
i 560 5 5 23438
i 2357 1 1 15625
i 1734 10 10 7812
i 1311 1 1 54688
i 2722 1 1 7812
i 23083 1 1 6410
i 1353 1 1 23438
i 1197 1 1 15625
i 4127 1 1 7812
i 1163 1 1 7812
i 995 102 102 304688
i 995 44 44 234375
i 995 220 220 78125
end
npc 443 # Infernal Mage (lvl 66)
g 526 1 1
t 1 main
i 556 10 10 23438
i 555 10 10 23438
i 556 18 18 15625
i 555 18 18 15625
i 557 18 18 15625
i 554 18 18 15625
i 558 18 18 15625
i 559 18 18 15625
i 565 4 4 15625
i 560 7 7 140625
i 4107 1 1 1953
i 995 1 1 148438
i 995 2 2 109375
i 995 4 4 62500
i 995 29 29 23438
i 4099 1 1 1953
i 1379 1 1 62500
i 1387 1 1 7812
i 3053 1 1 1000
i 557 10 10 46875
i 554 10 10 46875
i 557 36 36 31250
end
npc 444 # Infernal Mage (lvl 66)
g 526 1 1
t 1 main
i 556 10 10 23438
i 555 10 10 23438
i 556 18 18 15625
i 555 18 18 15625
i 557 18 18 15625
i 554 18 18 15625
i 558 18 18 15625
i 559 18 18 15625
i 565 4 4 15625
i 560 7 7 140625
i 4107 1 1 1953
i 995 1 1 148438
i 995 2 2 109375
i 995 4 4 62500
i 995 29 29 23438
i 4099 1 1 1953
i 1379 1 1 62500
i 1387 1 1 7812
i 3053 1 1 1000
i 557 10 10 46875
i 554 10 10 46875
i 557 36 36 31250
end
npc 445 # Infernal Mage (lvl 66)
g 526 1 1
t 1 main
i 556 10 10 23438
i 555 10 10 23438
i 556 18 18 15625
i 555 18 18 15625
i 557 18 18 15625
i 554 18 18 15625
i 558 18 18 15625
i 559 18 18 15625
i 565 4 4 15625
i 560 7 7 140625
i 4107 1 1 1953
i 995 1 1 148438
i 995 2 2 109375
i 995 4 4 62500
i 995 29 29 23438
i 4099 1 1 1953
i 1379 1 1 62500
i 1387 1 1 7812
i 3053 1 1 1000
i 557 10 10 46875
i 554 10 10 46875
i 557 36 36 31250
end
npc 446 # Infernal Mage (lvl 66)
g 526 1 1
t 1 main
i 556 10 10 23438
i 555 10 10 23438
i 556 18 18 15625
i 555 18 18 15625
i 557 18 18 15625
i 554 18 18 15625
i 558 18 18 15625
i 559 18 18 15625
i 565 4 4 15625
i 560 7 7 140625
i 4107 1 1 1953
i 995 1 1 148438
i 995 2 2 109375
i 995 4 4 62500
i 995 29 29 23438
i 4099 1 1 1953
i 1379 1 1 62500
i 1387 1 1 7812
i 3053 1 1 1000
i 557 10 10 46875
i 554 10 10 46875
i 557 36 36 31250
end
npc 447 # Infernal Mage (lvl 66)
g 526 1 1
t 1 main
i 556 10 10 23438
i 555 10 10 23438
i 556 18 18 15625
i 555 18 18 15625
i 557 18 18 15625
i 554 18 18 15625
i 558 18 18 15625
i 559 18 18 15625
i 565 4 4 15625
i 560 7 7 140625
i 4107 1 1 1953
i 995 1 1 148438
i 995 2 2 109375
i 995 4 4 62500
i 995 29 29 23438
i 4099 1 1 1953
i 1379 1 1 62500
i 1387 1 1 7812
i 3053 1 1 1000
i 557 10 10 46875
i 554 10 10 46875
i 557 36 36 31250
end
npc 448 # Crawling Hand (lvl 8)
g 526 1 1
t 1 main
i 1623 1 1 3906
i 1621 1 1 1953
i 1619 1 1 977
i 1452 1 1 366
i 1462 1 1 366
i 1617 1 1 244
i 830 5 5 122
i 987 1 1 122
i 985 1 1 122
i 1247 1 1 8
i 2366 1 1 4
i 1249 1 1 3
i 995 5 5 164062
i 995 8 8 179688
i 1059 1 1 164062
i 7975 1 1 2000
i 2942 1 1 15625
i 2922 1 1 15625
i 2912 1 1 15625
i 2932 1 1 15625
i 1635 1 1 23438
i 1637 1 1 15625
i 1639 1 1 15625
end
npc 449 # Crawling Hand (lvl 8)
g 526 1 1
t 1 main
i 1623 1 1 3906
i 1621 1 1 1953
i 1619 1 1 977
i 1452 1 1 366
i 1462 1 1 366
i 1617 1 1 244
i 830 5 5 122
i 987 1 1 122
i 985 1 1 122
i 1247 1 1 8
i 2366 1 1 4
i 1249 1 1 3
i 995 5 5 164062
i 995 8 8 179688
i 1059 1 1 164062
i 7975 1 1 2000
i 2942 1 1 15625
i 2922 1 1 15625
i 2912 1 1 15625
i 2932 1 1 15625
i 1635 1 1 23438
i 1637 1 1 15625
i 1639 1 1 15625
end
npc 450 # Crawling Hand (lvl 7)
g 526 1 1
t 1 main
i 1623 1 1 3906
i 1621 1 1 1953
i 1619 1 1 977
i 1452 1 1 366
i 1462 1 1 366
i 1617 1 1 244
i 830 5 5 122
i 987 1 1 122
i 985 1 1 122
i 1247 1 1 8
i 2366 1 1 4
i 1249 1 1 3
i 995 5 5 164062
i 995 8 8 179688
i 1059 1 1 164062
i 7975 1 1 2000
i 2942 1 1 15625
i 2922 1 1 15625
i 2912 1 1 15625
i 2932 1 1 15625
i 1635 1 1 23438
i 1637 1 1 15625
i 1639 1 1 15625
end
npc 451 # Crawling Hand (lvl 8)
g 526 1 1
t 1 main
i 1623 1 1 3906
i 1621 1 1 1953
i 1619 1 1 977
i 1452 1 1 366
i 1462 1 1 366
i 1617 1 1 244
i 830 5 5 122
i 987 1 1 122
i 985 1 1 122
i 1247 1 1 8
i 2366 1 1 4
i 1249 1 1 3
i 995 5 5 164062
i 995 8 8 179688
i 1059 1 1 164062
i 7975 1 1 2000
i 2942 1 1 15625
i 2922 1 1 15625
i 2912 1 1 15625
i 2932 1 1 15625
i 1635 1 1 23438
i 1637 1 1 15625
i 1639 1 1 15625
end
npc 452 # Crawling Hand (lvl 8)
g 526 1 1
t 1 main
i 1623 1 1 3906
i 1621 1 1 1953
i 1619 1 1 977
i 1452 1 1 366
i 1462 1 1 366
i 1617 1 1 244
i 830 5 5 122
i 987 1 1 122
i 985 1 1 122
i 1247 1 1 8
i 2366 1 1 4
i 1249 1 1 3
i 995 5 5 164062
i 995 8 8 179688
i 1059 1 1 164062
i 7975 1 1 2000
i 2942 1 1 15625
i 2922 1 1 15625
i 2912 1 1 15625
i 2932 1 1 15625
i 1635 1 1 23438
i 1637 1 1 15625
i 1639 1 1 15625
end
npc 453 # Crawling Hand (lvl 12)
g 526 1 1
t 1 main
i 1623 1 1 3906
i 1621 1 1 1953
i 1619 1 1 977
i 1452 1 1 366
i 1462 1 1 366
i 1617 1 1 244
i 830 5 5 122
i 987 1 1 122
i 985 1 1 122
i 1247 1 1 8
i 2366 1 1 4
i 1249 1 1 3
i 995 5 5 164062
i 995 8 8 179688
i 1059 1 1 164062
i 7975 1 1 2000
i 2942 1 1 15625
i 2922 1 1 15625
i 2912 1 1 15625
i 2932 1 1 15625
i 1635 1 1 23438
i 1637 1 1 15625
i 1639 1 1 15625
end
npc 454 # Crawling Hand (lvl 12)
g 526 1 1
t 1 main
i 1623 1 1 3906
i 1621 1 1 1953
i 1619 1 1 977
i 1452 1 1 366
i 1462 1 1 366
i 1617 1 1 244
i 830 5 5 122
i 987 1 1 122
i 985 1 1 122
i 1247 1 1 8
i 2366 1 1 4
i 1249 1 1 3
i 995 5 5 164062
i 995 8 8 179688
i 1059 1 1 164062
i 7975 1 1 2000
i 2942 1 1 15625
i 2922 1 1 15625
i 2912 1 1 15625
i 2932 1 1 15625
i 1635 1 1 23438
i 1637 1 1 15625
i 1639 1 1 15625
end
npc 455 # Crawling Hand (lvl 11)
g 526 1 1
t 1 main
i 1623 1 1 3906
i 1621 1 1 1953
i 1619 1 1 977
i 1452 1 1 366
i 1462 1 1 366
i 1617 1 1 244
i 830 5 5 122
i 987 1 1 122
i 985 1 1 122
i 1247 1 1 8
i 2366 1 1 4
i 1249 1 1 3
i 995 5 5 164062
i 995 8 8 179688
i 1059 1 1 164062
i 7975 1 1 2000
i 2942 1 1 15625
i 2922 1 1 15625
i 2912 1 1 15625
i 2932 1 1 15625
i 1635 1 1 23438
i 1637 1 1 15625
i 1639 1 1 15625
end
npc 456 # Crawling Hand (lvl 12)
g 526 1 1
t 1 main
i 1623 1 1 3906
i 1621 1 1 1953
i 1619 1 1 977
i 1452 1 1 366
i 1462 1 1 366
i 1617 1 1 244
i 830 5 5 122
i 987 1 1 122
i 985 1 1 122
i 1247 1 1 8
i 2366 1 1 4
i 1249 1 1 3
i 995 5 5 164062
i 995 8 8 179688
i 1059 1 1 164062
i 7975 1 1 2000
i 2942 1 1 15625
i 2922 1 1 15625
i 2912 1 1 15625
i 2932 1 1 15625
i 1635 1 1 23438
i 1637 1 1 15625
i 1639 1 1 15625
end
npc 457 # Crawling Hand (lvl 12)
g 526 1 1
t 1 main
i 1623 1 1 3906
i 1621 1 1 1953
i 1619 1 1 977
i 1452 1 1 366
i 1462 1 1 366
i 1617 1 1 244
i 830 5 5 122
i 987 1 1 122
i 985 1 1 122
i 1247 1 1 8
i 2366 1 1 4
i 1249 1 1 3
i 995 5 5 164062
i 995 8 8 179688
i 1059 1 1 164062
i 7975 1 1 2000
i 2942 1 1 15625
i 2922 1 1 15625
i 2912 1 1 15625
i 2932 1 1 15625
i 1635 1 1 23438
i 1637 1 1 15625
i 1639 1 1 15625
end
npc 458 # Lizard (lvl 42)
g 532 1 1
t 1 main
i 1623 1 1 11719
i 1621 1 1 5859
i 1619 1 1 2930
i 1452 1 1 1099
i 1462 1 1 1099
i 1617 1 1 732
i 830 5 5 366
i 987 1 1 366
i 985 1 1 366
i 1247 1 1 23
i 2366 1 1 11
i 1249 1 1 9
i 207 1 1 6716
i 209 1 1 4883
i 211 1 1 3662
i 213 1 1 3052
i 215 1 1 2441
i 2485 1 1 1831
i 217 1 1 1831
i 5318 4 4 26316
i 5319 4 4 19608
i 5324 4 4 12987
i 4115 1 1 1953
i 5322 3 3 6452
i 5320 3 3 3215
i 5323 2 2 1605
i 5321 2 2 767
i 22879 2 2 558
i 453 1 1 101562
i 436 1 1 23438
i 440 1 1 171875
i 2355 1 1 15625
i 442 1 1 23438
i 554 5 5 234375
i 438 1 1 31250
i 447 1 1 7812
i 1971 1 1 101562
i 1831 2 2 101562
i 554 42 42 109375
i 7902 1 1 250000
i 10976 1 1 2500
i 10977 1 1 200
i 561 5 5 31250
i 199 1 1 19531
i 201 1 1 14641
i 203 1 1 10989
i 205 1 1 8547
end
npc 459 # Desert Lizard (lvl 24)
g 526 1 1
t 1 main
i 1623 1 1 11719
i 1621 1 1 5859
i 1619 1 1 2930
i 1452 1 1 1099
i 1462 1 1 1099
i 1617 1 1 732
i 830 5 5 366
i 987 1 1 366
i 985 1 1 366
i 1247 1 1 23
i 2366 1 1 11
i 1249 1 1 9
i 207 1 1 6716
i 209 1 1 4883
i 211 1 1 3662
i 213 1 1 3052
i 215 1 1 2441
i 2485 1 1 1831
i 217 1 1 1831
i 5318 4 4 26316
i 5319 4 4 19608
i 5324 4 4 12987
i 4115 1 1 1953
i 5322 3 3 6452
i 5320 3 3 3215
i 5323 2 2 1605
i 5321 2 2 767
i 22879 2 2 558
i 453 1 1 101562
i 436 1 1 23438
i 440 1 1 171875
i 2355 1 1 15625
i 442 1 1 23438
i 554 5 5 234375
i 438 1 1 31250
i 447 1 1 7812
i 1971 1 1 101562
i 1831 2 2 101562
i 554 42 42 109375
i 561 5 5 31250
i 199 1 1 19531
i 201 1 1 14641
i 203 1 1 10989
i 205 1 1 8547
end
npc 460 # Desert Lizard (lvl 24)
g 526 1 1
t 1 main
i 1623 1 1 11719
i 1621 1 1 5859
i 1619 1 1 2930
i 1452 1 1 1099
i 1462 1 1 1099
i 1617 1 1 732
i 830 5 5 366
i 987 1 1 366
i 985 1 1 366
i 1247 1 1 23
i 2366 1 1 11
i 1249 1 1 9
i 207 1 1 6716
i 209 1 1 4883
i 211 1 1 3662
i 213 1 1 3052
i 215 1 1 2441
i 2485 1 1 1831
i 217 1 1 1831
i 5318 4 4 26316
i 5319 4 4 19608
i 5324 4 4 12987
i 4115 1 1 1953
i 5322 3 3 6452
i 5320 3 3 3215
i 5323 2 2 1605
i 5321 2 2 767
i 22879 2 2 558
i 453 1 1 101562
i 436 1 1 23438
i 440 1 1 171875
i 2355 1 1 15625
i 442 1 1 23438
i 554 5 5 234375
i 438 1 1 31250
i 447 1 1 7812
i 1971 1 1 101562
i 1831 2 2 101562
i 554 42 42 109375
i 561 5 5 31250
i 199 1 1 19531
i 201 1 1 14641
i 203 1 1 10989
i 205 1 1 8547
end
npc 461 # Desert Lizard (lvl 24)
g 526 1 1
t 1 main
i 1623 1 1 11719
i 1621 1 1 5859
i 1619 1 1 2930
i 1452 1 1 1099
i 1462 1 1 1099
i 1617 1 1 732
i 830 5 5 366
i 987 1 1 366
i 985 1 1 366
i 1247 1 1 23
i 2366 1 1 11
i 1249 1 1 9
i 207 1 1 6716
i 209 1 1 4883
i 211 1 1 3662
i 213 1 1 3052
i 215 1 1 2441
i 2485 1 1 1831
i 217 1 1 1831
i 5318 4 4 26316
i 5319 4 4 19608
i 5324 4 4 12987
i 4115 1 1 1953
i 5322 3 3 6452
i 5320 3 3 3215
i 5323 2 2 1605
i 5321 2 2 767
i 22879 2 2 558
i 453 1 1 101562
i 436 1 1 23438
i 440 1 1 171875
i 2355 1 1 15625
i 442 1 1 23438
i 554 5 5 234375
i 438 1 1 31250
i 447 1 1 7812
i 1971 1 1 101562
i 1831 2 2 101562
i 554 42 42 109375
i 561 5 5 31250
i 199 1 1 19531
i 201 1 1 14641
i 203 1 1 10989
i 205 1 1 8547
end
npc 462 # Small Lizard (lvl 12)
g 526 1 1
t 1 main
i 1623 1 1 11719
i 1621 1 1 5859
i 1619 1 1 2930
i 1452 1 1 1099
i 1462 1 1 1099
i 1617 1 1 732
i 830 5 5 366
i 987 1 1 366
i 985 1 1 366
i 1247 1 1 23
i 2366 1 1 11
i 1249 1 1 9
i 207 1 1 6716
i 209 1 1 4883
i 211 1 1 3662
i 213 1 1 3052
i 215 1 1 2441
i 2485 1 1 1831
i 217 1 1 1831
i 5318 4 4 26316
i 5319 4 4 19608
i 5324 4 4 12987
i 4115 1 1 1953
i 5322 3 3 6452
i 5320 3 3 3215
i 5323 2 2 1605
i 5321 2 2 767
i 22879 2 2 558
i 453 1 1 101562
i 436 1 1 23438
i 440 1 1 171875
i 2355 1 1 15625
i 442 1 1 23438
i 554 5 5 234375
i 438 1 1 31250
i 447 1 1 7812
i 1971 1 1 101562
i 1831 2 2 101562
i 554 42 42 109375
i 561 5 5 31250
i 199 1 1 19531
i 201 1 1 14641
i 203 1 1 10989
i 205 1 1 8547
end
npc 463 # Small Lizard (lvl 12)
g 526 1 1
t 1 main
i 1623 1 1 11719
i 1621 1 1 5859
i 1619 1 1 2930
i 1452 1 1 1099
i 1462 1 1 1099
i 1617 1 1 732
i 830 5 5 366
i 987 1 1 366
i 985 1 1 366
i 1247 1 1 23
i 2366 1 1 11
i 1249 1 1 9
i 207 1 1 6716
i 209 1 1 4883
i 211 1 1 3662
i 213 1 1 3052
i 215 1 1 2441
i 2485 1 1 1831
i 217 1 1 1831
i 5318 4 4 26316
i 5319 4 4 19608
i 5324 4 4 12987
i 4115 1 1 1953
i 5322 3 3 6452
i 5320 3 3 3215
i 5323 2 2 1605
i 5321 2 2 767
i 22879 2 2 558
i 453 1 1 101562
i 436 1 1 23438
i 440 1 1 171875
i 2355 1 1 15625
i 442 1 1 23438
i 554 5 5 234375
i 438 1 1 31250
i 447 1 1 7812
i 1971 1 1 101562
i 1831 2 2 101562
i 554 42 42 109375
i 561 5 5 31250
i 199 1 1 19531
i 201 1 1 14641
i 203 1 1 10989
i 205 1 1 8547
end
npc 464 # Harpie Bug Swarm (lvl 46)
t 1 main
i 1623 1 1 5859
i 1621 1 1 2930
i 1619 1 1 1465
i 1452 1 1 549
i 1462 1 1 549
i 1617 1 1 366
i 830 5 5 183
i 987 1 1 183
i 985 1 1 183
i 1247 1 1 11
i 2366 1 1 6
i 1249 1 1 4
i 1353 1 1 31250
i 560 3 3 23438
i 995 40 40 195312
i 995 160 160 156250
i 995 230 230 78125
i 995 30 30 54688
i 995 490 490 15625
i 444 1 1 62500
i 1993 1 1 15625
i 1157 1 1 31250
i 2801 1 1 7812
i 1387 1 1 23438
i 1109 1 1 15625
i 1145 1 1 7812
i 4123 1 1 7812
i 554 30 30 156250
i 554 60 60 62500
i 562 15 15 39062
end
npc 465 # Skeletal Wyvern (lvl 140)
g 6812 1 1
t 1 main
i 1163 1 1 15625
i 1201 1 1 15625
i 556 225 225 46875
i 892 36 36 39062
i 555 150 150 31250
i 562 80 80 31250
i 563 45 45 31250
i 560 40 40 31250
i 565 25 25 31250
i 9143 75 99 23438
i 6809 1 1 1953
i 9144 35 44 23438
i 566 20 20 7812
i 199 1 3 13680
i 201 1 3 10256
i 203 1 3 7692
i 205 1 3 5981
i 207 1 3 4699
i 209 1 3 3418
i 211 1 3 2563
i 213 1 3 2136
i 4087 1 1 1953
i 215 1 3 1709
i 2485 1 3 1282
i 217 1 3 1282
i 7936 250 250 62500
i 1513 35 35 46875
i 2361 10 10 46875
i 440 200 200 23438
i 1619 10 10 15625
i 1617 5 5 15625
i 995 300 300 93750
i 4585 1 1 1953
i 379 6 6 62500
i 2434 2 2 54688
i 567 75 75 15625
i 9465 1 1 15625
i 5295 3 3 15625
i 5300 1 1 15625
i 1399 1 1 31250
i 1391 10 10 23438
i 1359 1 1 23438
i 23083 1 1 13699
i 12073 1 1 2857
i 11286 1 1 100
i 1373 1 1 15625
i 1347 1 1 15625
end
npc 466 # Skeletal Wyvern (lvl 140)
g 6812 1 1
t 1 main
i 1163 1 1 15625
i 1201 1 1 15625
i 556 225 225 46875
i 892 36 36 39062
i 555 150 150 31250
i 562 80 80 31250
i 563 45 45 31250
i 560 40 40 31250
i 565 25 25 31250
i 9143 75 99 23438
i 6809 1 1 1953
i 9144 35 44 23438
i 566 20 20 7812
i 199 1 3 13680
i 201 1 3 10256
i 203 1 3 7692
i 205 1 3 5981
i 207 1 3 4699
i 209 1 3 3418
i 211 1 3 2563
i 213 1 3 2136
i 4087 1 1 1953
i 215 1 3 1709
i 2485 1 3 1282
i 217 1 3 1282
i 7936 250 250 62500
i 1513 35 35 46875
i 2361 10 10 46875
i 440 200 200 23438
i 1619 10 10 15625
i 1617 5 5 15625
i 995 300 300 93750
i 4585 1 1 1953
i 379 6 6 62500
i 2434 2 2 54688
i 567 75 75 15625
i 9465 1 1 15625
i 5295 3 3 15625
i 5300 1 1 15625
i 1399 1 1 31250
i 1391 10 10 23438
i 1359 1 1 23438
i 23083 1 1 13699
i 12073 1 1 2857
i 11286 1 1 100
i 1373 1 1 15625
i 1347 1 1 15625
end
npc 467 # Skeletal Wyvern (lvl 140)
g 6812 1 1
t 1 main
i 1163 1 1 15625
i 1201 1 1 15625
i 556 225 225 46875
i 892 36 36 39062
i 555 150 150 31250
i 562 80 80 31250
i 563 45 45 31250
i 560 40 40 31250
i 565 25 25 31250
i 9143 75 99 23438
i 6809 1 1 1953
i 9144 35 44 23438
i 566 20 20 7812
i 199 1 3 13680
i 201 1 3 10256
i 203 1 3 7692
i 205 1 3 5981
i 207 1 3 4699
i 209 1 3 3418
i 211 1 3 2563
i 213 1 3 2136
i 4087 1 1 1953
i 215 1 3 1709
i 2485 1 3 1282
i 217 1 3 1282
i 7936 250 250 62500
i 1513 35 35 46875
i 2361 10 10 46875
i 440 200 200 23438
i 1619 10 10 15625
i 1617 5 5 15625
i 995 300 300 93750
i 4585 1 1 1953
i 379 6 6 62500
i 2434 2 2 54688
i 567 75 75 15625
i 9465 1 1 15625
i 5295 3 3 15625
i 5300 1 1 15625
i 1399 1 1 31250
i 1391 10 10 23438
i 1359 1 1 23438
i 23083 1 1 13699
i 12073 1 1 2857
i 11286 1 1 100
i 1373 1 1 15625
i 1347 1 1 15625
end
npc 468 # Skeletal Wyvern (lvl 140)
g 6812 1 1
t 1 main
i 1163 1 1 15625
i 1201 1 1 15625
i 556 225 225 46875
i 892 36 36 39062
i 555 150 150 31250
i 562 80 80 31250
i 563 45 45 31250
i 560 40 40 31250
i 565 25 25 31250
i 9143 75 99 23438
i 6809 1 1 1953
i 9144 35 44 23438
i 566 20 20 7812
i 199 1 3 13680
i 201 1 3 10256
i 203 1 3 7692
i 205 1 3 5981
i 207 1 3 4699
i 209 1 3 3418
i 211 1 3 2563
i 213 1 3 2136
i 4087 1 1 1953
i 215 1 3 1709
i 2485 1 3 1282
i 217 1 3 1282
i 7936 250 250 62500
i 1513 35 35 46875
i 2361 10 10 46875
i 440 200 200 23438
i 1619 10 10 15625
i 1617 5 5 15625
i 995 300 300 93750
i 4585 1 1 1953
i 379 6 6 62500
i 2434 2 2 54688
i 567 75 75 15625
i 9465 1 1 15625
i 5295 3 3 15625
i 5300 1 1 15625
i 1399 1 1 31250
i 1391 10 10 23438
i 1359 1 1 23438
i 23083 1 1 13699
i 12073 1 1 2857
i 11286 1 1 100
i 1373 1 1 15625
i 1347 1 1 15625
end
npc 469 # Killerwatt (lvl 55)
g 592 1 1
t 1 main
i 1623 1 1 8929
i 1621 1 1 4464
i 1619 1 1 2232
i 1452 1 1 837
i 1462 1 1 837
i 1617 1 1 558
i 830 5 5 279
i 987 1 1 279
i 985 1 1 279
i 1247 1 1 17
i 2366 1 1 9
i 1249 1 1 7
i 554 45 45 57143
i 561 8 8 78571
i 561 37 37 7143
i 562 4 4 64286
i 560 2 2 21429
i 4694 2 2 14286
i 2 3 3 14286
i 199 1 1 62500
i 201 1 1 46948
i 203 1 1 35211
i 1387 1 1 14286
i 205 1 1 27322
i 207 1 1 21505
i 209 1 1 15625
i 211 1 1 11723
i 213 1 1 9766
i 215 1 1 7812
i 2485 1 1 5858
i 217 1 1 5858
i 995 11 11 164286
i 995 44 44 200000
i 1381 1 1 14286
i 995 76 76 7143
i 995 127 127 7143
i 995 200 200 78571
i 569 2 2 7143
i 1781 4 4 7143
i 1393 1 1 7143
i 1397 1 1 7143
i 1401 1 1 1953
i 556 5 5 21429
i 556 17 17 14286
i 554 18 18 35714
end
npc 470 # Killerwatt (lvl 55)
g 592 1 1
t 1 main
i 1623 1 1 8929
i 1621 1 1 4464
i 1619 1 1 2232
i 1452 1 1 837
i 1462 1 1 837
i 1617 1 1 558
i 830 5 5 279
i 987 1 1 279
i 985 1 1 279
i 1247 1 1 17
i 2366 1 1 9
i 1249 1 1 7
i 554 45 45 57143
i 561 8 8 78571
i 561 37 37 7143
i 562 4 4 64286
i 560 2 2 21429
i 4694 2 2 14286
i 2 3 3 14286
i 199 1 1 62500
i 201 1 1 46948
i 203 1 1 35211
i 1387 1 1 14286
i 205 1 1 27322
i 207 1 1 21505
i 209 1 1 15625
i 211 1 1 11723
i 213 1 1 9766
i 215 1 1 7812
i 2485 1 1 5858
i 217 1 1 5858
i 995 11 11 164286
i 995 44 44 200000
i 1381 1 1 14286
i 995 76 76 7143
i 995 127 127 7143
i 995 200 200 78571
i 569 2 2 7143
i 1781 4 4 7143
i 1393 1 1 7143
i 1397 1 1 7143
i 1401 1 1 1953
i 556 5 5 21429
i 556 17 17 14286
i 554 18 18 35714
end
npc 472 # Ghost (lvl 19)
t 1 main
i 23182 1 1 11111
end
npc 473 # Ghost (lvl 19)
t 1 main
i 23182 1 1 11111
end
npc 474 # Ghost (lvl 19)
t 1 main
i 23182 1 1 11111
end
npc 476 # Wall beast (lvl 49)
t 1 main
i 556 3 3 125000
i 1159 1 1 31250
i 1145 1 1 31250
i 4109 1 1 1953
i 199 1 1 125000
i 995 15 15 125000
i 590 1 1 125000
i 4542 1 1 125000
i 595 1 1 125000
i 221 1 1 31250
i 4544 1 1 7812
i 564 2 2 7812
i 2801 1 1 7812
i 562 3 7 7812
i 1139 1 1 125000
i 1155 1 1 125000
i 1137 1 1 125000
i 1141 1 1 125000
i 1157 1 1 125000
i 1143 1 1 31250
end
npc 477 # Giant frog (lvl 99)
g 532 1 1
t 1 main
i 565 1 1 7812
i 564 5 5 23438
i 884 22 22 15625
i 886 45 45 7812
i 995 2 2 62500
i 995 30 30 78125
i 995 37 37 39062
i 4517 1 1 500000
i 453 1 1 7812
i 1969 1 1 7812
i 23182 1 1 15625
i 10976 1 1 2500
i 10977 1 1 200
i 1243 1 1 15625
i 561 1 1 78125
i 561 3 3 78125
i 561 9 9 78125
end
npc 478 # Big frog (lvl 24)
g 7908 1 1
g 526 1 1
t 1 main
i 1440 1 1 7812
i 555 12 12 78125
i 557 12 12 78125
i 561 4 4 54688
i 564 2 2 46875
i 995 5 5 250000
i 995 15 15 148438
i 1444 1 1 7812
end
npc 480 # Cave slime (lvl 23)
g 1939 1 6
t 1 main
i 1623 1 1 7812
i 1621 1 1 3906
i 1619 1 1 1953
i 1452 1 1 732
i 1462 1 1 732
i 1617 1 1 488
i 830 5 5 244
i 987 1 1 244
i 985 1 1 244
i 1247 1 1 15
i 2366 1 1 8
i 1249 1 1 6
i 995 4 4 234375
i 995 10 10 304688
i 995 22 22 78125
i 995 46 46 15625
i 595 1 1 85938
i 4540 1 1 7812
i 2357 1 1 15625
i 1351 1 1 23438
i 2677 1 1 7812
i 1279 1 1 54688
i 1155 1 1 7812
i 1191 1 1 15625
i 4121 1 1 7812
i 555 15 15 39062
i 557 5 5 23438
i 995 1 1 54688
end
npc 481 # Cave bug (lvl 6)
t 1 main
i 557 6 6 15625
i 207 1 1 15432
i 209 1 1 11236
i 211 1 1 8425
i 213 1 1 7018
i 215 1 1 5615
i 2485 1 1 4212
i 217 1 1 4212
i 235 1 1 15625
i 221 1 1 15625
i 225 1 1 7812
i 555 8 8 39062
i 231 1 1 7812
i 223 1 1 15625
i 995 3 3 62500
i 995 8 8 23438
i 590 1 1 23438
i 4527 1 1 7812
i 36 1 1 39062
i 561 1 1 39062
i 561 2 2 7812
i 199 1 1 125000
i 199 1 1 44843
i 201 1 1 33670
i 203 1 1 25253
i 205 1 1 19646
end
npc 483 # Cave bug (lvl 96)
t 1 main
i 1395 1 1 7812
i 557 1 10 117188
i 557 1 170 15625
i 555 1 15 109375
i 555 1 170 15625
i 554 1 20 101562
i 554 1 170 15625
i 199 1 1 37175
i 201 1 1 27855
i 203 1 1 20877
i 205 1 1 16234
i 207 1 1 12755
i 209 1 1 9276
i 211 1 1 6959
i 213 1 1 5797
i 215 1 1 4638
i 2485 1 1 3479
i 217 1 1 3479
i 995 1 40 109375
i 10978 1 4 242188
i 10978 5 8 78125
i 2677 1 1 7812
end
npc 484 # Bloodveld (lvl 76)
g 25769 1 1
t 1 main
i 1623 1 1 7812
i 1621 1 1 3906
i 1619 1 1 1953
i 1452 1 1 732
i 1462 1 1 732
i 1617 1 1 488
i 830 5 5 244
i 987 1 1 244
i 985 1 1 244
i 1247 1 1 15
i 2366 1 1 8
i 1249 1 1 6
i 565 3 3 23438
i 565 10 10 39062
i 565 30 30 7812
i 199 1 1 1953
i 201 1 1 1465
i 203 1 1 1099
i 205 1 1 854
i 207 1 1 671
i 209 1 1 488
i 211 1 1 366
i 1353 1 1 31250
i 213 1 1 305
i 215 1 1 244
i 2485 1 1 183
i 217 1 1 183
i 995 10 10 54688
i 995 40 40 226562
i 995 120 120 234375
i 995 200 200 78125
i 995 450 450 7812
i 526 1 1 78125
i 1157 1 1 31250
i 532 1 1 54688
i 532 3 3 23438
i 444 1 1 15625
i 2293 1 1 23438
i 1325 1 1 15625
i 11941 1 1 333333
i 13495 1 1 28571
i 11942 1 1 16667
i 23083 1 1 5814
i 4125 1 1 7812
i 2722 1 1 3906
i 1181 1 1 7812
i 1109 1 1 7812
i 1147 1 1 7812
i 554 60 60 62500
end
npc 485 # Bloodveld (lvl 76)
g 25769 1 1
t 1 main
i 1623 1 1 7812
i 1621 1 1 3906
i 1619 1 1 1953
i 1452 1 1 732
i 1462 1 1 732
i 1617 1 1 488
i 830 5 5 244
i 987 1 1 244
i 985 1 1 244
i 1247 1 1 15
i 2366 1 1 8
i 1249 1 1 6
i 565 3 3 23438
i 565 10 10 39062
i 565 30 30 7812
i 199 1 1 1953
i 201 1 1 1465
i 203 1 1 1099
i 205 1 1 854
i 207 1 1 671
i 209 1 1 488
i 211 1 1 366
i 1353 1 1 31250
i 213 1 1 305
i 215 1 1 244
i 2485 1 1 183
i 217 1 1 183
i 995 10 10 54688
i 995 40 40 226562
i 995 120 120 234375
i 995 200 200 78125
i 995 450 450 7812
i 526 1 1 78125
i 1157 1 1 31250
i 532 1 1 54688
i 532 3 3 23438
i 444 1 1 15625
i 2293 1 1 23438
i 1325 1 1 15625
i 11941 1 1 333333
i 13495 1 1 28571
i 11942 1 1 16667
i 23083 1 1 5814
i 4125 1 1 7812
i 2722 1 1 3906
i 1181 1 1 7812
i 1109 1 1 7812
i 1147 1 1 7812
i 554 60 60 62500
end
npc 486 # Bloodveld (lvl 76)
g 25769 1 1
t 1 main
i 1623 1 1 7812
i 1621 1 1 3906
i 1619 1 1 1953
i 1452 1 1 732
i 1462 1 1 732
i 1617 1 1 488
i 830 5 5 244
i 987 1 1 244
i 985 1 1 244
i 1247 1 1 15
i 2366 1 1 8
i 1249 1 1 6
i 565 3 3 23438
i 565 10 10 39062
i 565 30 30 7812
i 199 1 1 1953
i 201 1 1 1465
i 203 1 1 1099
i 205 1 1 854
i 207 1 1 671
i 209 1 1 488
i 211 1 1 366
i 1353 1 1 31250
i 213 1 1 305
i 215 1 1 244
i 2485 1 1 183
i 217 1 1 183
i 995 10 10 54688
i 995 40 40 226562
i 995 120 120 234375
i 995 200 200 78125
i 995 450 450 7812
i 526 1 1 78125
i 1157 1 1 31250
i 532 1 1 54688
i 532 3 3 23438
i 444 1 1 15625
i 2293 1 1 23438
i 1325 1 1 15625
i 11941 1 1 333333
i 13495 1 1 28571
i 11942 1 1 16667
i 23083 1 1 5814
i 4125 1 1 7812
i 2722 1 1 3906
i 1181 1 1 7812
i 1109 1 1 7812
i 1147 1 1 7812
i 554 60 60 62500
end
npc 487 # Bloodveld (lvl 76)
g 25769 1 1
t 1 main
i 1623 1 1 7812
i 1621 1 1 3906
i 1619 1 1 1953
i 1452 1 1 732
i 1462 1 1 732
i 1617 1 1 488
i 830 5 5 244
i 987 1 1 244
i 985 1 1 244
i 1247 1 1 15
i 2366 1 1 8
i 1249 1 1 6
i 565 3 3 23438
i 565 10 10 39062
i 565 30 30 7812
i 199 1 1 1953
i 201 1 1 1465
i 203 1 1 1099
i 205 1 1 854
i 207 1 1 671
i 209 1 1 488
i 211 1 1 366
i 1353 1 1 31250
i 213 1 1 305
i 215 1 1 244
i 2485 1 1 183
i 217 1 1 183
i 995 10 10 54688
i 995 40 40 226562
i 995 120 120 234375
i 995 200 200 78125
i 995 450 450 7812
i 526 1 1 78125
i 1157 1 1 31250
i 532 1 1 54688
i 532 3 3 23438
i 444 1 1 15625
i 2293 1 1 23438
i 1325 1 1 15625
i 11941 1 1 333333
i 13495 1 1 28571
i 11942 1 1 16667
i 23083 1 1 5814
i 4125 1 1 7812
i 2722 1 1 3906
i 1181 1 1 7812
i 1109 1 1 7812
i 1147 1 1 7812
i 554 60 60 62500
end
npc 492 # Cave kraken (lvl 127)
t 1 main
i 1623 1 1 7500
i 1621 1 1 3750
i 1619 1 1 1875
i 1452 1 1 703
i 1462 1 1 703
i 1617 1 1 469
i 830 5 5 234
i 987 1 1 234
i 985 1 1 234
i 1247 1 1 15
i 2366 1 1 7
i 1249 1 1 5
i 1383 1 1 20000
i 555 15 15 50000
i 555 30 30 50000
i 555 75 75 50000
i 554 30 30 50000
i 560 30 30 80000
i 562 50 50 80000
i 565 5 5 40000
i 199 1 1 7502
i 201 1 1 5624
i 203 1 1 4219
i 1147 1 1 32500
i 205 1 1 3281
i 207 1 1 2578
i 209 1 1 1875
i 211 1 1 1406
i 213 1 1 1172
i 215 1 1 937
i 2485 1 1 703
i 217 1 1 703
i 5296 1 1 5974
i 5297 1 1 4068
i 1245 1 1 20000
i 5281 1 1 3940
i 5106 1 1 2796
i 5298 1 1 2796
i 5280 1 1 2670
i 22873 1 1 1907
i 5299 1 1 1907
i 5300 1 1 1271
i 5301 1 1 890
i 5302 1 1 636
i 22879 3 3 508
i 1347 1 1 20000
i 5303 1 1 381
i 5304 1 1 254
i 685 1 1 20000
i 1939 60 60 20000
i 401 30 30 30000
i 995 120 300 50000
i 1925 1 1 4167
i 377 3 3 20000
i 571 2 2 20000
i 407 1 1 20000
i 1391 1 1 20000
i 373 2 2 30000
i 385 1 1 30000
i 5952 1 1 30000
i 227 50 50 20000
i 1444 1 1 20000
i 12004 1 1 833
i 1395 1 1 20000
i 23083 1 1 13333
i 2722 1 1 10000
i 12073 1 1 833
i 1403 1 1 10000
i 11907 1 1 5000
i 4694 7 7 30000
end
npc 494 # Kraken (lvl 291)
t 1 main
i 1623 1 1 3906
i 1621 1 1 1953
i 1619 1 1 977
i 1452 1 1 366
i 1462 1 1 366
i 1617 1 1 244
i 830 5 5 122
i 987 1 1 122
i 985 1 1 122
i 1247 1 1 8
i 2366 1 1 4
i 1249 1 1 3
i 1403 1 1 23438
i 560 150 150 78125
i 565 60 60 78125
i 566 50 50 54688
i 5321 24 24 23438
i 5304 2 2 7812
i 5316 1 1 7812
i 401 125 125 23438
i 1391 10 10 31250
i 567 50 50 15625
i 1601 8 8 7812
i 1347 1 1 15625
i 8778 60 60 23438
i 2363 2 2 7812
i 383 50 50 15625
i 7944 100 100 15625
i 3051 6 6 15625
i 995 10000 19999 117188
i 385 5 5 54688
i 7114 1 1 31250
i 10925 2 2 31250
i 403 5 5 23438
i 1303 1 1 15625
i 311 1 1 7812
i 1925 1 1 7812
i 989 1 1 7812
i 686 1 1 13672
i 5952 2 2 15625
i 1645 1 1 7812
i 12004 1 1 2500
i 4091 1 1 7812
i 23083 1 1 20833
i 4093 1 1 7812
i 12073 1 1 2000
i 12007 1 1 1000
i 12655 1 1 333
i 11907 1 1 1953
i 555 400 400 78125
i 4695 100 100 31250
i 562 250 250 78125
end
npc 498 # Smoke devil (lvl 160)
g 592 1 1
t 1 main
i 2501 1 1 7812
i 12002 1 1 1953
i 3140 1 1 31
i 4697 15 15 85938
i 4697 40 40 39062
i 9144 15 15 39062
i 554 37 37 31250
i 556 37 37 31250
i 566 10 10 31250
i 554 150 150 15625
i 1371 1 1 23438
i 892 24 24 15625
i 199 1 2 35211
i 201 1 2 26385
i 203 1 2 19763
i 205 1 2 15385
i 207 1 2 12092
i 209 1 2 8787
i 211 1 2 6592
i 213 1 2 5495
i 215 1 2 4394
i 1213 1 1 23438
i 2485 1 2 3296
i 217 1 2 3296
i 995 750 750 93750
i 995 80 80 54688
i 995 300 300 23438
i 385 1 1 46875
i 2353 2 2 23438
i 1513 5 5 23438
i 453 15 15 23438
i 2361 1 1 15625
i 1397 1 1 23438
i 9438 1 1 15625
i 1885 3 3 15625
i 2491 1 1 23438
i 1393 1 1 23438
i 23083 1 1 14286
i 2722 1 1 7812
i 1085 1 1 15625
i 12073 1 1 1333
i 1163 1 1 15625
i 1113 1 1 15625
end
npc 499 # Thermonuclear smoke devil (lvl 301)
g 592 1 1
t 1 main
i 1623 1 1 4673
i 1621 1 1 2336
i 1619 1 1 1168
i 1452 1 1 438
i 1462 1 1 438
i 1617 1 1 292
i 830 5 5 146
i 987 1 1 146
i 985 1 1 146
i 1247 1 1 9
i 2366 1 1 5
i 1249 1 1 3
i 4587 1 1 9346
i 4675 1 1 9346
i 12002 1 1 2857
i 11998 1 1 1953
i 3140 1 1 500
i 4697 100 100 93458
i 556 300 300 74766
i 566 60 60 74766
i 892 100 100 18692
i 1885 3 3 9346
i 1213 1 1 46729
i 7060 3 3 28037
i 10925 2 2 28037
i 2434 2 2 9346
i 7936 300 300 18692
i 1775 100 100 18692
i 2359 20 20 18692
i 453 150 150 18692
i 1513 20 20 18692
i 444 200 200 18692
i 1601 10 10 9346
i 1113 1 1 37383
i 995 10000 20000 140187
i 590 1 1 9346
i 1442 1 1 9346
i 4548 1 1 9346
i 9735 50 50 18692
i 3049 15 15 18692
i 9194 12 12 18692
i 5300 2 2 18692
i 1987 100 100 9346
i 5316 1 1 9346
i 2501 1 1 28037
i 1645 1 1 9346
i 989 1 1 9346
i 1373 1 1 28037
i 23083 1 1 21277
i 2722 1 1 10417
i 12073 1 1 2000
i 25524 1 1 500
i 12648 1 1 333
i 1405 1 1 28037
i 1401 1 1 28037
i 1333 1 1 18692
i 5667 50 50 9346
end
npc 505 # Ghost (lvl 19)
t 1 main
i 23182 1 1 11111
end
npc 506 # Ghost (lvl 19)
t 1 main
i 23182 1 1 11111
end
npc 507 # Ghost (lvl 19)
t 1 main
i 23182 1 1 11111
end
npc 508 # Soulless (lvl 18)
g 526 1 1
end
npc 509 # Death wing (lvl 83)
t 1 main
i 23182 1 1 7812
end
npc 510 # Dark wizard (lvl 20)
g 526 1 1
t 1 main
i 1379 1 1 31250
i 1017 1 1 46875
i 581 1 1 23438
i 557 36 36 31250
i 556 10 10 23438
i 555 10 10 23438
i 557 10 10 23438
i 554 10 10 23438
i 556 18 18 15625
i 555 18 18 15625
i 557 18 18 15625
i 554 18 18 15625
i 561 4 4 54688
i 562 4 4 46875
i 558 10 10 23438
i 559 10 10 23438
i 558 18 18 15625
i 559 18 18 15625
i 565 2 2 15625
i 564 2 2 7812
i 563 3 3 7812
i 995 1 1 132812
i 995 2 2 125000
i 995 4 4 70312
i 995 29 29 23438
i 995 30 30 7812
i 1444 1 1 15625
i 1442 1 1 15625
i 11941 1 1 142857
i 23182 1 1 28571
end
npc 511 # Invrigar the Necromancer (lvl 20)
g 526 1 1
end
npc 512 # Dark wizard (lvl 7)
g 526 1 1
t 1 main
i 556 18 18 15625
i 555 18 18 15625
i 557 18 18 15625
i 554 18 18 15625
i 561 4 4 54688
i 562 5 5 46875
i 558 10 10 23438
i 559 10 10 23438
i 558 18 18 15625
i 559 18 18 15625
i 1379 1 1 62500
i 565 2 2 15625
i 564 2 2 7812
i 563 3 3 7812
i 995 1 1 132812
i 995 2 2 125000
i 995 4 4 54688
i 995 29 29 23438
i 995 30 30 7812
i 1444 1 1 7812
i 1442 1 1 7812
i 1017 1 1 46875
i 11941 1 1 66667
i 23182 1 1 20000
i 581 1 1 23438
i 557 36 36 31250
i 556 10 10 23438
i 555 10 10 23438
i 557 10 10 23438
i 554 10 10 23438
end
npc 513 # Mugger (lvl 6)
g 526 1 1
g 526 1 1
t 1 main
i 207 1 1 8726
i 209 1 1 6349
i 211 1 1 4760
i 213 1 1 3967
i 215 1 1 3174
i 2485 1 1 2380
i 217 1 1 2380
i 995 10 10 101562
i 995 5 5 93750
i 995 15 15 23438
i 877 2 12 210938
i 995 25 25 7812
i 954 1 1 312500
i 946 1 1 7812
i 313 1 1 46875
i 436 1 1 15625
i 1139 1 1 15625
i 1965 1 1 7812
i 23182 1 1 12500
i 2677 1 1 7812
i 558 9 9 23438
i 555 6 6 15625
i 557 5 5 15625
i 199 1 1 25381
i 201 1 1 19048
i 203 1 1 14286
i 205 1 1 11111
end
npc 515 # Pirate (lvl 23)
g 526 1 1
g 526 1 1
t 1 main
i 1623 1 1 1953
i 1621 1 1 977
i 1619 1 1 488
i 1452 1 1 183
i 1462 1 1 183
i 1617 1 1 122
i 830 5 5 61
i 987 1 1 61
i 985 1 1 61
i 1247 1 1 4
i 2366 1 1 2
i 1249 1 1 1
i 556 10 10 15625
i 557 9 9 15625
i 554 5 5 15625
i 563 2 2 7812
i 995 4 4 226562
i 995 25 25 101562
i 995 7 7 62500
i 995 12 12 46875
i 995 35 35 31250
i 995 55 55 7812
i 9140 2 12 78125
i 1025 1 1 93750
i 1949 1 1 7812
i 2351 1 1 7812
i 1203 1 1 46875
i 11941 1 1 166667
i 1321 1 1 31250
i 1115 1 1 7812
i 562 2 2 46875
i 561 2 2 39062
i 882 9 9 23438
i 882 12 12 15625
end
npc 516 # Black Knight (lvl 33)
g 526 1 1
t 1 main
i 1623 1 1 5859
i 1621 1 1 2930
i 1619 1 1 1465
i 1452 1 1 549
i 1462 1 1 549
i 1617 1 1 366
i 830 5 5 183
i 987 1 1 183
i 985 1 1 183
i 1247 1 1 11
i 2366 1 1 6
i 1249 1 1 4
i 563 3 3 15625
i 564 7 7 7812
i 558 2 2 7812
i 199 1 1 5858
i 201 1 1 4394
i 203 1 1 3296
i 205 1 1 2563
i 207 1 1 2014
i 209 1 1 1465
i 211 1 1 1099
i 1279 1 1 31250
i 213 1 1 915
i 215 1 1 732
i 2485 1 1 549
i 217 1 1 549
i 5318 4 4 52632
i 5319 4 4 40000
i 5324 4 4 26316
i 5322 3 3 12987
i 5320 3 3 6452
i 5323 2 2 3215
i 1153 1 1 15625
i 5321 2 2 1536
i 22879 2 2 1116
i 2353 1 1 46875
i 438 1 1 7812
i 1933 1 1 7812
i 995 35 35 164062
i 995 5 5 140625
i 995 6 6 85938
i 995 58 58 78125
i 995 12 12 70312
i 1424 1 1 7812
i 995 10 10 23438
i 995 80 80 15625
i 995 1 1 7812
i 995 13 13 7812
i 2309 1 1 7812
i 888 3 3 31250
i 11941 1 1 111111
i 559 9 9 23438
i 562 6 6 23438
i 557 10 10 23438
i 560 2 2 15625
end
npc 517 # Black Knight (lvl 33)
g 526 1 1
t 1 main
i 1623 1 1 5859
i 1621 1 1 2930
i 1619 1 1 1465
i 1452 1 1 549
i 1462 1 1 549
i 1617 1 1 366
i 830 5 5 183
i 987 1 1 183
i 985 1 1 183
i 1247 1 1 11
i 2366 1 1 6
i 1249 1 1 4
i 563 3 3 15625
i 564 7 7 7812
i 558 2 2 7812
i 199 1 1 5858
i 201 1 1 4394
i 203 1 1 3296
i 205 1 1 2563
i 207 1 1 2014
i 209 1 1 1465
i 211 1 1 1099
i 1279 1 1 31250
i 213 1 1 915
i 215 1 1 732
i 2485 1 1 549
i 217 1 1 549
i 5318 4 4 52632
i 5319 4 4 40000
i 5324 4 4 26316
i 5322 3 3 12987
i 5320 3 3 6452
i 5323 2 2 3215
i 1153 1 1 15625
i 5321 2 2 1536
i 22879 2 2 1116
i 2353 1 1 46875
i 438 1 1 7812
i 1933 1 1 7812
i 995 35 35 164062
i 995 5 5 140625
i 995 6 6 85938
i 995 58 58 78125
i 995 12 12 70312
i 1424 1 1 7812
i 995 10 10 23438
i 995 80 80 15625
i 995 1 1 7812
i 995 13 13 7812
i 2309 1 1 7812
i 888 3 3 31250
i 11941 1 1 111111
i 559 9 9 23438
i 562 6 6 23438
i 557 10 10 23438
i 560 2 2 15625
end
npc 518 # Highwayman (lvl 5)
g 1019 1 1
g 526 1 1
t 1 main
i 9140 2 12 50000
end
npc 519 # Highwayman (lvl 5)
g 526 1 1
end
npc 520 # Chaos druid (lvl 13)
g 526 1 1
t 1 main
i 1623 1 1 1953
i 1621 1 1 977
i 1619 1 1 488
i 1452 1 1 183
i 1462 1 1 183
i 1617 1 1 122
i 830 5 5 61
i 987 1 1 61
i 985 1 1 61
i 1247 1 1 4
i 2366 1 1 2
i 1249 1 1 1
i 201 1 2 67568
i 203 1 2 50505
i 205 1 2 39370
i 207 1 2 30864
i 209 1 2 22472
i 211 1 2 16835
i 213 1 2 14045
i 215 1 2 11236
i 2485 1 2 8425
i 217 1 2 8425
i 563 2 2 54688
i 995 3 3 39062
i 995 8 8 39062
i 995 29 29 23438
i 995 35 35 7812
i 227 1 1 78125
i 1291 1 1 7812
i 231 1 1 7812
i 1594 1 1 7812
i 9142 2 12 31250
i 556 36 36 23438
i 11941 1 1 90909
i 13471 1 1 28571
i 23490 1 1 692
i 21257 1 1 3289
i 559 9 9 15625
i 557 9 9 15625
i 558 12 12 15625
i 561 3 3 7812
i 199 1 2 90090
end
npc 521 # Pirate (lvl 23)
g 526 1 1
g 526 1 1
t 1 main
i 1623 1 1 1953
i 1621 1 1 977
i 1619 1 1 488
i 1452 1 1 183
i 1462 1 1 183
i 1617 1 1 122
i 830 5 5 61
i 987 1 1 61
i 985 1 1 61
i 1247 1 1 4
i 2366 1 1 2
i 1249 1 1 1
i 556 10 10 15625
i 557 9 9 15625
i 554 5 5 15625
i 563 2 2 7812
i 995 4 4 226562
i 995 25 25 101562
i 995 7 7 62500
i 995 12 12 46875
i 995 35 35 31250
i 995 55 55 7812
i 9140 2 12 78125
i 1025 1 1 93750
i 1949 1 1 7812
i 2351 1 1 7812
i 1203 1 1 46875
i 11941 1 1 166667
i 1321 1 1 31250
i 1115 1 1 7812
i 562 2 2 46875
i 561 2 2 39062
i 882 9 9 23438
i 882 12 12 15625
end
npc 522 # Pirate (lvl 23)
g 526 1 1
g 526 1 1
t 1 main
i 1623 1 1 1953
i 1621 1 1 977
i 1619 1 1 488
i 1452 1 1 183
i 1462 1 1 183
i 1617 1 1 122
i 830 5 5 61
i 987 1 1 61
i 985 1 1 61
i 1247 1 1 4
i 2366 1 1 2
i 1249 1 1 1
i 556 10 10 15625
i 557 9 9 15625
i 554 5 5 15625
i 563 2 2 7812
i 995 4 4 226562
i 995 25 25 101562
i 995 7 7 62500
i 995 12 12 46875
i 995 35 35 31250
i 995 55 55 7812
i 9140 2 12 78125
i 1025 1 1 93750
i 1949 1 1 7812
i 2351 1 1 7812
i 1203 1 1 46875
i 11941 1 1 166667
i 1321 1 1 31250
i 1115 1 1 7812
i 562 2 2 46875
i 561 2 2 39062
i 882 9 9 23438
i 882 12 12 15625
end
npc 523 # Pirate (lvl 26)
g 526 1 1
g 526 1 1
t 1 main
i 1623 1 1 1953
i 1621 1 1 977
i 1619 1 1 488
i 1452 1 1 183
i 1462 1 1 183
i 1617 1 1 122
i 830 5 5 61
i 987 1 1 61
i 985 1 1 61
i 1247 1 1 4
i 2366 1 1 2
i 1249 1 1 1
i 556 10 10 15625
i 557 9 9 15625
i 554 5 5 15625
i 563 2 2 7812
i 995 4 4 226562
i 995 25 25 101562
i 995 7 7 62500
i 995 12 12 46875
i 995 35 35 31250
i 995 55 55 7812
i 9140 2 12 78125
i 1025 1 1 93750
i 1949 1 1 7812
i 2351 1 1 7812
i 1203 1 1 46875
i 11941 1 1 166667
i 1321 1 1 31250
i 1115 1 1 7812
i 562 2 2 46875
i 561 2 2 39062
i 882 9 9 23438
i 882 12 12 15625
end
npc 524 # Pirate (lvl 23)
g 526 1 1
g 526 1 1
t 1 main
i 1623 1 1 1953
i 1621 1 1 977
i 1619 1 1 488
i 1452 1 1 183
i 1462 1 1 183
i 1617 1 1 122
i 830 5 5 61
i 987 1 1 61
i 985 1 1 61
i 1247 1 1 4
i 2366 1 1 2
i 1249 1 1 1
i 556 10 10 15625
i 557 9 9 15625
i 554 5 5 15625
i 563 2 2 7812
i 995 4 4 226562
i 995 25 25 101562
i 995 7 7 62500
i 995 12 12 46875
i 995 35 35 31250
i 995 55 55 7812
i 9140 2 12 78125
i 1025 1 1 93750
i 1949 1 1 7812
i 2351 1 1 7812
i 1203 1 1 46875
i 11941 1 1 166667
i 1321 1 1 31250
i 1115 1 1 7812
i 562 2 2 46875
i 561 2 2 39062
i 882 9 9 23438
i 882 12 12 15625
end
npc 525 # Thug (lvl 10)
g 526 1 1
t 1 main
i 199 1 1 46948
i 201 1 1 35211
i 203 1 1 26385
i 205 1 1 20492
i 207 1 1 16103
i 209 1 1 11723
i 211 1 1 8787
i 213 1 1 7326
i 215 1 1 5858
i 2485 1 1 4394
i 1137 1 1 31250
i 217 1 1 4394
i 440 1 1 31250
i 2351 1 1 23438
i 453 1 1 15625
i 995 8 8 179688
i 995 15 15 93750
i 995 30 30 15625
i 995 20 20 7812
i 11941 1 1 66667
i 2677 1 1 7812
i 1363 1 1 15625
i 1353 1 1 7812
i 561 2 2 101562
i 562 2 2 31250
i 564 2 2 7812
i 563 2 2 7812
i 560 2 2 7812
end
npc 526 # Rogue (lvl 15)
g 526 1 1
t 1 main
i 199 1 1 44843
i 201 1 1 33670
i 203 1 1 25253
i 205 1 1 19646
i 207 1 1 15432
i 209 1 1 11236
i 211 1 1 8425
i 213 1 1 7018
i 215 1 1 5615
i 2485 1 1 4212
i 1139 1 1 15625
i 217 1 1 4212
i 995 3 3 296875
i 995 5 5 70312
i 995 15 15 31250
i 995 25 25 7812
i 313 1 1 39062
i 436 1 1 15625
i 1440 1 1 15625
i 1965 1 1 7812
i 11941 1 1 100000
i 1203 1 1 7812
i 23182 1 1 11111
i 2677 1 1 7812
i 23490 1 1 732
i 21257 1 1 3257
i 877 2 12 171875
i 882 7 7 23438
i 557 4 4 15625
i 554 6 6 15625
i 558 9 9 15625
i 562 2 2 7812
end
npc 527 # Monk of Zamorak (lvl 22)
g 526 1 1
g 2944 1 1
t 1 main
i 1033 1 1 50000
i 1035 1 1 50000
i 11941 1 1 166667
end
npc 528 # Monk of Zamorak (lvl 17)
g 526 1 1
g 2944 1 1
t 1 main
i 1033 1 1 50000
i 1035 1 1 50000
i 11941 1 1 166667
end
npc 529 # Monk of Zamorak (lvl 45)
g 526 1 1
g 2944 1 1
t 1 main
i 1033 1 1 50000
i 1035 1 1 50000
i 11941 1 1 166667
end
npc 530 # Tribesman (lvl 32)
g 526 1 1
t 1 main
i 1623 1 1 3623
i 1621 1 1 1812
i 1619 1 1 906
i 1452 1 1 340
i 1462 1 1 340
i 1617 1 1 226
i 830 5 5 113
i 987 1 1 113
i 985 1 1 113
i 1247 1 1 7
i 2366 1 1 4
i 1249 1 1 3
i 1525 1 1 36232
i 199 1 1 19920
i 201 1 1 14948
i 203 1 1 11211
i 205 1 1 8718
i 207 1 1 6849
i 209 1 1 4983
i 211 1 1 3737
i 213 1 1 3113
i 215 1 1 2491
i 1237 1 1 50725
i 2485 1 1 1868
i 217 1 1 1868
i 6306 15 15 181159
i 231 1 1 144928
i 225 1 1 86957
i 3188 1 1 86957
i 561 3 3 57971
i 6306 62 62 36232
i 444 1 1 36232
i 183 1 1 21739
i 827 10 10 21739
i 181 1 1 7246
i 2309 1 1 7246
i 438 1 1 7246
i 1933 1 1 7246
i 2801 1 1 7246
i 1239 1 1 14493
i 887 5 5 14493
i 828 10 10 14493
i 1243 1 1 7246
i 1533 1 1 36232
end
npc 531 # Dark warrior (lvl 8)
g 526 1 1
t 1 main
i 562 2 2 7812
i 561 3 3 15625
i 199 1 1 5858
i 201 1 1 4394
i 203 1 1 3296
i 205 1 1 2563
i 207 1 1 2014
i 209 1 1 1465
i 211 1 1 1099
i 213 1 1 915
i 1139 1 1 23438
i 215 1 1 732
i 2485 1 1 549
i 217 1 1 549
i 995 1 1 242188
i 995 2 2 156250
i 995 6 6 156250
i 995 13 13 54688
i 995 20 20 46875
i 995 10 10 23438
i 995 30 30 15625
i 1420 1 1 7812
i 440 1 1 7812
i 325 1 1 7812
i 11941 1 1 66667
i 1151 1 1 7812
i 1426 1 1 7812
i 558 2 2 23438
i 555 3 3 15625
i 557 2 2 7812
i 882 8 8 31250
end
npc 532 # Chaos druid warrior (lvl 37)
g 526 1 1
t 1 main
i 1623 1 1 1953
i 1621 1 1 977
i 1619 1 1 488
i 1452 1 1 183
i 1462 1 1 183
i 1617 1 1 122
i 830 5 5 61
i 987 1 1 61
i 985 1 1 61
i 1247 1 1 4
i 2366 1 1 2
i 1249 1 1 1
i 203 1 2 48309
i 205 1 2 37594
i 207 1 2 29499
i 209 1 2 21505
i 211 1 2 16103
i 213 1 2 13423
i 215 1 2 10741
i 2485 1 2 8058
i 217 1 2 8058
i 239 1 1 39062
i 1217 1 1 7812
i 235 1 1 15625
i 225 1 1 7812
i 225 2 2 7812
i 231 1 1 7812
i 227 1 1 7812
i 995 3 3 117188
i 995 29 29 23438
i 995 10 10 7812
i 5100 1 1 7812
i 167 1 1 7812
i 554 12 12 39062
i 563 2 2 31250
i 13471 1 1 40000
i 557 9 9 15625
i 556 36 36 7812
i 561 3 3 7812
i 199 1 2 86207
i 201 1 2 64516
end
npc 537 # Zygomite (lvl 74)
g 592 1 1
g 592 1 1
t 1 main
i 1623 1 1 7143
i 1621 1 1 3571
i 1619 1 1 1786
i 1452 1 1 670
i 1462 1 1 670
i 1617 1 1 446
i 830 5 5 223
i 987 1 1 223
i 985 1 1 223
i 1247 1 1 14
i 2366 1 1 7
i 1249 1 1 5
i 1623 1 1 9124
i 1621 1 1 4562
i 1619 1 1 2281
i 1452 1 1 855
i 1462 1 1 855
i 1617 1 1 570
i 830 5 5 285
i 987 1 1 285
i 985 1 1 285
i 1247 1 1 18
i 2366 1 1 9
i 1249 1 1 7
i 5318 4 4 7299
i 5282 1 1 19465
i 995 24 24 21898
i 995 64 64 284672
i 995 120 120 72993
i 995 250 250 14599
i 6034 1 1 43796
i 2970 1 1 19465
i 434 1 1 51095
i 7432 1 1 19465
i 1353 1 1 21898
i 1311 1 1 21898
i 23083 1 1 5319
i 1353 1 1 21429
i 1311 1 1 42857
i 1163 1 1 7143
i 561 2 2 21429
i 557 15 15 35714
i 203 1 1 14286
i 205 1 1 7143
i 1159 1 1 7299
i 5323 4 4 78571
i 5318 4 4 7143
i 5282 1 1 28571
i 995 44 44 214286
i 995 102 102 278571
i 995 220 220 50000
i 995 460 460 14286
i 6034 1 3 42857
i 2970 1 1 28571
i 434 1 1 50000
i 561 2 2 218978
i 7432 1 1 28571
i 557 15 15 36496
i 23083 1 1 9009
i 203 1 1 14599
i 205 1 1 7299
i 5323 4 4 80292
end
npc 561 # Sorebones (lvl 57)
g 526 1 1
g 10894 1 1
g 10893 1 1
g 10895 3 3
g 10904 30 30
t 1 main
i 1623 1 1 1953
i 1621 1 1 977
i 1619 1 1 488
i 1452 1 1 183
i 1462 1 1 183
i 1617 1 1 122
i 830 5 5 61
i 987 1 1 61
i 985 1 1 61
i 1247 1 1 4
i 2366 1 1 2
i 1249 1 1 1
i 562 7 7 7812
i 564 5 5 23438
i 563 2 2 23438
i 199 1 1 58480
i 201 1 1 43860
i 203 1 1 33003
i 205 1 1 25641
i 207 1 1 20161
i 209 1 1 14641
i 211 1 1 10989
i 9141 2 12 23438
i 213 1 1 9158
i 215 1 1 7326
i 2485 1 1 5495
i 217 1 1 5495
i 995 30 30 78125
i 995 38 38 164062
i 995 46 46 62500
i 995 55 55 46875
i 995 60 60 15625
i 313 10 10 171875
i 1209 1 1 15625
i 6721 1 1 7812
i 7157 1 1 7812
i 8926 1 1 23438
i 7863 1 1 250000
i 6807 1 1 200
i 8925 1 1 39062
i 1025 1 1 7812
i 1329 1 1 23438
i 555 23 23 7812
i 559 6 6 15625
end
npc 562 # Sorebones (lvl 57)
g 526 1 1
g 10894 1 1
g 10893 1 1
g 10895 3 3
g 10904 30 30
t 1 main
i 1623 1 1 1953
i 1621 1 1 977
i 1619 1 1 488
i 1452 1 1 183
i 1462 1 1 183
i 1617 1 1 122
i 830 5 5 61
i 987 1 1 61
i 985 1 1 61
i 1247 1 1 4
i 2366 1 1 2
i 1249 1 1 1
i 562 7 7 7812
i 564 5 5 23438
i 563 2 2 23438
i 199 1 1 58480
i 201 1 1 43860
i 203 1 1 33003
i 205 1 1 25641
i 207 1 1 20161
i 209 1 1 14641
i 211 1 1 10989
i 9141 2 12 23438
i 213 1 1 9158
i 215 1 1 7326
i 2485 1 1 5495
i 217 1 1 5495
i 995 30 30 78125
i 995 38 38 164062
i 995 46 46 62500
i 995 55 55 46875
i 995 60 60 15625
i 313 10 10 171875
i 1209 1 1 15625
i 6721 1 1 7812
i 7157 1 1 7812
i 8926 1 1 23438
i 7863 1 1 250000
i 6807 1 1 200
i 8925 1 1 39062
i 1025 1 1 7812
i 1329 1 1 23438
i 555 23 23 7812
i 559 6 6 15625
end
npc 563 # Zombie pirate (lvl 57)
g 526 1 1
g 526 1 1
t 1 main
i 1623 1 1 1953
i 1621 1 1 977
i 1619 1 1 488
i 1452 1 1 183
i 1462 1 1 183
i 1617 1 1 122
i 830 5 5 61
i 987 1 1 61
i 985 1 1 61
i 1247 1 1 4
i 2366 1 1 2
i 1249 1 1 1
i 199 1 1 58480
i 201 1 1 43860
i 203 1 1 33003
i 205 1 1 25641
i 207 1 1 20161
i 209 1 1 14641
i 211 1 1 10989
i 213 1 1 9158
i 215 1 1 7326
i 2485 1 1 5495
i 1325 1 1 23438
i 217 1 1 5495
i 995 18 18 164062
i 995 10 10 78125
i 995 26 26 62500
i 995 35 35 46875
i 995 40 40 15625
i 313 7 7 164062
i 313 10 10 39062
i 6716 1 1 23438
i 440 1 1 7812
i 1203 1 1 15625
i 1025 1 1 7812
i 6721 1 1 7812
i 877 2 12 23438
i 7863 1 1 250000
i 6807 1 1 200
i 9141 2 12 23438
i 1209 1 1 15625
i 8926 1 1 23438
i 8925 1 1 39062
i 556 3 3 23438
i 1025 1 1 7812
i 1329 1 1 23438
i 555 23 23 7812
i 559 6 6 15625
i 562 7 7 7812
i 564 5 5 23438
i 563 2 2 23438
i 199 1 1 58480
i 201 1 1 43860
i 203 1 1 33003
i 564 2 2 23438
i 205 1 1 25641
i 207 1 1 20161
i 209 1 1 14641
i 211 1 1 10989
i 213 1 1 9158
i 215 1 1 7326
i 2485 1 1 5495
i 217 1 1 5495
i 995 30 30 78125
i 995 38 38 164062
i 559 3 3 15625
i 995 46 46 62500
i 995 55 55 46875
i 995 60 60 15625
i 313 10 10 171875
i 6721 1 1 7812
i 7157 1 1 7812
i 555 17 17 7812
i 7863 1 1 250000
i 6807 1 1 200
i 562 4 4 7812
end
npc 564 # Zombie pirate (lvl 57)
g 526 1 1
g 526 1 1
t 1 main
i 1623 1 1 1953
i 1621 1 1 977
i 1619 1 1 488
i 1452 1 1 183
i 1462 1 1 183
i 1617 1 1 122
i 830 5 5 61
i 987 1 1 61
i 985 1 1 61
i 1247 1 1 4
i 2366 1 1 2
i 1249 1 1 1
i 199 1 1 58480
i 201 1 1 43860
i 203 1 1 33003
i 205 1 1 25641
i 207 1 1 20161
i 209 1 1 14641
i 211 1 1 10989
i 213 1 1 9158
i 215 1 1 7326
i 2485 1 1 5495
i 1325 1 1 23438
i 217 1 1 5495
i 995 18 18 164062
i 995 10 10 78125
i 995 26 26 62500
i 995 35 35 46875
i 995 40 40 15625
i 313 7 7 164062
i 313 10 10 39062
i 6716 1 1 23438
i 440 1 1 7812
i 1203 1 1 15625
i 1025 1 1 7812
i 6721 1 1 7812
i 877 2 12 23438
i 7863 1 1 250000
i 6807 1 1 200
i 9141 2 12 23438
i 1209 1 1 15625
i 8926 1 1 23438
i 8925 1 1 39062
i 556 3 3 23438
i 1025 1 1 7812
i 1329 1 1 23438
i 555 23 23 7812
i 559 6 6 15625
i 562 7 7 7812
i 564 5 5 23438
i 563 2 2 23438
i 199 1 1 58480
i 201 1 1 43860
i 203 1 1 33003
i 564 2 2 23438
i 205 1 1 25641
i 207 1 1 20161
i 209 1 1 14641
i 211 1 1 10989
i 213 1 1 9158
i 215 1 1 7326
i 2485 1 1 5495
i 217 1 1 5495
i 995 30 30 78125
i 995 38 38 164062
i 559 3 3 15625
i 995 46 46 62500
i 995 55 55 46875
i 995 60 60 15625
i 313 10 10 171875
i 6721 1 1 7812
i 7157 1 1 7812
i 555 17 17 7812
i 7863 1 1 250000
i 6807 1 1 200
i 562 4 4 7812
end
npc 565 # Zombie pirate (lvl 57)
g 526 1 1
g 526 1 1
t 1 main
i 1623 1 1 1953
i 1621 1 1 977
i 1619 1 1 488
i 1452 1 1 183
i 1462 1 1 183
i 1617 1 1 122
i 830 5 5 61
i 987 1 1 61
i 985 1 1 61
i 1247 1 1 4
i 2366 1 1 2
i 1249 1 1 1
i 199 1 1 58480
i 201 1 1 43860
i 203 1 1 33003
i 205 1 1 25641
i 207 1 1 20161
i 209 1 1 14641
i 211 1 1 10989
i 213 1 1 9158
i 215 1 1 7326
i 2485 1 1 5495
i 1325 1 1 23438
i 217 1 1 5495
i 995 18 18 164062
i 995 10 10 78125
i 995 26 26 62500
i 995 35 35 46875
i 995 40 40 15625
i 313 7 7 164062
i 313 10 10 39062
i 6716 1 1 23438
i 440 1 1 7812
i 1203 1 1 15625
i 1025 1 1 7812
i 6721 1 1 7812
i 877 2 12 23438
i 7863 1 1 250000
i 6807 1 1 200
i 9141 2 12 23438
i 1209 1 1 15625
i 8926 1 1 23438
i 8925 1 1 39062
i 556 3 3 23438
i 1025 1 1 7812
i 1329 1 1 23438
i 555 23 23 7812
i 559 6 6 15625
i 562 7 7 7812
i 564 5 5 23438
i 563 2 2 23438
i 199 1 1 58480
i 201 1 1 43860
i 203 1 1 33003
i 564 2 2 23438
i 205 1 1 25641
i 207 1 1 20161
i 209 1 1 14641
i 211 1 1 10989
i 213 1 1 9158
i 215 1 1 7326
i 2485 1 1 5495
i 217 1 1 5495
i 995 30 30 78125
i 995 38 38 164062
i 559 3 3 15625
i 995 46 46 62500
i 995 55 55 46875
i 995 60 60 15625
i 313 10 10 171875
i 6721 1 1 7812
i 7157 1 1 7812
i 555 17 17 7812
i 7863 1 1 250000
i 6807 1 1 200
i 562 4 4 7812
end
npc 566 # Zombie pirate (lvl 57)
g 526 1 1
g 526 1 1
t 1 main
i 1623 1 1 1953
i 1621 1 1 977
i 1619 1 1 488
i 1452 1 1 183
i 1462 1 1 183
i 1617 1 1 122
i 830 5 5 61
i 987 1 1 61
i 985 1 1 61
i 1247 1 1 4
i 2366 1 1 2
i 1249 1 1 1
i 199 1 1 58480
i 201 1 1 43860
i 203 1 1 33003
i 205 1 1 25641
i 207 1 1 20161
i 209 1 1 14641
i 211 1 1 10989
i 213 1 1 9158
i 215 1 1 7326
i 2485 1 1 5495
i 1325 1 1 23438
i 217 1 1 5495
i 995 18 18 164062
i 995 10 10 78125
i 995 26 26 62500
i 995 35 35 46875
i 995 40 40 15625
i 313 7 7 164062
i 313 10 10 39062
i 6716 1 1 23438
i 440 1 1 7812
i 1203 1 1 15625
i 1025 1 1 7812
i 6721 1 1 7812
i 877 2 12 23438
i 7863 1 1 250000
i 6807 1 1 200
i 9141 2 12 23438
i 1209 1 1 15625
i 8926 1 1 23438
i 8925 1 1 39062
i 556 3 3 23438
i 1025 1 1 7812
i 1329 1 1 23438
i 555 23 23 7812
i 559 6 6 15625
i 562 7 7 7812
i 564 5 5 23438
i 563 2 2 23438
i 199 1 1 58480
i 201 1 1 43860
i 203 1 1 33003
i 564 2 2 23438
i 205 1 1 25641
i 207 1 1 20161
i 209 1 1 14641
i 211 1 1 10989
i 213 1 1 9158
i 215 1 1 7326
i 2485 1 1 5495
i 217 1 1 5495
i 995 30 30 78125
i 995 38 38 164062
i 559 3 3 15625
i 995 46 46 62500
i 995 55 55 46875
i 995 60 60 15625
i 313 10 10 171875
i 6721 1 1 7812
i 7157 1 1 7812
i 555 17 17 7812
i 7863 1 1 250000
i 6807 1 1 200
i 562 4 4 7812
end
npc 567 # Zombie pirate (lvl 57)
g 526 1 1
g 526 1 1
t 1 main
i 1623 1 1 1953
i 1621 1 1 977
i 1619 1 1 488
i 1452 1 1 183
i 1462 1 1 183
i 1617 1 1 122
i 830 5 5 61
i 987 1 1 61
i 985 1 1 61
i 1247 1 1 4
i 2366 1 1 2
i 1249 1 1 1
i 199 1 1 58480
i 201 1 1 43860
i 203 1 1 33003
i 205 1 1 25641
i 207 1 1 20161
i 209 1 1 14641
i 211 1 1 10989
i 213 1 1 9158
i 215 1 1 7326
i 2485 1 1 5495
i 1325 1 1 23438
i 217 1 1 5495
i 995 18 18 164062
i 995 10 10 78125
i 995 26 26 62500
i 995 35 35 46875
i 995 40 40 15625
i 313 7 7 164062
i 313 10 10 39062
i 6716 1 1 23438
i 440 1 1 7812
i 1203 1 1 15625
i 1025 1 1 7812
i 6721 1 1 7812
i 877 2 12 23438
i 7863 1 1 250000
i 6807 1 1 200
i 9141 2 12 23438
i 1209 1 1 15625
i 8926 1 1 23438
i 8925 1 1 39062
i 556 3 3 23438
i 1025 1 1 7812
i 1329 1 1 23438
i 555 23 23 7812
i 559 6 6 15625
i 562 7 7 7812
i 564 5 5 23438
i 563 2 2 23438
i 199 1 1 58480
i 201 1 1 43860
i 203 1 1 33003
i 564 2 2 23438
i 205 1 1 25641
i 207 1 1 20161
i 209 1 1 14641
i 211 1 1 10989
i 213 1 1 9158
i 215 1 1 7326
i 2485 1 1 5495
i 217 1 1 5495
i 995 30 30 78125
i 995 38 38 164062
i 559 3 3 15625
i 995 46 46 62500
i 995 55 55 46875
i 995 60 60 15625
i 313 10 10 171875
i 6721 1 1 7812
i 7157 1 1 7812
i 555 17 17 7812
i 7863 1 1 250000
i 6807 1 1 200
i 562 4 4 7812
end
npc 568 # Zombie pirate (lvl 57)
g 526 1 1
g 526 1 1
t 1 main
i 1623 1 1 1953
i 1621 1 1 977
i 1619 1 1 488
i 1452 1 1 183
i 1462 1 1 183
i 1617 1 1 122
i 830 5 5 61
i 987 1 1 61
i 985 1 1 61
i 1247 1 1 4
i 2366 1 1 2
i 1249 1 1 1
i 199 1 1 58480
i 201 1 1 43860
i 203 1 1 33003
i 205 1 1 25641
i 207 1 1 20161
i 209 1 1 14641
i 211 1 1 10989
i 213 1 1 9158
i 215 1 1 7326
i 2485 1 1 5495
i 1325 1 1 23438
i 217 1 1 5495
i 995 18 18 164062
i 995 10 10 78125
i 995 26 26 62500
i 995 35 35 46875
i 995 40 40 15625
i 313 7 7 164062
i 313 10 10 39062
i 6716 1 1 23438
i 440 1 1 7812
i 1203 1 1 15625
i 1025 1 1 7812
i 6721 1 1 7812
i 877 2 12 23438
i 7863 1 1 250000
i 6807 1 1 200
i 9141 2 12 23438
i 1209 1 1 15625
i 8926 1 1 23438
i 8925 1 1 39062
i 556 3 3 23438
i 1025 1 1 7812
i 1329 1 1 23438
i 555 23 23 7812
i 559 6 6 15625
i 562 7 7 7812
i 564 5 5 23438
i 563 2 2 23438
i 199 1 1 58480
i 201 1 1 43860
i 203 1 1 33003
i 564 2 2 23438
i 205 1 1 25641
i 207 1 1 20161
i 209 1 1 14641
i 211 1 1 10989
i 213 1 1 9158
i 215 1 1 7326
i 2485 1 1 5495
i 217 1 1 5495
i 995 30 30 78125
i 995 38 38 164062
i 559 3 3 15625
i 995 46 46 62500
i 995 55 55 46875
i 995 60 60 15625
i 313 10 10 171875
i 6721 1 1 7812
i 7157 1 1 7812
i 555 17 17 7812
i 7863 1 1 250000
i 6807 1 1 200
i 562 4 4 7812
end
npc 569 # Zombie pirate (lvl 57)
g 526 1 1
g 526 1 1
t 1 main
i 1623 1 1 1953
i 1621 1 1 977
i 1619 1 1 488
i 1452 1 1 183
i 1462 1 1 183
i 1617 1 1 122
i 830 5 5 61
i 987 1 1 61
i 985 1 1 61
i 1247 1 1 4
i 2366 1 1 2
i 1249 1 1 1
i 199 1 1 58480
i 201 1 1 43860
i 203 1 1 33003
i 205 1 1 25641
i 207 1 1 20161
i 209 1 1 14641
i 211 1 1 10989
i 213 1 1 9158
i 215 1 1 7326
i 2485 1 1 5495
i 1325 1 1 23438
i 217 1 1 5495
i 995 18 18 164062
i 995 10 10 78125
i 995 26 26 62500
i 995 35 35 46875
i 995 40 40 15625
i 313 7 7 164062
i 313 10 10 39062
i 6716 1 1 23438
i 440 1 1 7812
i 1203 1 1 15625
i 1025 1 1 7812
i 6721 1 1 7812
i 877 2 12 23438
i 7863 1 1 250000
i 6807 1 1 200
i 9141 2 12 23438
i 1209 1 1 15625
i 8926 1 1 23438
i 8925 1 1 39062
i 556 3 3 23438
i 1025 1 1 7812
i 1329 1 1 23438
i 555 23 23 7812
i 559 6 6 15625
i 562 7 7 7812
i 564 5 5 23438
i 563 2 2 23438
i 199 1 1 58480
i 201 1 1 43860
i 203 1 1 33003
i 564 2 2 23438
i 205 1 1 25641
i 207 1 1 20161
i 209 1 1 14641
i 211 1 1 10989
i 213 1 1 9158
i 215 1 1 7326
i 2485 1 1 5495
i 217 1 1 5495
i 995 30 30 78125
i 995 38 38 164062
i 559 3 3 15625
i 995 46 46 62500
i 995 55 55 46875
i 995 60 60 15625
i 313 10 10 171875
i 6721 1 1 7812
i 7157 1 1 7812
i 555 17 17 7812
i 7863 1 1 250000
i 6807 1 1 200
i 562 4 4 7812
end
npc 570 # Zombie pirate (lvl 57)
g 526 1 1
g 526 1 1
t 1 main
i 1623 1 1 1953
i 1621 1 1 977
i 1619 1 1 488
i 1452 1 1 183
i 1462 1 1 183
i 1617 1 1 122
i 830 5 5 61
i 987 1 1 61
i 985 1 1 61
i 1247 1 1 4
i 2366 1 1 2
i 1249 1 1 1
i 199 1 1 58480
i 201 1 1 43860
i 203 1 1 33003
i 205 1 1 25641
i 207 1 1 20161
i 209 1 1 14641
i 211 1 1 10989
i 213 1 1 9158
i 215 1 1 7326
i 2485 1 1 5495
i 1325 1 1 23438
i 217 1 1 5495
i 995 18 18 164062
i 995 10 10 78125
i 995 26 26 62500
i 995 35 35 46875
i 995 40 40 15625
i 313 7 7 164062
i 313 10 10 39062
i 6716 1 1 23438
i 440 1 1 7812
i 1203 1 1 15625
i 1025 1 1 7812
i 6721 1 1 7812
i 877 2 12 23438
i 7863 1 1 250000
i 6807 1 1 200
i 9141 2 12 23438
i 1209 1 1 15625
i 8926 1 1 23438
i 8925 1 1 39062
i 556 3 3 23438
i 1025 1 1 7812
i 1329 1 1 23438
i 555 23 23 7812
i 559 6 6 15625
i 562 7 7 7812
i 564 5 5 23438
i 563 2 2 23438
i 199 1 1 58480
i 201 1 1 43860
i 203 1 1 33003
i 564 2 2 23438
i 205 1 1 25641
i 207 1 1 20161
i 209 1 1 14641
i 211 1 1 10989
i 213 1 1 9158
i 215 1 1 7326
i 2485 1 1 5495
i 217 1 1 5495
i 995 30 30 78125
i 995 38 38 164062
i 559 3 3 15625
i 995 46 46 62500
i 995 55 55 46875
i 995 60 60 15625
i 313 10 10 171875
i 6721 1 1 7812
i 7157 1 1 7812
i 555 17 17 7812
i 7863 1 1 250000
i 6807 1 1 200
i 562 4 4 7812
end
npc 571 # Zombie pirate (lvl 57)
g 526 1 1
g 526 1 1
t 1 main
i 1623 1 1 1953
i 1621 1 1 977
i 1619 1 1 488
i 1452 1 1 183
i 1462 1 1 183
i 1617 1 1 122
i 830 5 5 61
i 987 1 1 61
i 985 1 1 61
i 1247 1 1 4
i 2366 1 1 2
i 1249 1 1 1
i 199 1 1 58480
i 201 1 1 43860
i 203 1 1 33003
i 205 1 1 25641
i 207 1 1 20161
i 209 1 1 14641
i 211 1 1 10989
i 213 1 1 9158
i 215 1 1 7326
i 2485 1 1 5495
i 1325 1 1 23438
i 217 1 1 5495
i 995 18 18 164062
i 995 10 10 78125
i 995 26 26 62500
i 995 35 35 46875
i 995 40 40 15625
i 313 7 7 164062
i 313 10 10 39062
i 6716 1 1 23438
i 440 1 1 7812
i 1203 1 1 15625
i 1025 1 1 7812
i 6721 1 1 7812
i 877 2 12 23438
i 7863 1 1 250000
i 6807 1 1 200
i 9141 2 12 23438
i 1209 1 1 15625
i 8926 1 1 23438
i 8925 1 1 39062
i 556 3 3 23438
i 1025 1 1 7812
i 1329 1 1 23438
i 555 23 23 7812
i 559 6 6 15625
i 562 7 7 7812
i 564 5 5 23438
i 563 2 2 23438
i 199 1 1 58480
i 201 1 1 43860
i 203 1 1 33003
i 564 2 2 23438
i 205 1 1 25641
i 207 1 1 20161
i 209 1 1 14641
i 211 1 1 10989
i 213 1 1 9158
i 215 1 1 7326
i 2485 1 1 5495
i 217 1 1 5495
i 995 30 30 78125
i 995 38 38 164062
i 559 3 3 15625
i 995 46 46 62500
i 995 55 55 46875
i 995 60 60 15625
i 313 10 10 171875
i 6721 1 1 7812
i 7157 1 1 7812
i 555 17 17 7812
i 7863 1 1 250000
i 6807 1 1 200
i 562 4 4 7812
end
npc 572 # Zombie pirate (lvl 57)
g 526 1 1
g 526 1 1
t 1 main
i 1623 1 1 1953
i 1621 1 1 977
i 1619 1 1 488
i 1452 1 1 183
i 1462 1 1 183
i 1617 1 1 122
i 830 5 5 61
i 987 1 1 61
i 985 1 1 61
i 1247 1 1 4
i 2366 1 1 2
i 1249 1 1 1
i 199 1 1 58480
i 201 1 1 43860
i 203 1 1 33003
i 205 1 1 25641
i 207 1 1 20161
i 209 1 1 14641
i 211 1 1 10989
i 213 1 1 9158
i 215 1 1 7326
i 2485 1 1 5495
i 1325 1 1 23438
i 217 1 1 5495
i 995 18 18 164062
i 995 10 10 78125
i 995 26 26 62500
i 995 35 35 46875
i 995 40 40 15625
i 313 7 7 164062
i 313 10 10 39062
i 6716 1 1 23438
i 440 1 1 7812
i 1203 1 1 15625
i 1025 1 1 7812
i 6721 1 1 7812
i 877 2 12 23438
i 7863 1 1 250000
i 6807 1 1 200
i 9141 2 12 23438
i 1209 1 1 15625
i 8926 1 1 23438
i 8925 1 1 39062
i 556 3 3 23438
i 1025 1 1 7812
i 1329 1 1 23438
i 555 23 23 7812
i 559 6 6 15625
i 562 7 7 7812
i 564 5 5 23438
i 563 2 2 23438
i 199 1 1 58480
i 201 1 1 43860
i 203 1 1 33003
i 564 2 2 23438
i 205 1 1 25641
i 207 1 1 20161
i 209 1 1 14641
i 211 1 1 10989
i 213 1 1 9158
i 215 1 1 7326
i 2485 1 1 5495
i 217 1 1 5495
i 995 30 30 78125
i 995 38 38 164062
i 559 3 3 15625
i 995 46 46 62500
i 995 55 55 46875
i 995 60 60 15625
i 313 10 10 171875
i 6721 1 1 7812
i 7157 1 1 7812
i 555 17 17 7812
i 7863 1 1 250000
i 6807 1 1 200
i 562 4 4 7812
end
npc 573 # Zombie pirate (lvl 57)
g 526 1 1
g 526 1 1
t 1 main
i 1623 1 1 1953
i 1621 1 1 977
i 1619 1 1 488
i 1452 1 1 183
i 1462 1 1 183
i 1617 1 1 122
i 830 5 5 61
i 987 1 1 61
i 985 1 1 61
i 1247 1 1 4
i 2366 1 1 2
i 1249 1 1 1
i 199 1 1 58480
i 201 1 1 43860
i 203 1 1 33003
i 205 1 1 25641
i 207 1 1 20161
i 209 1 1 14641
i 211 1 1 10989
i 213 1 1 9158
i 215 1 1 7326
i 2485 1 1 5495
i 1325 1 1 23438
i 217 1 1 5495
i 995 18 18 164062
i 995 10 10 78125
i 995 26 26 62500
i 995 35 35 46875
i 995 40 40 15625
i 313 7 7 164062
i 313 10 10 39062
i 6716 1 1 23438
i 440 1 1 7812
i 1203 1 1 15625
i 1025 1 1 7812
i 6721 1 1 7812
i 877 2 12 23438
i 7863 1 1 250000
i 6807 1 1 200
i 9141 2 12 23438
i 1209 1 1 15625
i 8926 1 1 23438
i 8925 1 1 39062
i 556 3 3 23438
i 1025 1 1 7812
i 1329 1 1 23438
i 555 23 23 7812
i 559 6 6 15625
i 562 7 7 7812
i 564 5 5 23438
i 563 2 2 23438
i 199 1 1 58480
i 201 1 1 43860
i 203 1 1 33003
i 564 2 2 23438
i 205 1 1 25641
i 207 1 1 20161
i 209 1 1 14641
i 211 1 1 10989
i 213 1 1 9158
i 215 1 1 7326
i 2485 1 1 5495
i 217 1 1 5495
i 995 30 30 78125
i 995 38 38 164062
i 559 3 3 15625
i 995 46 46 62500
i 995 55 55 46875
i 995 60 60 15625
i 313 10 10 171875
i 6721 1 1 7812
i 7157 1 1 7812
i 555 17 17 7812
i 7863 1 1 250000
i 6807 1 1 200
i 562 4 4 7812
end
npc 574 # Zombie pirate (lvl 57)
g 526 1 1
g 526 1 1
t 1 main
i 1623 1 1 1953
i 1621 1 1 977
i 1619 1 1 488
i 1452 1 1 183
i 1462 1 1 183
i 1617 1 1 122
i 830 5 5 61
i 987 1 1 61
i 985 1 1 61
i 1247 1 1 4
i 2366 1 1 2
i 1249 1 1 1
i 199 1 1 58480
i 201 1 1 43860
i 203 1 1 33003
i 205 1 1 25641
i 207 1 1 20161
i 209 1 1 14641
i 211 1 1 10989
i 213 1 1 9158
i 215 1 1 7326
i 2485 1 1 5495
i 1325 1 1 23438
i 217 1 1 5495
i 995 18 18 164062
i 995 10 10 78125
i 995 26 26 62500
i 995 35 35 46875
i 995 40 40 15625
i 313 7 7 164062
i 313 10 10 39062
i 6716 1 1 23438
i 440 1 1 7812
i 1203 1 1 15625
i 1025 1 1 7812
i 6721 1 1 7812
i 877 2 12 23438
i 7863 1 1 250000
i 6807 1 1 200
i 9141 2 12 23438
i 1209 1 1 15625
i 8926 1 1 23438
i 8925 1 1 39062
i 556 3 3 23438
i 1025 1 1 7812
i 1329 1 1 23438
i 555 23 23 7812
i 559 6 6 15625
i 562 7 7 7812
i 564 5 5 23438
i 563 2 2 23438
i 199 1 1 58480
i 201 1 1 43860
i 203 1 1 33003
i 564 2 2 23438
i 205 1 1 25641
i 207 1 1 20161
i 209 1 1 14641
i 211 1 1 10989
i 213 1 1 9158
i 215 1 1 7326
i 2485 1 1 5495
i 217 1 1 5495
i 995 30 30 78125
i 995 38 38 164062
i 559 3 3 15625
i 995 46 46 62500
i 995 55 55 46875
i 995 60 60 15625
i 313 10 10 171875
i 6721 1 1 7812
i 7157 1 1 7812
i 555 17 17 7812
i 7863 1 1 250000
i 6807 1 1 200
i 562 4 4 7812
end
npc 575 # Zombie pirate (lvl 57)
g 526 1 1
g 526 1 1
t 1 main
i 1623 1 1 1953
i 1621 1 1 977
i 1619 1 1 488
i 1452 1 1 183
i 1462 1 1 183
i 1617 1 1 122
i 830 5 5 61
i 987 1 1 61
i 985 1 1 61
i 1247 1 1 4
i 2366 1 1 2
i 1249 1 1 1
i 199 1 1 58480
i 201 1 1 43860
i 203 1 1 33003
i 205 1 1 25641
i 207 1 1 20161
i 209 1 1 14641
i 211 1 1 10989
i 213 1 1 9158
i 215 1 1 7326
i 2485 1 1 5495
i 1325 1 1 23438
i 217 1 1 5495
i 995 18 18 164062
i 995 10 10 78125
i 995 26 26 62500
i 995 35 35 46875
i 995 40 40 15625
i 313 7 7 164062
i 313 10 10 39062
i 6716 1 1 23438
i 440 1 1 7812
i 1203 1 1 15625
i 1025 1 1 7812
i 6721 1 1 7812
i 877 2 12 23438
i 7863 1 1 250000
i 6807 1 1 200
i 9141 2 12 23438
i 1209 1 1 15625
i 8926 1 1 23438
i 8925 1 1 39062
i 556 3 3 23438
i 1025 1 1 7812
i 1329 1 1 23438
i 555 23 23 7812
i 559 6 6 15625
i 562 7 7 7812
i 564 5 5 23438
i 563 2 2 23438
i 199 1 1 58480
i 201 1 1 43860
i 203 1 1 33003
i 564 2 2 23438
i 205 1 1 25641
i 207 1 1 20161
i 209 1 1 14641
i 211 1 1 10989
i 213 1 1 9158
i 215 1 1 7326
i 2485 1 1 5495
i 217 1 1 5495
i 995 30 30 78125
i 995 38 38 164062
i 559 3 3 15625
i 995 46 46 62500
i 995 55 55 46875
i 995 60 60 15625
i 313 10 10 171875
i 6721 1 1 7812
i 7157 1 1 7812
i 555 17 17 7812
i 7863 1 1 250000
i 6807 1 1 200
i 562 4 4 7812
end
npc 576 # Zombie pirate (lvl 57)
g 526 1 1
g 526 1 1
t 1 main
i 1623 1 1 1953
i 1621 1 1 977
i 1619 1 1 488
i 1452 1 1 183
i 1462 1 1 183
i 1617 1 1 122
i 830 5 5 61
i 987 1 1 61
i 985 1 1 61
i 1247 1 1 4
i 2366 1 1 2
i 1249 1 1 1
i 199 1 1 58480
i 201 1 1 43860
i 203 1 1 33003
i 205 1 1 25641
i 207 1 1 20161
i 209 1 1 14641
i 211 1 1 10989
i 213 1 1 9158
i 215 1 1 7326
i 2485 1 1 5495
i 1325 1 1 23438
i 217 1 1 5495
i 995 18 18 164062
i 995 10 10 78125
i 995 26 26 62500
i 995 35 35 46875
i 995 40 40 15625
i 313 7 7 164062
i 313 10 10 39062
i 6716 1 1 23438
i 440 1 1 7812
i 1203 1 1 15625
i 1025 1 1 7812
i 6721 1 1 7812
i 877 2 12 23438
i 7863 1 1 250000
i 6807 1 1 200
i 9141 2 12 23438
i 1209 1 1 15625
i 8926 1 1 23438
i 8925 1 1 39062
i 556 3 3 23438
i 1025 1 1 7812
i 1329 1 1 23438
i 555 23 23 7812
i 559 6 6 15625
i 562 7 7 7812
i 564 5 5 23438
i 563 2 2 23438
i 199 1 1 58480
i 201 1 1 43860
i 203 1 1 33003
i 564 2 2 23438
i 205 1 1 25641
i 207 1 1 20161
i 209 1 1 14641
i 211 1 1 10989
i 213 1 1 9158
i 215 1 1 7326
i 2485 1 1 5495
i 217 1 1 5495
i 995 30 30 78125
i 995 38 38 164062
i 559 3 3 15625
i 995 46 46 62500
i 995 55 55 46875
i 995 60 60 15625
i 313 10 10 171875
i 6721 1 1 7812
i 7157 1 1 7812
i 555 17 17 7812
i 7863 1 1 250000
i 6807 1 1 200
i 562 4 4 7812
end
npc 577 # Zombie pirate (lvl 57)
g 526 1 1
g 526 1 1
t 1 main
i 1623 1 1 1953
i 1621 1 1 977
i 1619 1 1 488
i 1452 1 1 183
i 1462 1 1 183
i 1617 1 1 122
i 830 5 5 61
i 987 1 1 61
i 985 1 1 61
i 1247 1 1 4
i 2366 1 1 2
i 1249 1 1 1
i 199 1 1 58480
i 201 1 1 43860
i 203 1 1 33003
i 205 1 1 25641
i 207 1 1 20161
i 209 1 1 14641
i 211 1 1 10989
i 213 1 1 9158
i 215 1 1 7326
i 2485 1 1 5495
i 1325 1 1 23438
i 217 1 1 5495
i 995 18 18 164062
i 995 10 10 78125
i 995 26 26 62500
i 995 35 35 46875
i 995 40 40 15625
i 313 7 7 164062
i 313 10 10 39062
i 6716 1 1 23438
i 440 1 1 7812
i 1203 1 1 15625
i 1025 1 1 7812
i 6721 1 1 7812
i 877 2 12 23438
i 7863 1 1 250000
i 6807 1 1 200
i 9141 2 12 23438
i 1209 1 1 15625
i 8926 1 1 23438
i 8925 1 1 39062
i 556 3 3 23438
i 1025 1 1 7812
i 1329 1 1 23438
i 555 23 23 7812
i 559 6 6 15625
i 562 7 7 7812
i 564 5 5 23438
i 563 2 2 23438
i 199 1 1 58480
i 201 1 1 43860
i 203 1 1 33003
i 564 2 2 23438
i 205 1 1 25641
i 207 1 1 20161
i 209 1 1 14641
i 211 1 1 10989
i 213 1 1 9158
i 215 1 1 7326
i 2485 1 1 5495
i 217 1 1 5495
i 995 30 30 78125
i 995 38 38 164062
i 559 3 3 15625
i 995 46 46 62500
i 995 55 55 46875
i 995 60 60 15625
i 313 10 10 171875
i 6721 1 1 7812
i 7157 1 1 7812
i 555 17 17 7812
i 7863 1 1 250000
i 6807 1 1 200
i 562 4 4 7812
end
npc 578 # Zombie pirate (lvl 57)
g 526 1 1
g 526 1 1
t 1 main
i 1623 1 1 1953
i 1621 1 1 977
i 1619 1 1 488
i 1452 1 1 183
i 1462 1 1 183
i 1617 1 1 122
i 830 5 5 61
i 987 1 1 61
i 985 1 1 61
i 1247 1 1 4
i 2366 1 1 2
i 1249 1 1 1
i 199 1 1 58480
i 201 1 1 43860
i 203 1 1 33003
i 205 1 1 25641
i 207 1 1 20161
i 209 1 1 14641
i 211 1 1 10989
i 213 1 1 9158
i 215 1 1 7326
i 2485 1 1 5495
i 1325 1 1 23438
i 217 1 1 5495
i 995 18 18 164062
i 995 10 10 78125
i 995 26 26 62500
i 995 35 35 46875
i 995 40 40 15625
i 313 7 7 164062
i 313 10 10 39062
i 6716 1 1 23438
i 440 1 1 7812
i 1203 1 1 15625
i 1025 1 1 7812
i 6721 1 1 7812
i 877 2 12 23438
i 7863 1 1 250000
i 6807 1 1 200
i 9141 2 12 23438
i 1209 1 1 15625
i 8926 1 1 23438
i 8925 1 1 39062
i 556 3 3 23438
i 1025 1 1 7812
i 1329 1 1 23438
i 555 23 23 7812
i 559 6 6 15625
i 562 7 7 7812
i 564 5 5 23438
i 563 2 2 23438
i 199 1 1 58480
i 201 1 1 43860
i 203 1 1 33003
i 564 2 2 23438
i 205 1 1 25641
i 207 1 1 20161
i 209 1 1 14641
i 211 1 1 10989
i 213 1 1 9158
i 215 1 1 7326
i 2485 1 1 5495
i 217 1 1 5495
i 995 30 30 78125
i 995 38 38 164062
i 559 3 3 15625
i 995 46 46 62500
i 995 55 55 46875
i 995 60 60 15625
i 313 10 10 171875
i 6721 1 1 7812
i 7157 1 1 7812
i 555 17 17 7812
i 7863 1 1 250000
i 6807 1 1 200
i 562 4 4 7812
end
npc 579 # Zombie pirate (lvl 57)
g 526 1 1
g 526 1 1
t 1 main
i 1623 1 1 1953
i 1621 1 1 977
i 1619 1 1 488
i 1452 1 1 183
i 1462 1 1 183
i 1617 1 1 122
i 830 5 5 61
i 987 1 1 61
i 985 1 1 61
i 1247 1 1 4
i 2366 1 1 2
i 1249 1 1 1
i 199 1 1 58480
i 201 1 1 43860
i 203 1 1 33003
i 205 1 1 25641
i 207 1 1 20161
i 209 1 1 14641
i 211 1 1 10989
i 213 1 1 9158
i 215 1 1 7326
i 2485 1 1 5495
i 1325 1 1 23438
i 217 1 1 5495
i 995 18 18 164062
i 995 10 10 78125
i 995 26 26 62500
i 995 35 35 46875
i 995 40 40 15625
i 313 7 7 164062
i 313 10 10 39062
i 6716 1 1 23438
i 440 1 1 7812
i 1203 1 1 15625
i 1025 1 1 7812
i 6721 1 1 7812
i 877 2 12 23438
i 7863 1 1 250000
i 6807 1 1 200
i 9141 2 12 23438
i 1209 1 1 15625
i 8926 1 1 23438
i 8925 1 1 39062
i 556 3 3 23438
i 1025 1 1 7812
i 1329 1 1 23438
i 555 23 23 7812
i 559 6 6 15625
i 562 7 7 7812
i 564 5 5 23438
i 563 2 2 23438
i 199 1 1 58480
i 201 1 1 43860
i 203 1 1 33003
i 564 2 2 23438
i 205 1 1 25641
i 207 1 1 20161
i 209 1 1 14641
i 211 1 1 10989
i 213 1 1 9158
i 215 1 1 7326
i 2485 1 1 5495
i 217 1 1 5495
i 995 30 30 78125
i 995 38 38 164062
i 559 3 3 15625
i 995 46 46 62500
i 995 55 55 46875
i 995 60 60 15625
i 313 10 10 171875
i 6721 1 1 7812
i 7157 1 1 7812
i 555 17 17 7812
i 7863 1 1 250000
i 6807 1 1 200
i 562 4 4 7812
end
npc 580 # Zombie pirate (lvl 57)
g 526 1 1
g 526 1 1
t 1 main
i 1623 1 1 1953
i 1621 1 1 977
i 1619 1 1 488
i 1452 1 1 183
i 1462 1 1 183
i 1617 1 1 122
i 830 5 5 61
i 987 1 1 61
i 985 1 1 61
i 1247 1 1 4
i 2366 1 1 2
i 1249 1 1 1
i 199 1 1 58480
i 201 1 1 43860
i 203 1 1 33003
i 205 1 1 25641
i 207 1 1 20161
i 209 1 1 14641
i 211 1 1 10989
i 213 1 1 9158
i 215 1 1 7326
i 2485 1 1 5495
i 1325 1 1 23438
i 217 1 1 5495
i 995 18 18 164062
i 995 10 10 78125
i 995 26 26 62500
i 995 35 35 46875
i 995 40 40 15625
i 313 7 7 164062
i 313 10 10 39062
i 6716 1 1 23438
i 440 1 1 7812
i 1203 1 1 15625
i 1025 1 1 7812
i 6721 1 1 7812
i 877 2 12 23438
i 7863 1 1 250000
i 6807 1 1 200
i 9141 2 12 23438
i 1209 1 1 15625
i 8926 1 1 23438
i 8925 1 1 39062
i 556 3 3 23438
i 1025 1 1 7812
i 1329 1 1 23438
i 555 23 23 7812
i 559 6 6 15625
i 562 7 7 7812
i 564 5 5 23438
i 563 2 2 23438
i 199 1 1 58480
i 201 1 1 43860
i 203 1 1 33003
i 564 2 2 23438
i 205 1 1 25641
i 207 1 1 20161
i 209 1 1 14641
i 211 1 1 10989
i 213 1 1 9158
i 215 1 1 7326
i 2485 1 1 5495
i 217 1 1 5495
i 995 30 30 78125
i 995 38 38 164062
i 559 3 3 15625
i 995 46 46 62500
i 995 55 55 46875
i 995 60 60 15625
i 313 10 10 171875
i 6721 1 1 7812
i 7157 1 1 7812
i 555 17 17 7812
i 7863 1 1 250000
i 6807 1 1 200
i 562 4 4 7812
end
npc 581 # Zombie pirate (lvl 57)
g 526 1 1
g 526 1 1
t 1 main
i 1623 1 1 1953
i 1621 1 1 977
i 1619 1 1 488
i 1452 1 1 183
i 1462 1 1 183
i 1617 1 1 122
i 830 5 5 61
i 987 1 1 61
i 985 1 1 61
i 1247 1 1 4
i 2366 1 1 2
i 1249 1 1 1
i 199 1 1 58480
i 201 1 1 43860
i 203 1 1 33003
i 205 1 1 25641
i 207 1 1 20161
i 209 1 1 14641
i 211 1 1 10989
i 213 1 1 9158
i 215 1 1 7326
i 2485 1 1 5495
i 1325 1 1 23438
i 217 1 1 5495
i 995 18 18 164062
i 995 10 10 78125
i 995 26 26 62500
i 995 35 35 46875
i 995 40 40 15625
i 313 7 7 164062
i 313 10 10 39062
i 6716 1 1 23438
i 440 1 1 7812
i 1203 1 1 15625
i 1025 1 1 7812
i 6721 1 1 7812
i 877 2 12 23438
i 7863 1 1 250000
i 6807 1 1 200
i 9141 2 12 23438
i 1209 1 1 15625
i 8926 1 1 23438
i 8925 1 1 39062
i 556 3 3 23438
i 1025 1 1 7812
i 1329 1 1 23438
i 555 23 23 7812
i 559 6 6 15625
i 562 7 7 7812
i 564 5 5 23438
i 563 2 2 23438
i 199 1 1 58480
i 201 1 1 43860
i 203 1 1 33003
i 564 2 2 23438
i 205 1 1 25641
i 207 1 1 20161
i 209 1 1 14641
i 211 1 1 10989
i 213 1 1 9158
i 215 1 1 7326
i 2485 1 1 5495
i 217 1 1 5495
i 995 30 30 78125
i 995 38 38 164062
i 559 3 3 15625
i 995 46 46 62500
i 995 55 55 46875
i 995 60 60 15625
i 313 10 10 171875
i 6721 1 1 7812
i 7157 1 1 7812
i 555 17 17 7812
i 7863 1 1 250000
i 6807 1 1 200
i 562 4 4 7812
end
npc 582 # Zombie pirate (lvl 57)
g 526 1 1
g 526 1 1
t 1 main
i 1623 1 1 1953
i 1621 1 1 977
i 1619 1 1 488
i 1452 1 1 183
i 1462 1 1 183
i 1617 1 1 122
i 830 5 5 61
i 987 1 1 61
i 985 1 1 61
i 1247 1 1 4
i 2366 1 1 2
i 1249 1 1 1
i 199 1 1 58480
i 201 1 1 43860
i 203 1 1 33003
i 205 1 1 25641
i 207 1 1 20161
i 209 1 1 14641
i 211 1 1 10989
i 213 1 1 9158
i 215 1 1 7326
i 2485 1 1 5495
i 1325 1 1 23438
i 217 1 1 5495
i 995 18 18 164062
i 995 10 10 78125
i 995 26 26 62500
i 995 35 35 46875
i 995 40 40 15625
i 313 7 7 164062
i 313 10 10 39062
i 6716 1 1 23438
i 440 1 1 7812
i 1203 1 1 15625
i 1025 1 1 7812
i 6721 1 1 7812
i 877 2 12 23438
i 7863 1 1 250000
i 6807 1 1 200
i 9141 2 12 23438
i 1209 1 1 15625
i 8926 1 1 23438
i 8925 1 1 39062
i 556 3 3 23438
i 1025 1 1 7812
i 1329 1 1 23438
i 555 23 23 7812
i 559 6 6 15625
i 562 7 7 7812
i 564 5 5 23438
i 563 2 2 23438
i 199 1 1 58480
i 201 1 1 43860
i 203 1 1 33003
i 564 2 2 23438
i 205 1 1 25641
i 207 1 1 20161
i 209 1 1 14641
i 211 1 1 10989
i 213 1 1 9158
i 215 1 1 7326
i 2485 1 1 5495
i 217 1 1 5495
i 995 30 30 78125
i 995 38 38 164062
i 559 3 3 15625
i 995 46 46 62500
i 995 55 55 46875
i 995 60 60 15625
i 313 10 10 171875
i 6721 1 1 7812
i 7157 1 1 7812
i 555 17 17 7812
i 7863 1 1 250000
i 6807 1 1 200
i 562 4 4 7812
end
npc 583 # Zombie pirate (lvl 57)
g 526 1 1
g 526 1 1
t 1 main
i 1623 1 1 1953
i 1621 1 1 977
i 1619 1 1 488
i 1452 1 1 183
i 1462 1 1 183
i 1617 1 1 122
i 830 5 5 61
i 987 1 1 61
i 985 1 1 61
i 1247 1 1 4
i 2366 1 1 2
i 1249 1 1 1
i 199 1 1 58480
i 201 1 1 43860
i 203 1 1 33003
i 205 1 1 25641
i 207 1 1 20161
i 209 1 1 14641
i 211 1 1 10989
i 213 1 1 9158
i 215 1 1 7326
i 2485 1 1 5495
i 1325 1 1 23438
i 217 1 1 5495
i 995 18 18 164062
i 995 10 10 78125
i 995 26 26 62500
i 995 35 35 46875
i 995 40 40 15625
i 313 7 7 164062
i 313 10 10 39062
i 6716 1 1 23438
i 440 1 1 7812
i 1203 1 1 15625
i 1025 1 1 7812
i 6721 1 1 7812
i 877 2 12 23438
i 7863 1 1 250000
i 6807 1 1 200
i 9141 2 12 23438
i 1209 1 1 15625
i 8926 1 1 23438
i 8925 1 1 39062
i 556 3 3 23438
i 1025 1 1 7812
i 1329 1 1 23438
i 555 23 23 7812
i 559 6 6 15625
i 562 7 7 7812
i 564 5 5 23438
i 563 2 2 23438
i 199 1 1 58480
i 201 1 1 43860
i 203 1 1 33003
i 564 2 2 23438
i 205 1 1 25641
i 207 1 1 20161
i 209 1 1 14641
i 211 1 1 10989
i 213 1 1 9158
i 215 1 1 7326
i 2485 1 1 5495
i 217 1 1 5495
i 995 30 30 78125
i 995 38 38 164062
i 559 3 3 15625
i 995 46 46 62500
i 995 55 55 46875
i 995 60 60 15625
i 313 10 10 171875
i 6721 1 1 7812
i 7157 1 1 7812
i 555 17 17 7812
i 7863 1 1 250000
i 6807 1 1 200
i 562 4 4 7812
end
npc 584 # Zombie pirate (lvl 57)
g 526 1 1
g 526 1 1
t 1 main
i 1623 1 1 1953
i 1621 1 1 977
i 1619 1 1 488
i 1452 1 1 183
i 1462 1 1 183
i 1617 1 1 122
i 830 5 5 61
i 987 1 1 61
i 985 1 1 61
i 1247 1 1 4
i 2366 1 1 2
i 1249 1 1 1
i 199 1 1 58480
i 201 1 1 43860
i 203 1 1 33003
i 205 1 1 25641
i 207 1 1 20161
i 209 1 1 14641
i 211 1 1 10989
i 213 1 1 9158
i 215 1 1 7326
i 2485 1 1 5495
i 1325 1 1 23438
i 217 1 1 5495
i 995 18 18 164062
i 995 10 10 78125
i 995 26 26 62500
i 995 35 35 46875
i 995 40 40 15625
i 313 7 7 164062
i 313 10 10 39062
i 6716 1 1 23438
i 440 1 1 7812
i 1203 1 1 15625
i 1025 1 1 7812
i 6721 1 1 7812
i 877 2 12 23438
i 7863 1 1 250000
i 6807 1 1 200
i 9141 2 12 23438
i 1209 1 1 15625
i 8926 1 1 23438
i 8925 1 1 39062
i 556 3 3 23438
i 1025 1 1 7812
i 1329 1 1 23438
i 555 23 23 7812
i 559 6 6 15625
i 562 7 7 7812
i 564 5 5 23438
i 563 2 2 23438
i 199 1 1 58480
i 201 1 1 43860
i 203 1 1 33003
i 564 2 2 23438
i 205 1 1 25641
i 207 1 1 20161
i 209 1 1 14641
i 211 1 1 10989
i 213 1 1 9158
i 215 1 1 7326
i 2485 1 1 5495
i 217 1 1 5495
i 995 30 30 78125
i 995 38 38 164062
i 559 3 3 15625
i 995 46 46 62500
i 995 55 55 46875
i 995 60 60 15625
i 313 10 10 171875
i 6721 1 1 7812
i 7157 1 1 7812
i 555 17 17 7812
i 7863 1 1 250000
i 6807 1 1 200
i 562 4 4 7812
end
npc 585 # Zombie pirate (lvl 57)
g 526 1 1
g 526 1 1
t 1 main
i 1623 1 1 1953
i 1621 1 1 977
i 1619 1 1 488
i 1452 1 1 183
i 1462 1 1 183
i 1617 1 1 122
i 830 5 5 61
i 987 1 1 61
i 985 1 1 61
i 1247 1 1 4
i 2366 1 1 2
i 1249 1 1 1
i 199 1 1 58480
i 201 1 1 43860
i 203 1 1 33003
i 205 1 1 25641
i 207 1 1 20161
i 209 1 1 14641
i 211 1 1 10989
i 213 1 1 9158
i 215 1 1 7326
i 2485 1 1 5495
i 1325 1 1 23438
i 217 1 1 5495
i 995 18 18 164062
i 995 10 10 78125
i 995 26 26 62500
i 995 35 35 46875
i 995 40 40 15625
i 313 7 7 164062
i 313 10 10 39062
i 6716 1 1 23438
i 440 1 1 7812
i 1203 1 1 15625
i 1025 1 1 7812
i 6721 1 1 7812
i 877 2 12 23438
i 7863 1 1 250000
i 6807 1 1 200
i 9141 2 12 23438
i 1209 1 1 15625
i 8926 1 1 23438
i 8925 1 1 39062
i 556 3 3 23438
i 1025 1 1 7812
i 1329 1 1 23438
i 555 23 23 7812
i 559 6 6 15625
i 562 7 7 7812
i 564 5 5 23438
i 563 2 2 23438
i 199 1 1 58480
i 201 1 1 43860
i 203 1 1 33003
i 564 2 2 23438
i 205 1 1 25641
i 207 1 1 20161
i 209 1 1 14641
i 211 1 1 10989
i 213 1 1 9158
i 215 1 1 7326
i 2485 1 1 5495
i 217 1 1 5495
i 995 30 30 78125
i 995 38 38 164062
i 559 3 3 15625
i 995 46 46 62500
i 995 55 55 46875
i 995 60 60 15625
i 313 10 10 171875
i 6721 1 1 7812
i 7157 1 1 7812
i 555 17 17 7812
i 7863 1 1 250000
i 6807 1 1 200
i 562 4 4 7812
end
npc 586 # Zombie pirate (lvl 57)
g 526 1 1
g 526 1 1
t 1 main
i 1623 1 1 1953
i 1621 1 1 977
i 1619 1 1 488
i 1452 1 1 183
i 1462 1 1 183
i 1617 1 1 122
i 830 5 5 61
i 987 1 1 61
i 985 1 1 61
i 1247 1 1 4
i 2366 1 1 2
i 1249 1 1 1
i 199 1 1 58480
i 201 1 1 43860
i 203 1 1 33003
i 205 1 1 25641
i 207 1 1 20161
i 209 1 1 14641
i 211 1 1 10989
i 213 1 1 9158
i 215 1 1 7326
i 2485 1 1 5495
i 1325 1 1 23438
i 217 1 1 5495
i 995 18 18 164062
i 995 10 10 78125
i 995 26 26 62500
i 995 35 35 46875
i 995 40 40 15625
i 313 7 7 164062
i 313 10 10 39062
i 6716 1 1 23438
i 440 1 1 7812
i 1203 1 1 15625
i 1025 1 1 7812
i 6721 1 1 7812
i 877 2 12 23438
i 7863 1 1 250000
i 6807 1 1 200
i 9141 2 12 23438
i 1209 1 1 15625
i 8926 1 1 23438
i 8925 1 1 39062
i 556 3 3 23438
i 1025 1 1 7812
i 1329 1 1 23438
i 555 23 23 7812
i 559 6 6 15625
i 562 7 7 7812
i 564 5 5 23438
i 563 2 2 23438
i 199 1 1 58480
i 201 1 1 43860
i 203 1 1 33003
i 564 2 2 23438
i 205 1 1 25641
i 207 1 1 20161
i 209 1 1 14641
i 211 1 1 10989
i 213 1 1 9158
i 215 1 1 7326
i 2485 1 1 5495
i 217 1 1 5495
i 995 30 30 78125
i 995 38 38 164062
i 559 3 3 15625
i 995 46 46 62500
i 995 55 55 46875
i 995 60 60 15625
i 313 10 10 171875
i 6721 1 1 7812
i 7157 1 1 7812
i 555 17 17 7812
i 7863 1 1 250000
i 6807 1 1 200
i 562 4 4 7812
end
npc 587 # Zombie pirate (lvl 57)
g 526 1 1
g 526 1 1
t 1 main
i 1623 1 1 1953
i 1621 1 1 977
i 1619 1 1 488
i 1452 1 1 183
i 1462 1 1 183
i 1617 1 1 122
i 830 5 5 61
i 987 1 1 61
i 985 1 1 61
i 1247 1 1 4
i 2366 1 1 2
i 1249 1 1 1
i 199 1 1 58480
i 201 1 1 43860
i 203 1 1 33003
i 205 1 1 25641
i 207 1 1 20161
i 209 1 1 14641
i 211 1 1 10989
i 213 1 1 9158
i 215 1 1 7326
i 2485 1 1 5495
i 1325 1 1 23438
i 217 1 1 5495
i 995 18 18 164062
i 995 10 10 78125
i 995 26 26 62500
i 995 35 35 46875
i 995 40 40 15625
i 313 7 7 164062
i 313 10 10 39062
i 6716 1 1 23438
i 440 1 1 7812
i 1203 1 1 15625
i 1025 1 1 7812
i 6721 1 1 7812
i 877 2 12 23438
i 7863 1 1 250000
i 6807 1 1 200
i 9141 2 12 23438
i 1209 1 1 15625
i 8926 1 1 23438
i 8925 1 1 39062
i 556 3 3 23438
i 1025 1 1 7812
i 1329 1 1 23438
i 555 23 23 7812
i 559 6 6 15625
i 562 7 7 7812
i 564 5 5 23438
i 563 2 2 23438
i 199 1 1 58480
i 201 1 1 43860
i 203 1 1 33003
i 564 2 2 23438
i 205 1 1 25641
i 207 1 1 20161
i 209 1 1 14641
i 211 1 1 10989
i 213 1 1 9158
i 215 1 1 7326
i 2485 1 1 5495
i 217 1 1 5495
i 995 30 30 78125
i 995 38 38 164062
i 559 3 3 15625
i 995 46 46 62500
i 995 55 55 46875
i 995 60 60 15625
i 313 10 10 171875
i 6721 1 1 7812
i 7157 1 1 7812
i 555 17 17 7812
i 7863 1 1 250000
i 6807 1 1 200
i 562 4 4 7812
end
npc 588 # Zombie pirate (lvl 57)
g 526 1 1
g 526 1 1
t 1 main
i 1623 1 1 1953
i 1621 1 1 977
i 1619 1 1 488
i 1452 1 1 183
i 1462 1 1 183
i 1617 1 1 122
i 830 5 5 61
i 987 1 1 61
i 985 1 1 61
i 1247 1 1 4
i 2366 1 1 2
i 1249 1 1 1
i 199 1 1 58480
i 201 1 1 43860
i 203 1 1 33003
i 205 1 1 25641
i 207 1 1 20161
i 209 1 1 14641
i 211 1 1 10989
i 213 1 1 9158
i 215 1 1 7326
i 2485 1 1 5495
i 1325 1 1 23438
i 217 1 1 5495
i 995 18 18 164062
i 995 10 10 78125
i 995 26 26 62500
i 995 35 35 46875
i 995 40 40 15625
i 313 7 7 164062
i 313 10 10 39062
i 6716 1 1 23438
i 440 1 1 7812
i 1203 1 1 15625
i 1025 1 1 7812
i 6721 1 1 7812
i 877 2 12 23438
i 7863 1 1 250000
i 6807 1 1 200
i 9141 2 12 23438
i 1209 1 1 15625
i 8926 1 1 23438
i 8925 1 1 39062
i 556 3 3 23438
i 1025 1 1 7812
i 1329 1 1 23438
i 555 23 23 7812
i 559 6 6 15625
i 562 7 7 7812
i 564 5 5 23438
i 563 2 2 23438
i 199 1 1 58480
i 201 1 1 43860
i 203 1 1 33003
i 564 2 2 23438
i 205 1 1 25641
i 207 1 1 20161
i 209 1 1 14641
i 211 1 1 10989
i 213 1 1 9158
i 215 1 1 7326
i 2485 1 1 5495
i 217 1 1 5495
i 995 30 30 78125
i 995 38 38 164062
i 559 3 3 15625
i 995 46 46 62500
i 995 55 55 46875
i 995 60 60 15625
i 313 10 10 171875
i 6721 1 1 7812
i 7157 1 1 7812
i 555 17 17 7812
i 7863 1 1 250000
i 6807 1 1 200
i 562 4 4 7812
end
npc 589 # Zombie pirate (lvl 57)
g 526 1 1
g 526 1 1
t 1 main
i 1623 1 1 1953
i 1621 1 1 977
i 1619 1 1 488
i 1452 1 1 183
i 1462 1 1 183
i 1617 1 1 122
i 830 5 5 61
i 987 1 1 61
i 985 1 1 61
i 1247 1 1 4
i 2366 1 1 2
i 1249 1 1 1
i 199 1 1 58480
i 201 1 1 43860
i 203 1 1 33003
i 205 1 1 25641
i 207 1 1 20161
i 209 1 1 14641
i 211 1 1 10989
i 213 1 1 9158
i 215 1 1 7326
i 2485 1 1 5495
i 1325 1 1 23438
i 217 1 1 5495
i 995 18 18 164062
i 995 10 10 78125
i 995 26 26 62500
i 995 35 35 46875
i 995 40 40 15625
i 313 7 7 164062
i 313 10 10 39062
i 6716 1 1 23438
i 440 1 1 7812
i 1203 1 1 15625
i 1025 1 1 7812
i 6721 1 1 7812
i 877 2 12 23438
i 7863 1 1 250000
i 6807 1 1 200
i 9141 2 12 23438
i 1209 1 1 15625
i 8926 1 1 23438
i 8925 1 1 39062
i 556 3 3 23438
i 1025 1 1 7812
i 1329 1 1 23438
i 555 23 23 7812
i 559 6 6 15625
i 562 7 7 7812
i 564 5 5 23438
i 563 2 2 23438
i 199 1 1 58480
i 201 1 1 43860
i 203 1 1 33003
i 564 2 2 23438
i 205 1 1 25641
i 207 1 1 20161
i 209 1 1 14641
i 211 1 1 10989
i 213 1 1 9158
i 215 1 1 7326
i 2485 1 1 5495
i 217 1 1 5495
i 995 30 30 78125
i 995 38 38 164062
i 559 3 3 15625
i 995 46 46 62500
i 995 55 55 46875
i 995 60 60 15625
i 313 10 10 171875
i 6721 1 1 7812
i 7157 1 1 7812
i 555 17 17 7812
i 7863 1 1 250000
i 6807 1 1 200
i 562 4 4 7812
end
npc 590 # Zombie pirate (lvl 57)
g 526 1 1
g 526 1 1
t 1 main
i 1623 1 1 1953
i 1621 1 1 977
i 1619 1 1 488
i 1452 1 1 183
i 1462 1 1 183
i 1617 1 1 122
i 830 5 5 61
i 987 1 1 61
i 985 1 1 61
i 1247 1 1 4
i 2366 1 1 2
i 1249 1 1 1
i 199 1 1 58480
i 201 1 1 43860
i 203 1 1 33003
i 205 1 1 25641
i 207 1 1 20161
i 209 1 1 14641
i 211 1 1 10989
i 213 1 1 9158
i 215 1 1 7326
i 2485 1 1 5495
i 1325 1 1 23438
i 217 1 1 5495
i 995 18 18 164062
i 995 10 10 78125
i 995 26 26 62500
i 995 35 35 46875
i 995 40 40 15625
i 313 7 7 164062
i 313 10 10 39062
i 6716 1 1 23438
i 440 1 1 7812
i 1203 1 1 15625
i 1025 1 1 7812
i 6721 1 1 7812
i 877 2 12 23438
i 7863 1 1 250000
i 6807 1 1 200
i 9141 2 12 23438
i 1209 1 1 15625
i 8926 1 1 23438
i 8925 1 1 39062
i 556 3 3 23438
i 1025 1 1 7812
i 1329 1 1 23438
i 555 23 23 7812
i 559 6 6 15625
i 562 7 7 7812
i 564 5 5 23438
i 563 2 2 23438
i 199 1 1 58480
i 201 1 1 43860
i 203 1 1 33003
i 564 2 2 23438
i 205 1 1 25641
i 207 1 1 20161
i 209 1 1 14641
i 211 1 1 10989
i 213 1 1 9158
i 215 1 1 7326
i 2485 1 1 5495
i 217 1 1 5495
i 995 30 30 78125
i 995 38 38 164062
i 559 3 3 15625
i 995 46 46 62500
i 995 55 55 46875
i 995 60 60 15625
i 313 10 10 171875
i 6721 1 1 7812
i 7157 1 1 7812
i 555 17 17 7812
i 7863 1 1 250000
i 6807 1 1 200
i 562 4 4 7812
end
npc 591 # Zombie pirate (lvl 57)
g 526 1 1
g 526 1 1
t 1 main
i 1623 1 1 1953
i 1621 1 1 977
i 1619 1 1 488
i 1452 1 1 183
i 1462 1 1 183
i 1617 1 1 122
i 830 5 5 61
i 987 1 1 61
i 985 1 1 61
i 1247 1 1 4
i 2366 1 1 2
i 1249 1 1 1
i 199 1 1 58480
i 201 1 1 43860
i 203 1 1 33003
i 205 1 1 25641
i 207 1 1 20161
i 209 1 1 14641
i 211 1 1 10989
i 213 1 1 9158
i 215 1 1 7326
i 2485 1 1 5495
i 1325 1 1 23438
i 217 1 1 5495
i 995 18 18 164062
i 995 10 10 78125
i 995 26 26 62500
i 995 35 35 46875
i 995 40 40 15625
i 313 7 7 164062
i 313 10 10 39062
i 6716 1 1 23438
i 440 1 1 7812
i 1203 1 1 15625
i 1025 1 1 7812
i 6721 1 1 7812
i 877 2 12 23438
i 7863 1 1 250000
i 6807 1 1 200
i 9141 2 12 23438
i 1209 1 1 15625
i 8926 1 1 23438
i 8925 1 1 39062
i 556 3 3 23438
i 1025 1 1 7812
i 1329 1 1 23438
i 555 23 23 7812
i 559 6 6 15625
i 562 7 7 7812
i 564 5 5 23438
i 563 2 2 23438
i 199 1 1 58480
i 201 1 1 43860
i 203 1 1 33003
i 564 2 2 23438
i 205 1 1 25641
i 207 1 1 20161
i 209 1 1 14641
i 211 1 1 10989
i 213 1 1 9158
i 215 1 1 7326
i 2485 1 1 5495
i 217 1 1 5495
i 995 30 30 78125
i 995 38 38 164062
i 559 3 3 15625
i 995 46 46 62500
i 995 55 55 46875
i 995 60 60 15625
i 313 10 10 171875
i 6721 1 1 7812
i 7157 1 1 7812
i 555 17 17 7812
i 7863 1 1 250000
i 6807 1 1 200
i 562 4 4 7812
end
npc 592 # Zombie pirate (lvl 57)
g 526 1 1
g 526 1 1
t 1 main
i 1623 1 1 1953
i 1621 1 1 977
i 1619 1 1 488
i 1452 1 1 183
i 1462 1 1 183
i 1617 1 1 122
i 830 5 5 61
i 987 1 1 61
i 985 1 1 61
i 1247 1 1 4
i 2366 1 1 2
i 1249 1 1 1
i 199 1 1 58480
i 201 1 1 43860
i 203 1 1 33003
i 205 1 1 25641
i 207 1 1 20161
i 209 1 1 14641
i 211 1 1 10989
i 213 1 1 9158
i 215 1 1 7326
i 2485 1 1 5495
i 1325 1 1 23438
i 217 1 1 5495
i 995 18 18 164062
i 995 10 10 78125
i 995 26 26 62500
i 995 35 35 46875
i 995 40 40 15625
i 313 7 7 164062
i 313 10 10 39062
i 6716 1 1 23438
i 440 1 1 7812
i 1203 1 1 15625
i 1025 1 1 7812
i 6721 1 1 7812
i 877 2 12 23438
i 7863 1 1 250000
i 6807 1 1 200
i 9141 2 12 23438
i 1209 1 1 15625
i 8926 1 1 23438
i 8925 1 1 39062
i 556 3 3 23438
i 1025 1 1 7812
i 1329 1 1 23438
i 555 23 23 7812
i 559 6 6 15625
i 562 7 7 7812
i 564 5 5 23438
i 563 2 2 23438
i 199 1 1 58480
i 201 1 1 43860
i 203 1 1 33003
i 564 2 2 23438
i 205 1 1 25641
i 207 1 1 20161
i 209 1 1 14641
i 211 1 1 10989
i 213 1 1 9158
i 215 1 1 7326
i 2485 1 1 5495
i 217 1 1 5495
i 995 30 30 78125
i 995 38 38 164062
i 559 3 3 15625
i 995 46 46 62500
i 995 55 55 46875
i 995 60 60 15625
i 313 10 10 171875
i 6721 1 1 7812
i 7157 1 1 7812
i 555 17 17 7812
i 7863 1 1 250000
i 6807 1 1 200
i 562 4 4 7812
end
npc 593 # Zombie pirate (lvl 57)
g 526 1 1
g 526 1 1
t 1 main
i 1623 1 1 1953
i 1621 1 1 977
i 1619 1 1 488
i 1452 1 1 183
i 1462 1 1 183
i 1617 1 1 122
i 830 5 5 61
i 987 1 1 61
i 985 1 1 61
i 1247 1 1 4
i 2366 1 1 2
i 1249 1 1 1
i 199 1 1 58480
i 201 1 1 43860
i 203 1 1 33003
i 205 1 1 25641
i 207 1 1 20161
i 209 1 1 14641
i 211 1 1 10989
i 213 1 1 9158
i 215 1 1 7326
i 2485 1 1 5495
i 1325 1 1 23438
i 217 1 1 5495
i 995 18 18 164062
i 995 10 10 78125
i 995 26 26 62500
i 995 35 35 46875
i 995 40 40 15625
i 313 7 7 164062
i 313 10 10 39062
i 6716 1 1 23438
i 440 1 1 7812
i 1203 1 1 15625
i 1025 1 1 7812
i 6721 1 1 7812
i 877 2 12 23438
i 7863 1 1 250000
i 6807 1 1 200
i 9141 2 12 23438
i 1209 1 1 15625
i 8926 1 1 23438
i 8925 1 1 39062
i 556 3 3 23438
i 1025 1 1 7812
i 1329 1 1 23438
i 555 23 23 7812
i 559 6 6 15625
i 562 7 7 7812
i 564 5 5 23438
i 563 2 2 23438
i 199 1 1 58480
i 201 1 1 43860
i 203 1 1 33003
i 564 2 2 23438
i 205 1 1 25641
i 207 1 1 20161
i 209 1 1 14641
i 211 1 1 10989
i 213 1 1 9158
i 215 1 1 7326
i 2485 1 1 5495
i 217 1 1 5495
i 995 30 30 78125
i 995 38 38 164062
i 559 3 3 15625
i 995 46 46 62500
i 995 55 55 46875
i 995 60 60 15625
i 313 10 10 171875
i 6721 1 1 7812
i 7157 1 1 7812
i 555 17 17 7812
i 7863 1 1 250000
i 6807 1 1 200
i 562 4 4 7812
end
npc 594 # Zombie pirate (lvl 57)
g 526 1 1
g 526 1 1
t 1 main
i 1623 1 1 1953
i 1621 1 1 977
i 1619 1 1 488
i 1452 1 1 183
i 1462 1 1 183
i 1617 1 1 122
i 830 5 5 61
i 987 1 1 61
i 985 1 1 61
i 1247 1 1 4
i 2366 1 1 2
i 1249 1 1 1
i 199 1 1 58480
i 201 1 1 43860
i 203 1 1 33003
i 205 1 1 25641
i 207 1 1 20161
i 209 1 1 14641
i 211 1 1 10989
i 213 1 1 9158
i 215 1 1 7326
i 2485 1 1 5495
i 1325 1 1 23438
i 217 1 1 5495
i 995 18 18 164062
i 995 10 10 78125
i 995 26 26 62500
i 995 35 35 46875
i 995 40 40 15625
i 313 7 7 164062
i 313 10 10 39062
i 6716 1 1 23438
i 440 1 1 7812
i 1203 1 1 15625
i 1025 1 1 7812
i 6721 1 1 7812
i 877 2 12 23438
i 7863 1 1 250000
i 6807 1 1 200
i 9141 2 12 23438
i 1209 1 1 15625
i 8926 1 1 23438
i 8925 1 1 39062
i 556 3 3 23438
i 1025 1 1 7812
i 1329 1 1 23438
i 555 23 23 7812
i 559 6 6 15625
i 562 7 7 7812
i 564 5 5 23438
i 563 2 2 23438
i 199 1 1 58480
i 201 1 1 43860
i 203 1 1 33003
i 564 2 2 23438
i 205 1 1 25641
i 207 1 1 20161
i 209 1 1 14641
i 211 1 1 10989
i 213 1 1 9158
i 215 1 1 7326
i 2485 1 1 5495
i 217 1 1 5495
i 995 30 30 78125
i 995 38 38 164062
i 559 3 3 15625
i 995 46 46 62500
i 995 55 55 46875
i 995 60 60 15625
i 313 10 10 171875
i 6721 1 1 7812
i 7157 1 1 7812
i 555 17 17 7812
i 7863 1 1 250000
i 6807 1 1 200
i 562 4 4 7812
end
npc 595 # Zombie pirate (lvl 57)
g 526 1 1
g 526 1 1
t 1 main
i 1623 1 1 1953
i 1621 1 1 977
i 1619 1 1 488
i 1452 1 1 183
i 1462 1 1 183
i 1617 1 1 122
i 830 5 5 61
i 987 1 1 61
i 985 1 1 61
i 1247 1 1 4
i 2366 1 1 2
i 1249 1 1 1
i 199 1 1 58480
i 201 1 1 43860
i 203 1 1 33003
i 205 1 1 25641
i 207 1 1 20161
i 209 1 1 14641
i 211 1 1 10989
i 213 1 1 9158
i 215 1 1 7326
i 2485 1 1 5495
i 1325 1 1 23438
i 217 1 1 5495
i 995 18 18 164062
i 995 10 10 78125
i 995 26 26 62500
i 995 35 35 46875
i 995 40 40 15625
i 313 7 7 164062
i 313 10 10 39062
i 6716 1 1 23438
i 440 1 1 7812
i 1203 1 1 15625
i 1025 1 1 7812
i 6721 1 1 7812
i 877 2 12 23438
i 7863 1 1 250000
i 6807 1 1 200
i 9141 2 12 23438
i 1209 1 1 15625
i 8926 1 1 23438
i 8925 1 1 39062
i 556 3 3 23438
i 1025 1 1 7812
i 1329 1 1 23438
i 555 23 23 7812
i 559 6 6 15625
i 562 7 7 7812
i 564 5 5 23438
i 563 2 2 23438
i 199 1 1 58480
i 201 1 1 43860
i 203 1 1 33003
i 564 2 2 23438
i 205 1 1 25641
i 207 1 1 20161
i 209 1 1 14641
i 211 1 1 10989
i 213 1 1 9158
i 215 1 1 7326
i 2485 1 1 5495
i 217 1 1 5495
i 995 30 30 78125
i 995 38 38 164062
i 559 3 3 15625
i 995 46 46 62500
i 995 55 55 46875
i 995 60 60 15625
i 313 10 10 171875
i 6721 1 1 7812
i 7157 1 1 7812
i 555 17 17 7812
i 7863 1 1 250000
i 6807 1 1 200
i 562 4 4 7812
end
npc 596 # Zombie pirate (lvl 57)
g 526 1 1
g 526 1 1
t 1 main
i 1623 1 1 1953
i 1621 1 1 977
i 1619 1 1 488
i 1452 1 1 183
i 1462 1 1 183
i 1617 1 1 122
i 830 5 5 61
i 987 1 1 61
i 985 1 1 61
i 1247 1 1 4
i 2366 1 1 2
i 1249 1 1 1
i 199 1 1 58480
i 201 1 1 43860
i 203 1 1 33003
i 205 1 1 25641
i 207 1 1 20161
i 209 1 1 14641
i 211 1 1 10989
i 213 1 1 9158
i 215 1 1 7326
i 2485 1 1 5495
i 1325 1 1 23438
i 217 1 1 5495
i 995 18 18 164062
i 995 10 10 78125
i 995 26 26 62500
i 995 35 35 46875
i 995 40 40 15625
i 313 7 7 164062
i 313 10 10 39062
i 6716 1 1 23438
i 440 1 1 7812
i 1203 1 1 15625
i 1025 1 1 7812
i 6721 1 1 7812
i 877 2 12 23438
i 7863 1 1 250000
i 6807 1 1 200
i 9141 2 12 23438
i 1209 1 1 15625
i 8926 1 1 23438
i 8925 1 1 39062
i 556 3 3 23438
i 1025 1 1 7812
i 1329 1 1 23438
i 555 23 23 7812
i 559 6 6 15625
i 562 7 7 7812
i 564 5 5 23438
i 563 2 2 23438
i 199 1 1 58480
i 201 1 1 43860
i 203 1 1 33003
i 564 2 2 23438
i 205 1 1 25641
i 207 1 1 20161
i 209 1 1 14641
i 211 1 1 10989
i 213 1 1 9158
i 215 1 1 7326
i 2485 1 1 5495
i 217 1 1 5495
i 995 30 30 78125
i 995 38 38 164062
i 559 3 3 15625
i 995 46 46 62500
i 995 55 55 46875
i 995 60 60 15625
i 313 10 10 171875
i 6721 1 1 7812
i 7157 1 1 7812
i 555 17 17 7812
i 7863 1 1 250000
i 6807 1 1 200
i 562 4 4 7812
end
npc 597 # Zombie pirate (lvl 57)
g 526 1 1
g 526 1 1
t 1 main
i 1623 1 1 1953
i 1621 1 1 977
i 1619 1 1 488
i 1452 1 1 183
i 1462 1 1 183
i 1617 1 1 122
i 830 5 5 61
i 987 1 1 61
i 985 1 1 61
i 1247 1 1 4
i 2366 1 1 2
i 1249 1 1 1
i 199 1 1 58480
i 201 1 1 43860
i 203 1 1 33003
i 205 1 1 25641
i 207 1 1 20161
i 209 1 1 14641
i 211 1 1 10989
i 213 1 1 9158
i 215 1 1 7326
i 2485 1 1 5495
i 1325 1 1 23438
i 217 1 1 5495
i 995 18 18 164062
i 995 10 10 78125
i 995 26 26 62500
i 995 35 35 46875
i 995 40 40 15625
i 313 7 7 164062
i 313 10 10 39062
i 6716 1 1 23438
i 440 1 1 7812
i 1203 1 1 15625
i 1025 1 1 7812
i 6721 1 1 7812
i 877 2 12 23438
i 7863 1 1 250000
i 6807 1 1 200
i 9141 2 12 23438
i 1209 1 1 15625
i 8926 1 1 23438
i 8925 1 1 39062
i 556 3 3 23438
i 1025 1 1 7812
i 1329 1 1 23438
i 555 23 23 7812
i 559 6 6 15625
i 562 7 7 7812
i 564 5 5 23438
i 563 2 2 23438
i 199 1 1 58480
i 201 1 1 43860
i 203 1 1 33003
i 564 2 2 23438
i 205 1 1 25641
i 207 1 1 20161
i 209 1 1 14641
i 211 1 1 10989
i 213 1 1 9158
i 215 1 1 7326
i 2485 1 1 5495
i 217 1 1 5495
i 995 30 30 78125
i 995 38 38 164062
i 559 3 3 15625
i 995 46 46 62500
i 995 55 55 46875
i 995 60 60 15625
i 313 10 10 171875
i 6721 1 1 7812
i 7157 1 1 7812
i 555 17 17 7812
i 7863 1 1 250000
i 6807 1 1 200
i 562 4 4 7812
end
npc 598 # Zombie pirate (lvl 57)
g 526 1 1
g 526 1 1
t 1 main
i 1623 1 1 1953
i 1621 1 1 977
i 1619 1 1 488
i 1452 1 1 183
i 1462 1 1 183
i 1617 1 1 122
i 830 5 5 61
i 987 1 1 61
i 985 1 1 61
i 1247 1 1 4
i 2366 1 1 2
i 1249 1 1 1
i 199 1 1 58480
i 201 1 1 43860
i 203 1 1 33003
i 205 1 1 25641
i 207 1 1 20161
i 209 1 1 14641
i 211 1 1 10989
i 213 1 1 9158
i 215 1 1 7326
i 2485 1 1 5495
i 1325 1 1 23438
i 217 1 1 5495
i 995 18 18 164062
i 995 10 10 78125
i 995 26 26 62500
i 995 35 35 46875
i 995 40 40 15625
i 313 7 7 164062
i 313 10 10 39062
i 6716 1 1 23438
i 440 1 1 7812
i 1203 1 1 15625
i 1025 1 1 7812
i 6721 1 1 7812
i 877 2 12 23438
i 7863 1 1 250000
i 6807 1 1 200
i 9141 2 12 23438
i 1209 1 1 15625
i 8926 1 1 23438
i 8925 1 1 39062
i 556 3 3 23438
i 1025 1 1 7812
i 1329 1 1 23438
i 555 23 23 7812
i 559 6 6 15625
i 562 7 7 7812
i 564 5 5 23438
i 563 2 2 23438
i 199 1 1 58480
i 201 1 1 43860
i 203 1 1 33003
i 564 2 2 23438
i 205 1 1 25641
i 207 1 1 20161
i 209 1 1 14641
i 211 1 1 10989
i 213 1 1 9158
i 215 1 1 7326
i 2485 1 1 5495
i 217 1 1 5495
i 995 30 30 78125
i 995 38 38 164062
i 559 3 3 15625
i 995 46 46 62500
i 995 55 55 46875
i 995 60 60 15625
i 313 10 10 171875
i 6721 1 1 7812
i 7157 1 1 7812
i 555 17 17 7812
i 7863 1 1 250000
i 6807 1 1 200
i 562 4 4 7812
end
npc 599 # Zombie pirate (lvl 57)
g 526 1 1
g 526 1 1
t 1 main
i 1623 1 1 1953
i 1621 1 1 977
i 1619 1 1 488
i 1452 1 1 183
i 1462 1 1 183
i 1617 1 1 122
i 830 5 5 61
i 987 1 1 61
i 985 1 1 61
i 1247 1 1 4
i 2366 1 1 2
i 1249 1 1 1
i 199 1 1 58480
i 201 1 1 43860
i 203 1 1 33003
i 205 1 1 25641
i 207 1 1 20161
i 209 1 1 14641
i 211 1 1 10989
i 213 1 1 9158
i 215 1 1 7326
i 2485 1 1 5495
i 1325 1 1 23438
i 217 1 1 5495
i 995 18 18 164062
i 995 10 10 78125
i 995 26 26 62500
i 995 35 35 46875
i 995 40 40 15625
i 313 7 7 164062
i 313 10 10 39062
i 6716 1 1 23438
i 440 1 1 7812
i 1203 1 1 15625
i 1025 1 1 7812
i 6721 1 1 7812
i 877 2 12 23438
i 7863 1 1 250000
i 6807 1 1 200
i 9141 2 12 23438
i 1209 1 1 15625
i 8926 1 1 23438
i 8925 1 1 39062
i 556 3 3 23438
i 1025 1 1 7812
i 1329 1 1 23438
i 555 23 23 7812
i 559 6 6 15625
i 562 7 7 7812
i 564 5 5 23438
i 563 2 2 23438
i 199 1 1 58480
i 201 1 1 43860
i 203 1 1 33003
i 564 2 2 23438
i 205 1 1 25641
i 207 1 1 20161
i 209 1 1 14641
i 211 1 1 10989
i 213 1 1 9158
i 215 1 1 7326
i 2485 1 1 5495
i 217 1 1 5495
i 995 30 30 78125
i 995 38 38 164062
i 559 3 3 15625
i 995 46 46 62500
i 995 55 55 46875
i 995 60 60 15625
i 313 10 10 171875
i 6721 1 1 7812
i 7157 1 1 7812
i 555 17 17 7812
i 7863 1 1 250000
i 6807 1 1 200
i 562 4 4 7812
end
npc 613 # Zombie pirate (lvl 57)
g 526 1 1
g 526 1 1
t 1 main
i 1623 1 1 1953
i 1621 1 1 977
i 1619 1 1 488
i 1452 1 1 183
i 1462 1 1 183
i 1617 1 1 122
i 830 5 5 61
i 987 1 1 61
i 985 1 1 61
i 1247 1 1 4
i 2366 1 1 2
i 1249 1 1 1
i 199 1 1 58480
i 201 1 1 43860
i 203 1 1 33003
i 205 1 1 25641
i 207 1 1 20161
i 209 1 1 14641
i 211 1 1 10989
i 213 1 1 9158
i 215 1 1 7326
i 2485 1 1 5495
i 1325 1 1 23438
i 217 1 1 5495
i 995 18 18 164062
i 995 10 10 78125
i 995 26 26 62500
i 995 35 35 46875
i 995 40 40 15625
i 313 7 7 164062
i 313 10 10 39062
i 6716 1 1 23438
i 440 1 1 7812
i 1203 1 1 15625
i 1025 1 1 7812
i 6721 1 1 7812
i 877 2 12 23438
i 7863 1 1 250000
i 6807 1 1 200
i 9141 2 12 23438
i 1209 1 1 15625
i 8926 1 1 23438
i 8925 1 1 39062
i 556 3 3 23438
i 1025 1 1 7812
i 1329 1 1 23438
i 555 23 23 7812
i 559 6 6 15625
i 562 7 7 7812
i 564 5 5 23438
i 563 2 2 23438
i 199 1 1 58480
i 201 1 1 43860
i 203 1 1 33003
i 564 2 2 23438
i 205 1 1 25641
i 207 1 1 20161
i 209 1 1 14641
i 211 1 1 10989
i 213 1 1 9158
i 215 1 1 7326
i 2485 1 1 5495
i 217 1 1 5495
i 995 30 30 78125
i 995 38 38 164062
i 559 3 3 15625
i 995 46 46 62500
i 995 55 55 46875
i 995 60 60 15625
i 313 10 10 171875
i 6721 1 1 7812
i 7157 1 1 7812
i 555 17 17 7812
i 7863 1 1 250000
i 6807 1 1 200
i 562 4 4 7812
end
npc 614 # Zombie pirate (lvl 57)
g 526 1 1
g 526 1 1
t 1 main
i 1623 1 1 1953
i 1621 1 1 977
i 1619 1 1 488
i 1452 1 1 183
i 1462 1 1 183
i 1617 1 1 122
i 830 5 5 61
i 987 1 1 61
i 985 1 1 61
i 1247 1 1 4
i 2366 1 1 2
i 1249 1 1 1
i 199 1 1 58480
i 201 1 1 43860
i 203 1 1 33003
i 205 1 1 25641
i 207 1 1 20161
i 209 1 1 14641
i 211 1 1 10989
i 213 1 1 9158
i 215 1 1 7326
i 2485 1 1 5495
i 1325 1 1 23438
i 217 1 1 5495
i 995 18 18 164062
i 995 10 10 78125
i 995 26 26 62500
i 995 35 35 46875
i 995 40 40 15625
i 313 7 7 164062
i 313 10 10 39062
i 6716 1 1 23438
i 440 1 1 7812
i 1203 1 1 15625
i 1025 1 1 7812
i 6721 1 1 7812
i 877 2 12 23438
i 7863 1 1 250000
i 6807 1 1 200
i 9141 2 12 23438
i 1209 1 1 15625
i 8926 1 1 23438
i 8925 1 1 39062
i 556 3 3 23438
i 1025 1 1 7812
i 1329 1 1 23438
i 555 23 23 7812
i 559 6 6 15625
i 562 7 7 7812
i 564 5 5 23438
i 563 2 2 23438
i 199 1 1 58480
i 201 1 1 43860
i 203 1 1 33003
i 564 2 2 23438
i 205 1 1 25641
i 207 1 1 20161
i 209 1 1 14641
i 211 1 1 10989
i 213 1 1 9158
i 215 1 1 7326
i 2485 1 1 5495
i 217 1 1 5495
i 995 30 30 78125
i 995 38 38 164062
i 559 3 3 15625
i 995 46 46 62500
i 995 55 55 46875
i 995 60 60 15625
i 313 10 10 171875
i 6721 1 1 7812
i 7157 1 1 7812
i 555 17 17 7812
i 7863 1 1 250000
i 6807 1 1 200
i 562 4 4 7812
end
npc 615 # Zombie pirate (lvl 57)
g 526 1 1
g 526 1 1
t 1 main
i 1623 1 1 1953
i 1621 1 1 977
i 1619 1 1 488
i 1452 1 1 183
i 1462 1 1 183
i 1617 1 1 122
i 830 5 5 61
i 987 1 1 61
i 985 1 1 61
i 1247 1 1 4
i 2366 1 1 2
i 1249 1 1 1
i 199 1 1 58480
i 201 1 1 43860
i 203 1 1 33003
i 205 1 1 25641
i 207 1 1 20161
i 209 1 1 14641
i 211 1 1 10989
i 213 1 1 9158
i 215 1 1 7326
i 2485 1 1 5495
i 1325 1 1 23438
i 217 1 1 5495
i 995 18 18 164062
i 995 10 10 78125
i 995 26 26 62500
i 995 35 35 46875
i 995 40 40 15625
i 313 7 7 164062
i 313 10 10 39062
i 6716 1 1 23438
i 440 1 1 7812
i 1203 1 1 15625
i 1025 1 1 7812
i 6721 1 1 7812
i 877 2 12 23438
i 7863 1 1 250000
i 6807 1 1 200
i 9141 2 12 23438
i 1209 1 1 15625
i 8926 1 1 23438
i 8925 1 1 39062
i 556 3 3 23438
i 1025 1 1 7812
i 1329 1 1 23438
i 555 23 23 7812
i 559 6 6 15625
i 562 7 7 7812
i 564 5 5 23438
i 563 2 2 23438
i 199 1 1 58480
i 201 1 1 43860
i 203 1 1 33003
i 564 2 2 23438
i 205 1 1 25641
i 207 1 1 20161
i 209 1 1 14641
i 211 1 1 10989
i 213 1 1 9158
i 215 1 1 7326
i 2485 1 1 5495
i 217 1 1 5495
i 995 30 30 78125
i 995 38 38 164062
i 559 3 3 15625
i 995 46 46 62500
i 995 55 55 46875
i 995 60 60 15625
i 313 10 10 171875
i 6721 1 1 7812
i 7157 1 1 7812
i 555 17 17 7812
i 7863 1 1 250000
i 6807 1 1 200
i 562 4 4 7812
end
npc 616 # Zombie pirate (lvl 57)
g 526 1 1
g 526 1 1
t 1 main
i 1623 1 1 1953
i 1621 1 1 977
i 1619 1 1 488
i 1452 1 1 183
i 1462 1 1 183
i 1617 1 1 122
i 830 5 5 61
i 987 1 1 61
i 985 1 1 61
i 1247 1 1 4
i 2366 1 1 2
i 1249 1 1 1
i 199 1 1 58480
i 201 1 1 43860
i 203 1 1 33003
i 205 1 1 25641
i 207 1 1 20161
i 209 1 1 14641
i 211 1 1 10989
i 213 1 1 9158
i 215 1 1 7326
i 2485 1 1 5495
i 1325 1 1 23438
i 217 1 1 5495
i 995 18 18 164062
i 995 10 10 78125
i 995 26 26 62500
i 995 35 35 46875
i 995 40 40 15625
i 313 7 7 164062
i 313 10 10 39062
i 6716 1 1 23438
i 440 1 1 7812
i 1203 1 1 15625
i 1025 1 1 7812
i 6721 1 1 7812
i 877 2 12 23438
i 7863 1 1 250000
i 6807 1 1 200
i 9141 2 12 23438
i 1209 1 1 15625
i 8926 1 1 23438
i 8925 1 1 39062
i 556 3 3 23438
i 1025 1 1 7812
i 1329 1 1 23438
i 555 23 23 7812
i 559 6 6 15625
i 562 7 7 7812
i 564 5 5 23438
i 563 2 2 23438
i 199 1 1 58480
i 201 1 1 43860
i 203 1 1 33003
i 564 2 2 23438
i 205 1 1 25641
i 207 1 1 20161
i 209 1 1 14641
i 211 1 1 10989
i 213 1 1 9158
i 215 1 1 7326
i 2485 1 1 5495
i 217 1 1 5495
i 995 30 30 78125
i 995 38 38 164062
i 559 3 3 15625
i 995 46 46 62500
i 995 55 55 46875
i 995 60 60 15625
i 313 10 10 171875
i 6721 1 1 7812
i 7157 1 1 7812
i 555 17 17 7812
i 7863 1 1 250000
i 6807 1 1 200
i 562 4 4 7812
end
npc 617 # Zombie pirate (lvl 57)
g 526 1 1
g 526 1 1
t 1 main
i 1623 1 1 1953
i 1621 1 1 977
i 1619 1 1 488
i 1452 1 1 183
i 1462 1 1 183
i 1617 1 1 122
i 830 5 5 61
i 987 1 1 61
i 985 1 1 61
i 1247 1 1 4
i 2366 1 1 2
i 1249 1 1 1
i 199 1 1 58480
i 201 1 1 43860
i 203 1 1 33003
i 205 1 1 25641
i 207 1 1 20161
i 209 1 1 14641
i 211 1 1 10989
i 213 1 1 9158
i 215 1 1 7326
i 2485 1 1 5495
i 1325 1 1 23438
i 217 1 1 5495
i 995 18 18 164062
i 995 10 10 78125
i 995 26 26 62500
i 995 35 35 46875
i 995 40 40 15625
i 313 7 7 164062
i 313 10 10 39062
i 6716 1 1 23438
i 440 1 1 7812
i 1203 1 1 15625
i 1025 1 1 7812
i 6721 1 1 7812
i 877 2 12 23438
i 7863 1 1 250000
i 6807 1 1 200
i 9141 2 12 23438
i 1209 1 1 15625
i 8926 1 1 23438
i 8925 1 1 39062
i 556 3 3 23438
i 1025 1 1 7812
i 1329 1 1 23438
i 555 23 23 7812
i 559 6 6 15625
i 562 7 7 7812
i 564 5 5 23438
i 563 2 2 23438
i 199 1 1 58480
i 201 1 1 43860
i 203 1 1 33003
i 564 2 2 23438
i 205 1 1 25641
i 207 1 1 20161
i 209 1 1 14641
i 211 1 1 10989
i 213 1 1 9158
i 215 1 1 7326
i 2485 1 1 5495
i 217 1 1 5495
i 995 30 30 78125
i 995 38 38 164062
i 559 3 3 15625
i 995 46 46 62500
i 995 55 55 46875
i 995 60 60 15625
i 313 10 10 171875
i 6721 1 1 7812
i 7157 1 1 7812
i 555 17 17 7812
i 7863 1 1 250000
i 6807 1 1 200
i 562 4 4 7812
end
npc 618 # Zombie pirate (lvl 57)
g 526 1 1
g 526 1 1
t 1 main
i 1623 1 1 1953
i 1621 1 1 977
i 1619 1 1 488
i 1452 1 1 183
i 1462 1 1 183
i 1617 1 1 122
i 830 5 5 61
i 987 1 1 61
i 985 1 1 61
i 1247 1 1 4
i 2366 1 1 2
i 1249 1 1 1
i 199 1 1 58480
i 201 1 1 43860
i 203 1 1 33003
i 205 1 1 25641
i 207 1 1 20161
i 209 1 1 14641
i 211 1 1 10989
i 213 1 1 9158
i 215 1 1 7326
i 2485 1 1 5495
i 1325 1 1 23438
i 217 1 1 5495
i 995 18 18 164062
i 995 10 10 78125
i 995 26 26 62500
i 995 35 35 46875
i 995 40 40 15625
i 313 7 7 164062
i 313 10 10 39062
i 6716 1 1 23438
i 440 1 1 7812
i 1203 1 1 15625
i 1025 1 1 7812
i 6721 1 1 7812
i 877 2 12 23438
i 7863 1 1 250000
i 6807 1 1 200
i 9141 2 12 23438
i 1209 1 1 15625
i 8926 1 1 23438
i 8925 1 1 39062
i 556 3 3 23438
i 1025 1 1 7812
i 1329 1 1 23438
i 555 23 23 7812
i 559 6 6 15625
i 562 7 7 7812
i 564 5 5 23438
i 563 2 2 23438
i 199 1 1 58480
i 201 1 1 43860
i 203 1 1 33003
i 564 2 2 23438
i 205 1 1 25641
i 207 1 1 20161
i 209 1 1 14641
i 211 1 1 10989
i 213 1 1 9158
i 215 1 1 7326
i 2485 1 1 5495
i 217 1 1 5495
i 995 30 30 78125
i 995 38 38 164062
i 559 3 3 15625
i 995 46 46 62500
i 995 55 55 46875
i 995 60 60 15625
i 313 10 10 171875
i 6721 1 1 7812
i 7157 1 1 7812
i 555 17 17 7812
i 7863 1 1 250000
i 6807 1 1 200
i 562 4 4 7812
end
npc 619 # Zombie swab (lvl 55)
g 526 1 1
t 1 main
i 1623 1 1 1953
i 1621 1 1 977
i 1619 1 1 488
i 1452 1 1 183
i 1462 1 1 183
i 1617 1 1 122
i 830 5 5 61
i 987 1 1 61
i 985 1 1 61
i 1247 1 1 4
i 2366 1 1 2
i 1249 1 1 1
i 199 1 1 58480
i 201 1 1 43860
i 203 1 1 33003
i 205 1 1 25641
i 207 1 1 20161
i 209 1 1 14641
i 211 1 1 10989
i 213 1 1 9158
i 215 1 1 7326
i 2485 1 1 5495
i 1325 1 1 23438
i 217 1 1 5495
i 995 18 18 164062
i 995 10 10 78125
i 995 26 26 62500
i 995 35 35 46875
i 995 40 40 15625
i 313 7 7 164062
i 313 10 10 39062
i 6716 1 1 23438
i 440 1 1 7812
i 1203 1 1 15625
i 1025 1 1 7812
i 6721 1 1 7812
i 877 2 12 23438
i 7863 1 1 250000
i 6807 1 1 200
i 556 3 3 23438
i 564 2 2 23438
i 559 3 3 15625
i 555 17 17 7812
i 562 4 4 7812
end
npc 620 # Zombie swab (lvl 55)
g 526 1 1
t 1 main
i 1623 1 1 1953
i 1621 1 1 977
i 1619 1 1 488
i 1452 1 1 183
i 1462 1 1 183
i 1617 1 1 122
i 830 5 5 61
i 987 1 1 61
i 985 1 1 61
i 1247 1 1 4
i 2366 1 1 2
i 1249 1 1 1
i 199 1 1 58480
i 201 1 1 43860
i 203 1 1 33003
i 205 1 1 25641
i 207 1 1 20161
i 209 1 1 14641
i 211 1 1 10989
i 213 1 1 9158
i 215 1 1 7326
i 2485 1 1 5495
i 1325 1 1 23438
i 217 1 1 5495
i 995 18 18 164062
i 995 10 10 78125
i 995 26 26 62500
i 995 35 35 46875
i 995 40 40 15625
i 313 7 7 164062
i 313 10 10 39062
i 6716 1 1 23438
i 440 1 1 7812
i 1203 1 1 15625
i 1025 1 1 7812
i 6721 1 1 7812
i 877 2 12 23438
i 7863 1 1 250000
i 6807 1 1 200
i 556 3 3 23438
i 564 2 2 23438
i 559 3 3 15625
i 555 17 17 7812
i 562 4 4 7812
end
npc 621 # Zombie swab (lvl 55)
g 526 1 1
t 1 main
i 1623 1 1 1953
i 1621 1 1 977
i 1619 1 1 488
i 1452 1 1 183
i 1462 1 1 183
i 1617 1 1 122
i 830 5 5 61
i 987 1 1 61
i 985 1 1 61
i 1247 1 1 4
i 2366 1 1 2
i 1249 1 1 1
i 199 1 1 58480
i 201 1 1 43860
i 203 1 1 33003
i 205 1 1 25641
i 207 1 1 20161
i 209 1 1 14641
i 211 1 1 10989
i 213 1 1 9158
i 215 1 1 7326
i 2485 1 1 5495
i 1325 1 1 23438
i 217 1 1 5495
i 995 18 18 164062
i 995 10 10 78125
i 995 26 26 62500
i 995 35 35 46875
i 995 40 40 15625
i 313 7 7 164062
i 313 10 10 39062
i 6716 1 1 23438
i 440 1 1 7812
i 1203 1 1 15625
i 1025 1 1 7812
i 6721 1 1 7812
i 877 2 12 23438
i 7863 1 1 250000
i 6807 1 1 200
i 556 3 3 23438
i 564 2 2 23438
i 559 3 3 15625
i 555 17 17 7812
i 562 4 4 7812
end
npc 622 # Zombie swab (lvl 55)
g 526 1 1
t 1 main
i 1623 1 1 1953
i 1621 1 1 977
i 1619 1 1 488
i 1452 1 1 183
i 1462 1 1 183
i 1617 1 1 122
i 830 5 5 61
i 987 1 1 61
i 985 1 1 61
i 1247 1 1 4
i 2366 1 1 2
i 1249 1 1 1
i 199 1 1 58480
i 201 1 1 43860
i 203 1 1 33003
i 205 1 1 25641
i 207 1 1 20161
i 209 1 1 14641
i 211 1 1 10989
i 213 1 1 9158
i 215 1 1 7326
i 2485 1 1 5495
i 1325 1 1 23438
i 217 1 1 5495
i 995 18 18 164062
i 995 10 10 78125
i 995 26 26 62500
i 995 35 35 46875
i 995 40 40 15625
i 313 7 7 164062
i 313 10 10 39062
i 6716 1 1 23438
i 440 1 1 7812
i 1203 1 1 15625
i 1025 1 1 7812
i 6721 1 1 7812
i 877 2 12 23438
i 7863 1 1 250000
i 6807 1 1 200
i 556 3 3 23438
i 564 2 2 23438
i 559 3 3 15625
i 555 17 17 7812
i 562 4 4 7812
end
npc 623 # Zombie swab (lvl 55)
g 526 1 1
t 1 main
i 1623 1 1 1953
i 1621 1 1 977
i 1619 1 1 488
i 1452 1 1 183
i 1462 1 1 183
i 1617 1 1 122
i 830 5 5 61
i 987 1 1 61
i 985 1 1 61
i 1247 1 1 4
i 2366 1 1 2
i 1249 1 1 1
i 199 1 1 58480
i 201 1 1 43860
i 203 1 1 33003
i 205 1 1 25641
i 207 1 1 20161
i 209 1 1 14641
i 211 1 1 10989
i 213 1 1 9158
i 215 1 1 7326
i 2485 1 1 5495
i 1325 1 1 23438
i 217 1 1 5495
i 995 18 18 164062
i 995 10 10 78125
i 995 26 26 62500
i 995 35 35 46875
i 995 40 40 15625
i 313 7 7 164062
i 313 10 10 39062
i 6716 1 1 23438
i 440 1 1 7812
i 1203 1 1 15625
i 1025 1 1 7812
i 6721 1 1 7812
i 877 2 12 23438
i 7863 1 1 250000
i 6807 1 1 200
i 556 3 3 23438
i 564 2 2 23438
i 559 3 3 15625
i 555 17 17 7812
i 562 4 4 7812
end
npc 624 # Zombie swab (lvl 55)
g 526 1 1
t 1 main
i 1623 1 1 1953
i 1621 1 1 977
i 1619 1 1 488
i 1452 1 1 183
i 1462 1 1 183
i 1617 1 1 122
i 830 5 5 61
i 987 1 1 61
i 985 1 1 61
i 1247 1 1 4
i 2366 1 1 2
i 1249 1 1 1
i 199 1 1 58480
i 201 1 1 43860
i 203 1 1 33003
i 205 1 1 25641
i 207 1 1 20161
i 209 1 1 14641
i 211 1 1 10989
i 213 1 1 9158
i 215 1 1 7326
i 2485 1 1 5495
i 1325 1 1 23438
i 217 1 1 5495
i 995 18 18 164062
i 995 10 10 78125
i 995 26 26 62500
i 995 35 35 46875
i 995 40 40 15625
i 313 7 7 164062
i 313 10 10 39062
i 6716 1 1 23438
i 440 1 1 7812
i 1203 1 1 15625
i 1025 1 1 7812
i 6721 1 1 7812
i 877 2 12 23438
i 7863 1 1 250000
i 6807 1 1 200
i 556 3 3 23438
i 564 2 2 23438
i 559 3 3 15625
i 555 17 17 7812
i 562 4 4 7812
end
npc 625 # Evil spirit (lvl 150)
g 592 1 1
end
npc 626 # Fever spider (lvl 49)
g 6718 1 1
t 1 main
i 213 1 1 83333
end
npc 639 # Tyras guard (lvl 110)
g 526 1 1
t 1 main
i 1623 1 1 9766
i 1621 1 1 4883
i 1619 1 1 2441
i 1452 1 1 915
i 1462 1 1 915
i 1617 1 1 610
i 830 5 5 305
i 987 1 1 305
i 985 1 1 305
i 1247 1 1 19
i 2366 1 1 10
i 1249 1 1 7
i 560 5 5 23438
i 554 37 37 7812
i 995 132 132 312500
i 995 44 44 226562
i 995 220 220 78125
i 995 11 11 54688
i 995 460 460 7812
i 361 1 1 23438
i 2357 1 1 15625
i 1734 10 10 7812
i 1311 1 1 31250
i 1353 1 1 23438
i 1365 1 1 23438
i 1197 1 1 7812
i 1073 1 1 7812
i 1163 1 1 7812
i 554 75 75 62500
i 562 15 15 39062
end
npc 643 # Arrg (lvl 113)
g 526 1 1
t 1 main
i 563 2 2 23438
i 557 45 45 7812
i 557 25 25 7812
i 199 1 1 29326
i 201 1 1 21978
i 203 1 1 16474
i 205 1 1 12821
i 207 1 1 10070
i 209 1 1 7326
i 211 1 1 5495
i 1141 1 1 31250
i 213 1 1 4577
i 215 1 1 3662
i 2485 1 1 2746
i 217 1 1 2746
i 5100 1 1 19417
i 5323 1 1 18553
i 5292 1 1 17699
i 5104 1 1 13038
i 5293 1 1 12034
i 5311 1 1 11751
i 1341 1 1 23438
i 5321 1 1 8921
i 5294 1 1 7930
i 22879 1 1 5666
i 5295 1 1 5525
i 5105 1 1 4815
i 5282 1 1 4107
i 5296 1 1 3824
i 5281 1 1 2550
i 5297 1 1 2550
i 5106 1 1 1841
i 1339 1 1 23438
i 5298 1 1 1700
i 5280 1 1 1700
i 5299 1 1 1275
i 22873 1 1 1133
i 5300 1 1 708
i 5301 1 1 567
i 5302 1 1 425
i 5303 1 1 283
i 5304 1 1 142
i 453 3 3 23438
i 1145 1 1 7812
i 353 3 3 15625
i 995 35 35 226562
i 995 100 100 78125
i 995 8 8 54688
i 995 50 50 46875
i 995 250 250 7812
i 1345 1 1 7812
i 7884 1 1 250000
i 13483 1 1 22222
i 1181 1 1 7812
i 557 60 60 62500
i 561 7 7 39062
end
npc 645 # Ice wolf (lvl 96)
g 2859 1 1
t 1 main
i 7830 1 1 250000
end
npc 646 # Ice wolf (lvl 96)
g 2859 1 1
t 1 main
i 7830 1 1 250000
end
npc 647 # Ice wolf (lvl 132)
g 2859 1 1
t 1 main
i 7830 1 1 250000
end
npc 648 # Ice Troll (lvl 124)
g 532 1 1
t 1 main
i 1623 1 1 15625
i 1621 1 1 7812
i 1619 1 1 3906
i 1452 1 1 1465
i 1462 1 1 1465
i 1617 1 1 977
i 830 5 5 488
i 987 1 1 488
i 985 1 1 488
i 1247 1 1 31
i 2366 1 1 15
i 1249 1 1 11
i 563 4 4 23438
i 560 15 15 7812
i 555 65 65 7812
i 199 1 1 35211
i 201 1 1 26385
i 203 1 1 19763
i 205 1 1 15385
i 207 1 1 12092
i 209 1 1 8787
i 211 1 1 6592
i 1199 1 1 62500
i 213 1 1 5495
i 215 1 1 4394
i 2485 1 1 3296
i 217 1 1 3296
i 995 30 30 226562
i 995 136 136 195312
i 995 200 200 78125
i 995 20 20 31250
i 379 6 6 23438
i 359 4 4 15625
i 1125 1 1 31250
i 1357 1 1 15625
i 13483 1 1 50000
i 10976 1 1 2500
i 10977 1 1 200
i 1341 1 1 7812
i 1121 1 1 7812
i 1373 1 1 7812
i 565 2 2 62500
i 565 5 5 39062
end
npc 649 # Ice Troll (lvl 123)
g 532 1 1
t 1 main
i 1623 1 1 15625
i 1621 1 1 7812
i 1619 1 1 3906
i 1452 1 1 1465
i 1462 1 1 1465
i 1617 1 1 977
i 830 5 5 488
i 987 1 1 488
i 985 1 1 488
i 1247 1 1 31
i 2366 1 1 15
i 1249 1 1 11
i 563 4 4 23438
i 560 15 15 7812
i 555 65 65 7812
i 199 1 1 35211
i 201 1 1 26385
i 203 1 1 19763
i 205 1 1 15385
i 207 1 1 12092
i 209 1 1 8787
i 211 1 1 6592
i 1199 1 1 62500
i 213 1 1 5495
i 215 1 1 4394
i 2485 1 1 3296
i 217 1 1 3296
i 995 30 30 226562
i 995 136 136 195312
i 995 200 200 78125
i 995 20 20 31250
i 379 6 6 23438
i 359 4 4 15625
i 1125 1 1 31250
i 1357 1 1 15625
i 13483 1 1 50000
i 10976 1 1 2500
i 10977 1 1 200
i 1341 1 1 7812
i 1121 1 1 7812
i 1373 1 1 7812
i 565 2 2 62500
i 565 5 5 39062
end
npc 650 # Ice Troll (lvl 120)
g 532 1 1
t 1 main
i 1623 1 1 15625
i 1621 1 1 7812
i 1619 1 1 3906
i 1452 1 1 1465
i 1462 1 1 1465
i 1617 1 1 977
i 830 5 5 488
i 987 1 1 488
i 985 1 1 488
i 1247 1 1 31
i 2366 1 1 15
i 1249 1 1 11
i 563 4 4 23438
i 560 15 15 7812
i 555 65 65 7812
i 199 1 1 35211
i 201 1 1 26385
i 203 1 1 19763
i 205 1 1 15385
i 207 1 1 12092
i 209 1 1 8787
i 211 1 1 6592
i 1199 1 1 62500
i 213 1 1 5495
i 215 1 1 4394
i 2485 1 1 3296
i 217 1 1 3296
i 995 30 30 226562
i 995 136 136 195312
i 995 200 200 78125
i 995 20 20 31250
i 379 6 6 23438
i 359 4 4 15625
i 1125 1 1 31250
i 1357 1 1 15625
i 13483 1 1 50000
i 10976 1 1 2500
i 10977 1 1 200
i 1341 1 1 7812
i 1121 1 1 7812
i 1373 1 1 7812
i 565 2 2 62500
i 565 5 5 39062
end
npc 651 # Ice Troll (lvl 121)
g 532 1 1
t 1 main
i 1623 1 1 15625
i 1621 1 1 7812
i 1619 1 1 3906
i 1452 1 1 1465
i 1462 1 1 1465
i 1617 1 1 977
i 830 5 5 488
i 987 1 1 488
i 985 1 1 488
i 1247 1 1 31
i 2366 1 1 15
i 1249 1 1 11
i 563 4 4 23438
i 560 15 15 7812
i 555 65 65 7812
i 199 1 1 35211
i 201 1 1 26385
i 203 1 1 19763
i 205 1 1 15385
i 207 1 1 12092
i 209 1 1 8787
i 211 1 1 6592
i 1199 1 1 62500
i 213 1 1 5495
i 215 1 1 4394
i 2485 1 1 3296
i 217 1 1 3296
i 995 30 30 226562
i 995 136 136 195312
i 995 200 200 78125
i 995 20 20 31250
i 379 6 6 23438
i 359 4 4 15625
i 1125 1 1 31250
i 1357 1 1 15625
i 13483 1 1 50000
i 10976 1 1 2500
i 10977 1 1 200
i 1341 1 1 7812
i 1121 1 1 7812
i 1373 1 1 7812
i 565 2 2 62500
i 565 5 5 39062
end
npc 652 # Ice Troll (lvl 120)
g 532 1 1
t 1 main
i 1623 1 1 15625
i 1621 1 1 7812
i 1619 1 1 3906
i 1452 1 1 1465
i 1462 1 1 1465
i 1617 1 1 977
i 830 5 5 488
i 987 1 1 488
i 985 1 1 488
i 1247 1 1 31
i 2366 1 1 15
i 1249 1 1 11
i 563 4 4 23438
i 560 15 15 7812
i 555 65 65 7812
i 199 1 1 35211
i 201 1 1 26385
i 203 1 1 19763
i 205 1 1 15385
i 207 1 1 12092
i 209 1 1 8787
i 211 1 1 6592
i 1199 1 1 62500
i 213 1 1 5495
i 215 1 1 4394
i 2485 1 1 3296
i 217 1 1 3296
i 995 30 30 226562
i 995 136 136 195312
i 995 200 200 78125
i 995 20 20 31250
i 379 6 6 23438
i 359 4 4 15625
i 1125 1 1 31250
i 1357 1 1 15625
i 13483 1 1 50000
i 10976 1 1 2500
i 10977 1 1 200
i 1341 1 1 7812
i 1121 1 1 7812
i 1373 1 1 7812
i 565 2 2 62500
i 565 5 5 39062
end
npc 653 # Ice Troll (lvl 120)
g 532 1 1
t 1 main
i 1623 1 1 15625
i 1621 1 1 7812
i 1619 1 1 3906
i 1452 1 1 1465
i 1462 1 1 1465
i 1617 1 1 977
i 830 5 5 488
i 987 1 1 488
i 985 1 1 488
i 1247 1 1 31
i 2366 1 1 15
i 1249 1 1 11
i 563 4 4 23438
i 560 15 15 7812
i 555 65 65 7812
i 199 1 1 35211
i 201 1 1 26385
i 203 1 1 19763
i 205 1 1 15385
i 207 1 1 12092
i 209 1 1 8787
i 211 1 1 6592
i 1199 1 1 62500
i 213 1 1 5495
i 215 1 1 4394
i 2485 1 1 3296
i 217 1 1 3296
i 995 30 30 226562
i 995 136 136 195312
i 995 200 200 78125
i 995 20 20 31250
i 379 6 6 23438
i 359 4 4 15625
i 1125 1 1 31250
i 1357 1 1 15625
i 13483 1 1 50000
i 10976 1 1 2500
i 10977 1 1 200
i 1341 1 1 7812
i 1121 1 1 7812
i 1373 1 1 7812
i 565 2 2 62500
i 565 5 5 39062
end
npc 654 # Ice Troll (lvl 121)
g 532 1 1
t 1 main
i 1623 1 1 15625
i 1621 1 1 7812
i 1619 1 1 3906
i 1452 1 1 1465
i 1462 1 1 1465
i 1617 1 1 977
i 830 5 5 488
i 987 1 1 488
i 985 1 1 488
i 1247 1 1 31
i 2366 1 1 15
i 1249 1 1 11
i 563 4 4 23438
i 560 15 15 7812
i 555 65 65 7812
i 199 1 1 35211
i 201 1 1 26385
i 203 1 1 19763
i 205 1 1 15385
i 207 1 1 12092
i 209 1 1 8787
i 211 1 1 6592
i 1199 1 1 62500
i 213 1 1 5495
i 215 1 1 4394
i 2485 1 1 3296
i 217 1 1 3296
i 995 30 30 226562
i 995 136 136 195312
i 995 200 200 78125
i 995 20 20 31250
i 379 6 6 23438
i 359 4 4 15625
i 1125 1 1 31250
i 1357 1 1 15625
i 13483 1 1 50000
i 10976 1 1 2500
i 10977 1 1 200
i 1341 1 1 7812
i 1121 1 1 7812
i 1373 1 1 7812
i 565 2 2 62500
i 565 5 5 39062
end
npc 655 # Goblin (lvl 5)
g 526 1 1
t 1 main
i 995 15 15 23438
i 995 20 20 15625
i 995 1 1 7812
i 2347 1 1 117188
i 10999 1 1 15625
i 288 1 1 39062
i 1949 1 1 23438
i 1917 1 1 15625
i 1009 1 1 7812
i 1438 1 1 7812
i 1173 1 1 23438
i 7812 1 1 250000
i 13447 1 1 28571
i 11942 1 1 16667
i 23182 1 1 15625
i 2677 1 1 7812
i 6801 1 1 200
i 1237 1 1 31250
i 559 7 7 39062
i 555 6 6 46875
i 557 4 4 23438
i 877 8 8 23438
i 995 5 5 218750
i 995 9 9 23438
end
npc 656 # Goblin (lvl 5)
g 526 1 1
t 1 main
i 995 15 15 23438
i 995 20 20 15625
i 995 1 1 7812
i 2347 1 1 117188
i 10999 1 1 15625
i 288 1 1 39062
i 1949 1 1 23438
i 1917 1 1 15625
i 1009 1 1 7812
i 1438 1 1 7812
i 1173 1 1 23438
i 7812 1 1 250000
i 13447 1 1 28571
i 11942 1 1 16667
i 23182 1 1 15625
i 2677 1 1 7812
i 6801 1 1 200
i 1237 1 1 31250
i 559 7 7 39062
i 555 6 6 46875
i 557 4 4 23438
i 877 8 8 23438
i 995 5 5 218750
i 995 9 9 23438
end
npc 657 # Goblin (lvl 5)
g 526 1 1
t 1 main
i 995 15 15 23438
i 995 20 20 15625
i 995 1 1 7812
i 2347 1 1 117188
i 10999 1 1 15625
i 288 1 1 39062
i 1949 1 1 23438
i 1917 1 1 15625
i 1009 1 1 7812
i 1438 1 1 7812
i 1173 1 1 23438
i 7812 1 1 250000
i 13447 1 1 28571
i 11942 1 1 16667
i 23182 1 1 15625
i 2677 1 1 7812
i 6801 1 1 200
i 1237 1 1 31250
i 559 7 7 39062
i 555 6 6 46875
i 557 4 4 23438
i 877 8 8 23438
i 995 5 5 218750
i 995 9 9 23438
end
npc 658 # Goblin (lvl 5)
g 526 1 1
t 1 main
i 995 15 15 23438
i 995 20 20 15625
i 995 1 1 7812
i 2347 1 1 117188
i 10999 1 1 15625
i 288 1 1 39062
i 1949 1 1 23438
i 1917 1 1 15625
i 1009 1 1 7812
i 1438 1 1 7812
i 1173 1 1 23438
i 7812 1 1 250000
i 13447 1 1 28571
i 11942 1 1 16667
i 23182 1 1 15625
i 2677 1 1 7812
i 6801 1 1 200
i 1237 1 1 31250
i 559 7 7 39062
i 555 6 6 46875
i 557 4 4 23438
i 877 8 8 23438
i 995 5 5 218750
i 995 9 9 23438
end
npc 659 # Goblin (lvl 5)
g 526 1 1
t 1 main
i 995 15 15 23438
i 995 20 20 15625
i 995 1 1 7812
i 2347 1 1 117188
i 10999 1 1 15625
i 288 1 1 39062
i 1949 1 1 23438
i 1917 1 1 15625
i 1009 1 1 7812
i 1438 1 1 7812
i 1173 1 1 23438
i 7812 1 1 250000
i 13447 1 1 28571
i 11942 1 1 16667
i 23182 1 1 15625
i 2677 1 1 7812
i 6801 1 1 200
i 1237 1 1 31250
i 559 7 7 39062
i 555 6 6 46875
i 557 4 4 23438
i 877 8 8 23438
i 995 5 5 218750
i 995 9 9 23438
end
npc 660 # Goblin (lvl 5)
g 526 1 1
t 1 main
i 995 15 15 23438
i 995 20 20 15625
i 995 1 1 7812
i 2347 1 1 117188
i 10999 1 1 15625
i 288 1 1 39062
i 1949 1 1 23438
i 1917 1 1 15625
i 1009 1 1 7812
i 1438 1 1 7812
i 1173 1 1 23438
i 7812 1 1 250000
i 13447 1 1 28571
i 11942 1 1 16667
i 23182 1 1 15625
i 2677 1 1 7812
i 6801 1 1 200
i 1237 1 1 31250
i 559 7 7 39062
i 555 6 6 46875
i 557 4 4 23438
i 877 8 8 23438
i 995 5 5 218750
i 995 9 9 23438
end
npc 661 # Goblin (lvl 5)
g 526 1 1
t 1 main
i 995 15 15 23438
i 995 20 20 15625
i 995 1 1 7812
i 2347 1 1 117188
i 10999 1 1 15625
i 288 1 1 39062
i 1949 1 1 23438
i 1917 1 1 15625
i 1009 1 1 7812
i 1438 1 1 7812
i 1173 1 1 23438
i 7812 1 1 250000
i 13447 1 1 28571
i 11942 1 1 16667
i 23182 1 1 15625
i 2677 1 1 7812
i 6801 1 1 200
i 1237 1 1 31250
i 559 7 7 39062
i 555 6 6 46875
i 557 4 4 23438
i 877 8 8 23438
i 995 5 5 218750
i 995 9 9 23438
end
npc 662 # Goblin (lvl 5)
g 526 1 1
t 1 main
i 995 15 15 23438
i 995 20 20 15625
i 995 1 1 7812
i 2347 1 1 117188
i 10999 1 1 15625
i 288 1 1 39062
i 1949 1 1 23438
i 1917 1 1 15625
i 1009 1 1 7812
i 1438 1 1 7812
i 1173 1 1 23438
i 7812 1 1 250000
i 13447 1 1 28571
i 11942 1 1 16667
i 23182 1 1 15625
i 2677 1 1 7812
i 6801 1 1 200
i 1237 1 1 31250
i 559 7 7 39062
i 555 6 6 46875
i 557 4 4 23438
i 877 8 8 23438
i 995 5 5 218750
i 995 9 9 23438
end
npc 663 # Goblin (lvl 5)
g 526 1 1
t 1 main
i 995 15 15 23438
i 995 20 20 15625
i 995 1 1 7812
i 2347 1 1 117188
i 10999 1 1 15625
i 288 1 1 39062
i 1949 1 1 23438
i 1917 1 1 15625
i 1009 1 1 7812
i 1438 1 1 7812
i 1173 1 1 23438
i 7812 1 1 250000
i 13447 1 1 28571
i 11942 1 1 16667
i 23182 1 1 15625
i 2677 1 1 7812
i 6801 1 1 200
i 1237 1 1 31250
i 559 7 7 39062
i 555 6 6 46875
i 557 4 4 23438
i 877 8 8 23438
i 995 5 5 218750
i 995 9 9 23438
end
npc 664 # Goblin (lvl 5)
g 526 1 1
t 1 main
i 995 15 15 23438
i 995 20 20 15625
i 995 1 1 7812
i 2347 1 1 117188
i 10999 1 1 15625
i 288 1 1 39062
i 1949 1 1 23438
i 1917 1 1 15625
i 1009 1 1 7812
i 1438 1 1 7812
i 1173 1 1 23438
i 7812 1 1 250000
i 13447 1 1 28571
i 11942 1 1 16667
i 23182 1 1 15625
i 2677 1 1 7812
i 6801 1 1 200
i 1237 1 1 31250
i 559 7 7 39062
i 555 6 6 46875
i 557 4 4 23438
i 877 8 8 23438
i 995 5 5 218750
i 995 9 9 23438
end
npc 665 # Goblin (lvl 5)
g 526 1 1
t 1 main
i 995 15 15 23438
i 995 20 20 15625
i 995 1 1 7812
i 2347 1 1 117188
i 10999 1 1 15625
i 288 1 1 39062
i 1949 1 1 23438
i 1917 1 1 15625
i 1009 1 1 7812
i 1438 1 1 7812
i 1173 1 1 23438
i 7812 1 1 250000
i 13447 1 1 28571
i 11942 1 1 16667
i 23182 1 1 15625
i 2677 1 1 7812
i 6801 1 1 200
i 1237 1 1 31250
i 559 7 7 39062
i 555 6 6 46875
i 557 4 4 23438
i 877 8 8 23438
i 995 5 5 218750
i 995 9 9 23438
end
npc 666 # Goblin (lvl 5)
g 526 1 1
t 1 main
i 995 15 15 23438
i 995 20 20 15625
i 995 1 1 7812
i 2347 1 1 117188
i 10999 1 1 15625
i 288 1 1 39062
i 1949 1 1 23438
i 1917 1 1 15625
i 1009 1 1 7812
i 1438 1 1 7812
i 1173 1 1 23438
i 7812 1 1 250000
i 13447 1 1 28571
i 11942 1 1 16667
i 23182 1 1 15625
i 2677 1 1 7812
i 6801 1 1 200
i 1237 1 1 31250
i 559 7 7 39062
i 555 6 6 46875
i 557 4 4 23438
i 877 8 8 23438
i 995 5 5 218750
i 995 9 9 23438
end
npc 667 # Goblin (lvl 5)
g 526 1 1
t 1 main
i 995 15 15 23438
i 995 20 20 15625
i 995 1 1 7812
i 2347 1 1 117188
i 10999 1 1 15625
i 288 1 1 39062
i 1949 1 1 23438
i 1917 1 1 15625
i 1009 1 1 7812
i 1438 1 1 7812
i 1173 1 1 23438
i 7812 1 1 250000
i 13447 1 1 28571
i 11942 1 1 16667
i 23182 1 1 15625
i 2677 1 1 7812
i 6801 1 1 200
i 1237 1 1 31250
i 559 7 7 39062
i 555 6 6 46875
i 557 4 4 23438
i 877 8 8 23438
i 995 5 5 218750
i 995 9 9 23438
end
npc 668 # Goblin (lvl 5)
g 526 1 1
t 1 main
i 995 15 15 23438
i 995 20 20 15625
i 995 1 1 7812
i 2347 1 1 117188
i 10999 1 1 15625
i 288 1 1 39062
i 1949 1 1 23438
i 1917 1 1 15625
i 1009 1 1 7812
i 1438 1 1 7812
i 1173 1 1 23438
i 7812 1 1 250000
i 13447 1 1 28571
i 11942 1 1 16667
i 23182 1 1 15625
i 2677 1 1 7812
i 6801 1 1 200
i 1237 1 1 31250
i 559 7 7 39062
i 555 6 6 46875
i 557 4 4 23438
i 877 8 8 23438
i 995 5 5 218750
i 995 9 9 23438
end
npc 674 # Goblin (lvl 5)
g 526 1 1
t 1 main
i 995 15 15 23438
i 995 20 20 15625
i 995 1 1 7812
i 2347 1 1 117188
i 10999 1 1 15625
i 288 1 1 39062
i 1949 1 1 23438
i 1917 1 1 15625
i 1009 1 1 7812
i 1438 1 1 7812
i 1173 1 1 23438
i 7812 1 1 250000
i 13447 1 1 28571
i 11942 1 1 16667
i 23182 1 1 15625
i 2677 1 1 7812
i 6801 1 1 200
i 1237 1 1 31250
i 559 7 7 39062
i 555 6 6 46875
i 557 4 4 23438
i 877 8 8 23438
i 995 5 5 218750
i 995 9 9 23438
end
npc 677 # Goblin (lvl 5)
g 526 1 1
t 1 main
i 995 15 15 23438
i 995 20 20 15625
i 995 1 1 7812
i 2347 1 1 117188
i 10999 1 1 15625
i 288 1 1 39062
i 1949 1 1 23438
i 1917 1 1 15625
i 1009 1 1 7812
i 1438 1 1 7812
i 1173 1 1 23438
i 7812 1 1 250000
i 13447 1 1 28571
i 11942 1 1 16667
i 23182 1 1 15625
i 2677 1 1 7812
i 6801 1 1 200
i 1237 1 1 31250
i 559 7 7 39062
i 555 6 6 46875
i 557 4 4 23438
i 877 8 8 23438
i 995 5 5 218750
i 995 9 9 23438
end
npc 678 # Goblin (lvl 5)
g 526 1 1
t 1 main
i 995 15 15 23438
i 995 20 20 15625
i 995 1 1 7812
i 2347 1 1 117188
i 10999 1 1 15625
i 288 1 1 39062
i 1949 1 1 23438
i 1917 1 1 15625
i 1009 1 1 7812
i 1438 1 1 7812
i 1173 1 1 23438
i 7812 1 1 250000
i 13447 1 1 28571
i 11942 1 1 16667
i 23182 1 1 15625
i 2677 1 1 7812
i 6801 1 1 200
i 1237 1 1 31250
i 559 7 7 39062
i 555 6 6 46875
i 557 4 4 23438
i 877 8 8 23438
i 995 5 5 218750
i 995 9 9 23438
end
npc 682 # Damis (lvl 103)
g 4673 1 1
end
npc 683 # Damis (lvl 174)
g 4673 1 1
end
npc 690 # Bandit (lvl 74)
t 1 main
i 1623 1 1 5859
i 1621 1 1 2930
i 1619 1 1 1465
i 1452 1 1 549
i 1462 1 1 549
i 1617 1 1 366
i 830 5 5 183
i 987 1 1 183
i 985 1 1 183
i 1247 1 1 11
i 2366 1 1 6
i 1249 1 1 4
i 23490 1 1 12821
i 21257 1 1 5102
i 23490 1 1 902
i 21257 1 1 3344
i 23490 1 1 11111
i 21257 1 1 5102
end
npc 691 # Bandit (lvl 74)
t 1 main
i 1623 1 1 5859
i 1621 1 1 2930
i 1619 1 1 1465
i 1452 1 1 549
i 1462 1 1 549
i 1617 1 1 366
i 830 5 5 183
i 987 1 1 183
i 985 1 1 183
i 1247 1 1 11
i 2366 1 1 6
i 1249 1 1 4
i 23490 1 1 12821
i 21257 1 1 5102
i 23490 1 1 902
i 21257 1 1 3344
i 23490 1 1 11111
i 21257 1 1 5102
end
npc 692 # Bandit (lvl 74)
t 1 main
i 1623 1 1 5859
i 1621 1 1 2930
i 1619 1 1 1465
i 1452 1 1 549
i 1462 1 1 549
i 1617 1 1 366
i 830 5 5 183
i 987 1 1 183
i 985 1 1 183
i 1247 1 1 11
i 2366 1 1 6
i 1249 1 1 4
i 23490 1 1 12821
i 21257 1 1 5102
i 23490 1 1 902
i 21257 1 1 3344
i 23490 1 1 11111
i 21257 1 1 5102
end
npc 693 # Bandit (lvl 74)
t 1 main
i 1623 1 1 5859
i 1621 1 1 2930
i 1619 1 1 1465
i 1452 1 1 549
i 1462 1 1 549
i 1617 1 1 366
i 830 5 5 183
i 987 1 1 183
i 985 1 1 183
i 1247 1 1 11
i 2366 1 1 6
i 1249 1 1 4
i 23490 1 1 12821
i 21257 1 1 5102
i 23490 1 1 902
i 21257 1 1 3344
i 23490 1 1 11111
i 21257 1 1 5102
end
npc 694 # Bandit (lvl 74)
t 1 main
i 1623 1 1 5859
i 1621 1 1 2930
i 1619 1 1 1465
i 1452 1 1 549
i 1462 1 1 549
i 1617 1 1 366
i 830 5 5 183
i 987 1 1 183
i 985 1 1 183
i 1247 1 1 11
i 2366 1 1 6
i 1249 1 1 4
i 23490 1 1 12821
i 21257 1 1 5102
i 23490 1 1 902
i 21257 1 1 3344
i 23490 1 1 11111
i 21257 1 1 5102
end
npc 695 # Bandit (lvl 57)
t 1 main
i 1623 1 1 5859
i 1621 1 1 2930
i 1619 1 1 1465
i 1452 1 1 549
i 1462 1 1 549
i 1617 1 1 366
i 830 5 5 183
i 987 1 1 183
i 985 1 1 183
i 1247 1 1 11
i 2366 1 1 6
i 1249 1 1 4
i 23490 1 1 12821
i 21257 1 1 5102
i 23490 1 1 902
i 21257 1 1 3344
i 23490 1 1 11111
i 21257 1 1 5102
end
npc 699 # Ice troll (lvl 124)
g 532 1 1
t 1 main
i 1623 1 1 15625
i 1621 1 1 7812
i 1619 1 1 3906
i 1452 1 1 1465
i 1462 1 1 1465
i 1617 1 1 977
i 830 5 5 488
i 987 1 1 488
i 985 1 1 488
i 1247 1 1 31
i 2366 1 1 15
i 1249 1 1 11
i 563 4 4 23438
i 560 15 15 7812
i 555 65 65 7812
i 199 1 1 35211
i 201 1 1 26385
i 203 1 1 19763
i 205 1 1 15385
i 207 1 1 12092
i 209 1 1 8787
i 211 1 1 6592
i 1199 1 1 62500
i 213 1 1 5495
i 215 1 1 4394
i 2485 1 1 3296
i 217 1 1 3296
i 995 30 30 226562
i 995 136 136 195312
i 995 200 200 78125
i 995 20 20 31250
i 379 6 6 23438
i 359 4 4 15625
i 1125 1 1 31250
i 1357 1 1 15625
i 13483 1 1 50000
i 10976 1 1 2500
i 10977 1 1 200
i 1341 1 1 7812
i 1121 1 1 7812
i 1373 1 1 7812
i 565 2 2 62500
i 565 5 5 39062
end
npc 700 # Ice troll (lvl 123)
g 532 1 1
t 1 main
i 1623 1 1 15625
i 1621 1 1 7812
i 1619 1 1 3906
i 1452 1 1 1465
i 1462 1 1 1465
i 1617 1 1 977
i 830 5 5 488
i 987 1 1 488
i 985 1 1 488
i 1247 1 1 31
i 2366 1 1 15
i 1249 1 1 11
i 563 4 4 23438
i 560 15 15 7812
i 555 65 65 7812
i 199 1 1 35211
i 201 1 1 26385
i 203 1 1 19763
i 205 1 1 15385
i 207 1 1 12092
i 209 1 1 8787
i 211 1 1 6592
i 1199 1 1 62500
i 213 1 1 5495
i 215 1 1 4394
i 2485 1 1 3296
i 217 1 1 3296
i 995 30 30 226562
i 995 136 136 195312
i 995 200 200 78125
i 995 20 20 31250
i 379 6 6 23438
i 359 4 4 15625
i 1125 1 1 31250
i 1357 1 1 15625
i 13483 1 1 50000
i 10976 1 1 2500
i 10977 1 1 200
i 1341 1 1 7812
i 1121 1 1 7812
i 1373 1 1 7812
i 565 2 2 62500
i 565 5 5 39062
end
npc 701 # Ice troll (lvl 120)
g 532 1 1
t 1 main
i 1623 1 1 15625
i 1621 1 1 7812
i 1619 1 1 3906
i 1452 1 1 1465
i 1462 1 1 1465
i 1617 1 1 977
i 830 5 5 488
i 987 1 1 488
i 985 1 1 488
i 1247 1 1 31
i 2366 1 1 15
i 1249 1 1 11
i 563 4 4 23438
i 560 15 15 7812
i 555 65 65 7812
i 199 1 1 35211
i 201 1 1 26385
i 203 1 1 19763
i 205 1 1 15385
i 207 1 1 12092
i 209 1 1 8787
i 211 1 1 6592
i 1199 1 1 62500
i 213 1 1 5495
i 215 1 1 4394
i 2485 1 1 3296
i 217 1 1 3296
i 995 30 30 226562
i 995 136 136 195312
i 995 200 200 78125
i 995 20 20 31250
i 379 6 6 23438
i 359 4 4 15625
i 1125 1 1 31250
i 1357 1 1 15625
i 13483 1 1 50000
i 10976 1 1 2500
i 10977 1 1 200
i 1341 1 1 7812
i 1121 1 1 7812
i 1373 1 1 7812
i 565 2 2 62500
i 565 5 5 39062
end
npc 702 # Ice troll (lvl 121)
g 532 1 1
t 1 main
i 1623 1 1 15625
i 1621 1 1 7812
i 1619 1 1 3906
i 1452 1 1 1465
i 1462 1 1 1465
i 1617 1 1 977
i 830 5 5 488
i 987 1 1 488
i 985 1 1 488
i 1247 1 1 31
i 2366 1 1 15
i 1249 1 1 11
i 563 4 4 23438
i 560 15 15 7812
i 555 65 65 7812
i 199 1 1 35211
i 201 1 1 26385
i 203 1 1 19763
i 205 1 1 15385
i 207 1 1 12092
i 209 1 1 8787
i 211 1 1 6592
i 1199 1 1 62500
i 213 1 1 5495
i 215 1 1 4394
i 2485 1 1 3296
i 217 1 1 3296
i 995 30 30 226562
i 995 136 136 195312
i 995 200 200 78125
i 995 20 20 31250
i 379 6 6 23438
i 359 4 4 15625
i 1125 1 1 31250
i 1357 1 1 15625
i 13483 1 1 50000
i 10976 1 1 2500
i 10977 1 1 200
i 1341 1 1 7812
i 1121 1 1 7812
i 1373 1 1 7812
i 565 2 2 62500
i 565 5 5 39062
end
npc 703 # Ice troll (lvl 120)
g 532 1 1
t 1 main
i 1623 1 1 15625
i 1621 1 1 7812
i 1619 1 1 3906
i 1452 1 1 1465
i 1462 1 1 1465
i 1617 1 1 977
i 830 5 5 488
i 987 1 1 488
i 985 1 1 488
i 1247 1 1 31
i 2366 1 1 15
i 1249 1 1 11
i 563 4 4 23438
i 560 15 15 7812
i 555 65 65 7812
i 199 1 1 35211
i 201 1 1 26385
i 203 1 1 19763
i 205 1 1 15385
i 207 1 1 12092
i 209 1 1 8787
i 211 1 1 6592
i 1199 1 1 62500
i 213 1 1 5495
i 215 1 1 4394
i 2485 1 1 3296
i 217 1 1 3296
i 995 30 30 226562
i 995 136 136 195312
i 995 200 200 78125
i 995 20 20 31250
i 379 6 6 23438
i 359 4 4 15625
i 1125 1 1 31250
i 1357 1 1 15625
i 13483 1 1 50000
i 10976 1 1 2500
i 10977 1 1 200
i 1341 1 1 7812
i 1121 1 1 7812
i 1373 1 1 7812
i 565 2 2 62500
i 565 5 5 39062
end
npc 704 # Ice troll (lvl 120)
g 532 1 1
t 1 main
i 1623 1 1 15625
i 1621 1 1 7812
i 1619 1 1 3906
i 1452 1 1 1465
i 1462 1 1 1465
i 1617 1 1 977
i 830 5 5 488
i 987 1 1 488
i 985 1 1 488
i 1247 1 1 31
i 2366 1 1 15
i 1249 1 1 11
i 563 4 4 23438
i 560 15 15 7812
i 555 65 65 7812
i 199 1 1 35211
i 201 1 1 26385
i 203 1 1 19763
i 205 1 1 15385
i 207 1 1 12092
i 209 1 1 8787
i 211 1 1 6592
i 1199 1 1 62500
i 213 1 1 5495
i 215 1 1 4394
i 2485 1 1 3296
i 217 1 1 3296
i 995 30 30 226562
i 995 136 136 195312
i 995 200 200 78125
i 995 20 20 31250
i 379 6 6 23438
i 359 4 4 15625
i 1125 1 1 31250
i 1357 1 1 15625
i 13483 1 1 50000
i 10976 1 1 2500
i 10977 1 1 200
i 1341 1 1 7812
i 1121 1 1 7812
i 1373 1 1 7812
i 565 2 2 62500
i 565 5 5 39062
end
npc 705 # Ice troll (lvl 121)
g 532 1 1
t 1 main
i 1623 1 1 15625
i 1621 1 1 7812
i 1619 1 1 3906
i 1452 1 1 1465
i 1462 1 1 1465
i 1617 1 1 977
i 830 5 5 488
i 987 1 1 488
i 985 1 1 488
i 1247 1 1 31
i 2366 1 1 15
i 1249 1 1 11
i 563 4 4 23438
i 560 15 15 7812
i 555 65 65 7812
i 199 1 1 35211
i 201 1 1 26385
i 203 1 1 19763
i 205 1 1 15385
i 207 1 1 12092
i 209 1 1 8787
i 211 1 1 6592
i 1199 1 1 62500
i 213 1 1 5495
i 215 1 1 4394
i 2485 1 1 3296
i 217 1 1 3296
i 995 30 30 226562
i 995 136 136 195312
i 995 200 200 78125
i 995 20 20 31250
i 379 6 6 23438
i 359 4 4 15625
i 1125 1 1 31250
i 1357 1 1 15625
i 13483 1 1 50000
i 10976 1 1 2500
i 10977 1 1 200
i 1341 1 1 7812
i 1121 1 1 7812
i 1373 1 1 7812
i 565 2 2 62500
i 565 5 5 39062
end
npc 710 # Ice wolf (lvl 132)
g 2859 1 1
t 1 main
i 7830 1 1 250000
end
npc 711 # Ice wolf (lvl 132)
g 2859 1 1
t 1 main
i 7830 1 1 250000
end
npc 712 # Ice wolf (lvl 132)
g 2859 1 1
t 1 main
i 7830 1 1 250000
end
npc 713 # Ice wolf (lvl 132)
g 2859 1 1
t 1 main
i 7830 1 1 250000
end
npc 714 # Ice wolf (lvl 132)
g 2859 1 1
t 1 main
i 7830 1 1 250000
end
npc 715 # Ice wolf (lvl 132)
g 2859 1 1
t 1 main
i 7830 1 1 250000
end
npc 717 # Mummy (lvl 96)
g 592 1 1
t 1 main
i 1623 1 1 975
i 1621 1 1 487
i 1619 1 1 244
i 1452 1 1 91
i 1462 1 1 91
i 1617 1 1 61
i 830 5 5 30
i 987 1 1 30
i 985 1 1 30
i 1247 1 1 2
i 2366 1 1 1
i 1249 1 1 1
i 1656 1 1 19493
i 1637 1 1 19493
i 1677 1 1 19493
i 1639 1 1 19493
i 2566 1 1 19493
i 199 1 1 1462
i 201 1 1 1096
i 203 1 1 822
i 205 1 1 640
i 207 1 1 503
i 209 1 1 365
i 211 1 1 274
i 213 1 1 228
i 215 1 1 183
i 2485 1 1 137
i 217 1 1 137
i 995 36 36 38986
i 995 95 95 38986
i 995 106 106 38986
i 995 183 183 38986
i 995 222 222 38986
i 995 46 46 33138
i 995 472 472 19493
i 1939 1 1 58480
i 444 1 1 194932
i 950 1 1 77973
i 970 1 1 85770
i 405 1 1 5848
i 2357 1 1 38986
i 1185 1 1 5848
i 1333 1 1 5848
i 2801 1 1 1949
i 4675 1 1 1949
i 1635 1 1 77973
i 1673 1 1 48733
i 1654 1 1 38986
end
npc 720 # Mummy (lvl 103)
g 592 1 1
t 1 main
i 1623 1 1 975
i 1621 1 1 487
i 1619 1 1 244
i 1452 1 1 91
i 1462 1 1 91
i 1617 1 1 61
i 830 5 5 30
i 987 1 1 30
i 985 1 1 30
i 1247 1 1 2
i 2366 1 1 1
i 1249 1 1 1
i 1656 1 1 19493
i 1637 1 1 19493
i 1677 1 1 19493
i 1639 1 1 19493
i 2566 1 1 19493
i 199 1 1 1462
i 201 1 1 1096
i 203 1 1 822
i 205 1 1 640
i 207 1 1 503
i 209 1 1 365
i 211 1 1 274
i 213 1 1 228
i 215 1 1 183
i 2485 1 1 137
i 217 1 1 137
i 995 36 36 38986
i 995 95 95 38986
i 995 106 106 38986
i 995 183 183 38986
i 995 222 222 38986
i 995 46 46 33138
i 995 472 472 19493
i 1939 1 1 58480
i 444 1 1 194932
i 950 1 1 77973
i 970 1 1 85770
i 405 1 1 5848
i 2357 1 1 38986
i 1185 1 1 5848
i 1333 1 1 5848
i 2801 1 1 1949
i 4675 1 1 1949
i 1635 1 1 77973
i 1673 1 1 48733
i 1654 1 1 38986
end
npc 721 # Mummy (lvl 103)
g 592 1 1
t 1 main
i 1623 1 1 975
i 1621 1 1 487
i 1619 1 1 244
i 1452 1 1 91
i 1462 1 1 91
i 1617 1 1 61
i 830 5 5 30
i 987 1 1 30
i 985 1 1 30
i 1247 1 1 2
i 2366 1 1 1
i 1249 1 1 1
i 1656 1 1 19493
i 1637 1 1 19493
i 1677 1 1 19493
i 1639 1 1 19493
i 2566 1 1 19493
i 199 1 1 1462
i 201 1 1 1096
i 203 1 1 822
i 205 1 1 640
i 207 1 1 503
i 209 1 1 365
i 211 1 1 274
i 213 1 1 228
i 215 1 1 183
i 2485 1 1 137
i 217 1 1 137
i 995 36 36 38986
i 995 95 95 38986
i 995 106 106 38986
i 995 183 183 38986
i 995 222 222 38986
i 995 46 46 33138
i 995 472 472 19493
i 1939 1 1 58480
i 444 1 1 194932
i 950 1 1 77973
i 970 1 1 85770
i 405 1 1 5848
i 2357 1 1 38986
i 1185 1 1 5848
i 1333 1 1 5848
i 2801 1 1 1949
i 4675 1 1 1949
i 1635 1 1 77973
i 1673 1 1 48733
i 1654 1 1 38986
end
npc 722 # Mummy (lvl 103)
g 592 1 1
t 1 main
i 1623 1 1 975
i 1621 1 1 487
i 1619 1 1 244
i 1452 1 1 91
i 1462 1 1 91
i 1617 1 1 61
i 830 5 5 30
i 987 1 1 30
i 985 1 1 30
i 1247 1 1 2
i 2366 1 1 1
i 1249 1 1 1
i 1656 1 1 19493
i 1637 1 1 19493
i 1677 1 1 19493
i 1639 1 1 19493
i 2566 1 1 19493
i 199 1 1 1462
i 201 1 1 1096
i 203 1 1 822
i 205 1 1 640
i 207 1 1 503
i 209 1 1 365
i 211 1 1 274
i 213 1 1 228
i 215 1 1 183
i 2485 1 1 137
i 217 1 1 137
i 995 36 36 38986
i 995 95 95 38986
i 995 106 106 38986
i 995 183 183 38986
i 995 222 222 38986
i 995 46 46 33138
i 995 472 472 19493
i 1939 1 1 58480
i 444 1 1 194932
i 950 1 1 77973
i 970 1 1 85770
i 405 1 1 5848
i 2357 1 1 38986
i 1185 1 1 5848
i 1333 1 1 5848
i 2801 1 1 1949
i 4675 1 1 1949
i 1635 1 1 77973
i 1673 1 1 48733
i 1654 1 1 38986
end
npc 723 # Mummy (lvl 103)
g 592 1 1
t 1 main
i 1623 1 1 975
i 1621 1 1 487
i 1619 1 1 244
i 1452 1 1 91
i 1462 1 1 91
i 1617 1 1 61
i 830 5 5 30
i 987 1 1 30
i 985 1 1 30
i 1247 1 1 2
i 2366 1 1 1
i 1249 1 1 1
i 1656 1 1 19493
i 1637 1 1 19493
i 1677 1 1 19493
i 1639 1 1 19493
i 2566 1 1 19493
i 199 1 1 1462
i 201 1 1 1096
i 203 1 1 822
i 205 1 1 640
i 207 1 1 503
i 209 1 1 365
i 211 1 1 274
i 213 1 1 228
i 215 1 1 183
i 2485 1 1 137
i 217 1 1 137
i 995 36 36 38986
i 995 95 95 38986
i 995 106 106 38986
i 995 183 183 38986
i 995 222 222 38986
i 995 46 46 33138
i 995 472 472 19493
i 1939 1 1 58480
i 444 1 1 194932
i 950 1 1 77973
i 970 1 1 85770
i 405 1 1 5848
i 2357 1 1 38986
i 1185 1 1 5848
i 1333 1 1 5848
i 2801 1 1 1949
i 4675 1 1 1949
i 1635 1 1 77973
i 1673 1 1 48733
i 1654 1 1 38986
end
npc 724 # Mummy (lvl 98)
g 592 1 1
end
npc 725 # Mummy (lvl 103)
g 592 1 1
t 1 main
i 1623 1 1 975
i 1621 1 1 487
i 1619 1 1 244
i 1452 1 1 91
i 1462 1 1 91
i 1617 1 1 61
i 830 5 5 30
i 987 1 1 30
i 985 1 1 30
i 1247 1 1 2
i 2366 1 1 1
i 1249 1 1 1
i 1656 1 1 19493
i 1637 1 1 19493
i 1677 1 1 19493
i 1639 1 1 19493
i 2566 1 1 19493
i 199 1 1 1462
i 201 1 1 1096
i 203 1 1 822
i 205 1 1 640
i 207 1 1 503
i 209 1 1 365
i 211 1 1 274
i 213 1 1 228
i 215 1 1 183
i 2485 1 1 137
i 217 1 1 137
i 995 36 36 38986
i 995 95 95 38986
i 995 106 106 38986
i 995 183 183 38986
i 995 222 222 38986
i 995 46 46 33138
i 995 472 472 19493
i 1939 1 1 58480
i 444 1 1 194932
i 950 1 1 77973
i 970 1 1 85770
i 405 1 1 5848
i 2357 1 1 38986
i 1185 1 1 5848
i 1333 1 1 5848
i 2801 1 1 1949
i 4675 1 1 1949
i 1635 1 1 77973
i 1673 1 1 48733
i 1654 1 1 38986
end
npc 726 # Mummy (lvl 103)
g 592 1 1
t 1 main
i 1623 1 1 975
i 1621 1 1 487
i 1619 1 1 244
i 1452 1 1 91
i 1462 1 1 91
i 1617 1 1 61
i 830 5 5 30
i 987 1 1 30
i 985 1 1 30
i 1247 1 1 2
i 2366 1 1 1
i 1249 1 1 1
i 1656 1 1 19493
i 1637 1 1 19493
i 1677 1 1 19493
i 1639 1 1 19493
i 2566 1 1 19493
i 199 1 1 1462
i 201 1 1 1096
i 203 1 1 822
i 205 1 1 640
i 207 1 1 503
i 209 1 1 365
i 211 1 1 274
i 213 1 1 228
i 215 1 1 183
i 2485 1 1 137
i 217 1 1 137
i 995 36 36 38986
i 995 95 95 38986
i 995 106 106 38986
i 995 183 183 38986
i 995 222 222 38986
i 995 46 46 33138
i 995 472 472 19493
i 1939 1 1 58480
i 444 1 1 194932
i 950 1 1 77973
i 970 1 1 85770
i 405 1 1 5848
i 2357 1 1 38986
i 1185 1 1 5848
i 1333 1 1 5848
i 2801 1 1 1949
i 4675 1 1 1949
i 1635 1 1 77973
i 1673 1 1 48733
i 1654 1 1 38986
end
npc 727 # Mummy (lvl 103)
g 592 1 1
t 1 main
i 1623 1 1 975
i 1621 1 1 487
i 1619 1 1 244
i 1452 1 1 91
i 1462 1 1 91
i 1617 1 1 61
i 830 5 5 30
i 987 1 1 30
i 985 1 1 30
i 1247 1 1 2
i 2366 1 1 1
i 1249 1 1 1
i 1656 1 1 19493
i 1637 1 1 19493
i 1677 1 1 19493
i 1639 1 1 19493
i 2566 1 1 19493
i 199 1 1 1462
i 201 1 1 1096
i 203 1 1 822
i 205 1 1 640
i 207 1 1 503
i 209 1 1 365
i 211 1 1 274
i 213 1 1 228
i 215 1 1 183
i 2485 1 1 137
i 217 1 1 137
i 995 36 36 38986
i 995 95 95 38986
i 995 106 106 38986
i 995 183 183 38986
i 995 222 222 38986
i 995 46 46 33138
i 995 472 472 19493
i 1939 1 1 58480
i 444 1 1 194932
i 950 1 1 77973
i 970 1 1 85770
i 405 1 1 5848
i 2357 1 1 38986
i 1185 1 1 5848
i 1333 1 1 5848
i 2801 1 1 1949
i 4675 1 1 1949
i 1635 1 1 77973
i 1673 1 1 48733
i 1654 1 1 38986
end
npc 728 # Mummy (lvl 103)
g 592 1 1
t 1 main
i 1623 1 1 975
i 1621 1 1 487
i 1619 1 1 244
i 1452 1 1 91
i 1462 1 1 91
i 1617 1 1 61
i 830 5 5 30
i 987 1 1 30
i 985 1 1 30
i 1247 1 1 2
i 2366 1 1 1
i 1249 1 1 1
i 1656 1 1 19493
i 1637 1 1 19493
i 1677 1 1 19493
i 1639 1 1 19493
i 2566 1 1 19493
i 199 1 1 1462
i 201 1 1 1096
i 203 1 1 822
i 205 1 1 640
i 207 1 1 503
i 209 1 1 365
i 211 1 1 274
i 213 1 1 228
i 215 1 1 183
i 2485 1 1 137
i 217 1 1 137
i 995 36 36 38986
i 995 95 95 38986
i 995 106 106 38986
i 995 183 183 38986
i 995 222 222 38986
i 995 46 46 33138
i 995 472 472 19493
i 1939 1 1 58480
i 444 1 1 194932
i 950 1 1 77973
i 970 1 1 85770
i 405 1 1 5848
i 2357 1 1 38986
i 1185 1 1 5848
i 1333 1 1 5848
i 2801 1 1 1949
i 4675 1 1 1949
i 1635 1 1 77973
i 1673 1 1 48733
i 1654 1 1 38986
end
npc 734 # Bandit (lvl 56)
t 1 main
i 1623 1 1 5859
i 1621 1 1 2930
i 1619 1 1 1465
i 1452 1 1 549
i 1462 1 1 549
i 1617 1 1 366
i 830 5 5 183
i 987 1 1 183
i 985 1 1 183
i 1247 1 1 11
i 2366 1 1 6
i 1249 1 1 4
i 23490 1 1 12821
i 21257 1 1 5102
i 23490 1 1 902
i 21257 1 1 3344
i 23490 1 1 11111
i 21257 1 1 5102
end
npc 735 # Bandit (lvl 56)
t 1 main
i 1623 1 1 5859
i 1621 1 1 2930
i 1619 1 1 1465
i 1452 1 1 549
i 1462 1 1 549
i 1617 1 1 366
i 830 5 5 183
i 987 1 1 183
i 985 1 1 183
i 1247 1 1 11
i 2366 1 1 6
i 1249 1 1 4
i 23490 1 1 12821
i 21257 1 1 5102
i 23490 1 1 902
i 21257 1 1 3344
i 23490 1 1 11111
i 21257 1 1 5102
end
npc 736 # Bandit (lvl 41)
t 1 main
i 1623 1 1 5859
i 1621 1 1 2930
i 1619 1 1 1465
i 1452 1 1 549
i 1462 1 1 549
i 1617 1 1 366
i 830 5 5 183
i 987 1 1 183
i 985 1 1 183
i 1247 1 1 11
i 2366 1 1 6
i 1249 1 1 4
i 23490 1 1 12821
i 21257 1 1 5102
i 23490 1 1 902
i 21257 1 1 3344
i 23490 1 1 11111
i 21257 1 1 5102
end
npc 737 # Bandit (lvl 41)
t 1 main
i 1623 1 1 5859
i 1621 1 1 2930
i 1619 1 1 1465
i 1452 1 1 549
i 1462 1 1 549
i 1617 1 1 366
i 830 5 5 183
i 987 1 1 183
i 985 1 1 183
i 1247 1 1 11
i 2366 1 1 6
i 1249 1 1 4
i 23490 1 1 12821
i 21257 1 1 5102
i 23490 1 1 902
i 21257 1 1 3344
i 23490 1 1 11111
i 21257 1 1 5102
end
npc 738 # Bandit champion (lvl 70)
g 526 1 1
g 4600 1 1
g 1331 1 1
end
npc 762 # Baby Roc (lvl 75)
g 526 1 1
end
npc 763 # Giant Roc (lvl 172)
g 532 1 1
t 1 main
i 10976 1 1 2500
i 10977 1 1 200
end
npc 785 # Me (lvl 79)
g 526 1 1
end
npc 786 # Me (lvl 79)
g 526 1 1
end
npc 787 # Suqah (lvl 111)
g 532 1 1
g 9080 1 1
t 1 main
i 1623 1 1 9690
i 1621 1 1 4845
i 1619 1 1 2422
i 1452 1 1 908
i 1462 1 1 908
i 1617 1 1 606
i 830 5 5 303
i 987 1 1 303
i 985 1 1 303
i 1247 1 1 19
i 2366 1 1 9
i 1249 1 1 7
i 2722 1 1 7752
i 10976 1 1 2500
i 10977 1 1 200
i 9103 1 1 125000
i 9079 1 1 534884
i 199 1 1 232558
i 201 1 1 193798
end
npc 788 # Suqah (lvl 111)
g 532 1 1
g 9080 1 1
t 1 main
i 1623 1 1 9690
i 1621 1 1 4845
i 1619 1 1 2422
i 1452 1 1 908
i 1462 1 1 908
i 1617 1 1 606
i 830 5 5 303
i 987 1 1 303
i 985 1 1 303
i 1247 1 1 19
i 2366 1 1 9
i 1249 1 1 7
i 2722 1 1 7752
i 10976 1 1 2500
i 10977 1 1 200
i 9103 1 1 125000
i 9079 1 1 534884
i 199 1 1 232558
i 201 1 1 193798
end
npc 789 # Suqah (lvl 111)
g 532 1 1
g 9080 1 1
t 1 main
i 1623 1 1 9690
i 1621 1 1 4845
i 1619 1 1 2422
i 1452 1 1 908
i 1462 1 1 908
i 1617 1 1 606
i 830 5 5 303
i 987 1 1 303
i 985 1 1 303
i 1247 1 1 19
i 2366 1 1 9
i 1249 1 1 7
i 2722 1 1 7752
i 10976 1 1 2500
i 10977 1 1 200
i 9103 1 1 125000
i 9079 1 1 534884
i 199 1 1 232558
i 201 1 1 193798
end
npc 790 # Suqah (lvl 111)
g 532 1 1
g 9080 1 1
t 1 main
i 1623 1 1 9690
i 1621 1 1 4845
i 1619 1 1 2422
i 1452 1 1 908
i 1462 1 1 908
i 1617 1 1 606
i 830 5 5 303
i 987 1 1 303
i 985 1 1 303
i 1247 1 1 19
i 2366 1 1 9
i 1249 1 1 7
i 2722 1 1 7752
i 10976 1 1 2500
i 10977 1 1 200
i 9103 1 1 125000
i 9079 1 1 534884
i 199 1 1 232558
i 201 1 1 193798
end
npc 791 # Suqah (lvl 111)
g 532 1 1
g 9080 1 1
t 1 main
i 1623 1 1 9690
i 1621 1 1 4845
i 1619 1 1 2422
i 1452 1 1 908
i 1462 1 1 908
i 1617 1 1 606
i 830 5 5 303
i 987 1 1 303
i 985 1 1 303
i 1247 1 1 19
i 2366 1 1 9
i 1249 1 1 7
i 2722 1 1 7752
i 10976 1 1 2500
i 10977 1 1 200
i 9103 1 1 125000
i 9079 1 1 534884
i 199 1 1 232558
i 201 1 1 193798
end
npc 792 # Suqah (lvl 111)
g 532 1 1
g 9080 1 1
t 1 main
i 1623 1 1 9690
i 1621 1 1 4845
i 1619 1 1 2422
i 1452 1 1 908
i 1462 1 1 908
i 1617 1 1 606
i 830 5 5 303
i 987 1 1 303
i 985 1 1 303
i 1247 1 1 19
i 2366 1 1 9
i 1249 1 1 7
i 2722 1 1 7752
i 10976 1 1 2500
i 10977 1 1 200
i 9103 1 1 125000
i 9079 1 1 534884
i 199 1 1 232558
i 201 1 1 193798
end
npc 793 # Suqah (lvl 111)
g 532 1 1
g 9080 1 1
t 1 main
i 1623 1 1 9690
i 1621 1 1 4845
i 1619 1 1 2422
i 1452 1 1 908
i 1462 1 1 908
i 1617 1 1 606
i 830 5 5 303
i 987 1 1 303
i 985 1 1 303
i 1247 1 1 19
i 2366 1 1 9
i 1249 1 1 7
i 2722 1 1 7752
i 10976 1 1 2500
i 10977 1 1 200
i 9103 1 1 125000
i 9079 1 1 534884
i 199 1 1 232558
i 201 1 1 193798
end
npc 794 # Scarab Mage (lvl 93)
g 526 1 1
t 1 main
i 564 35 35 15625
i 4699 150 150 15625
i 892 18 18 15625
i 199 1 1 39062
i 201 1 1 29326
i 203 1 1 21978
i 205 1 1 17094
i 207 1 1 13423
i 209 1 1 9766
i 211 1 1 7326
i 1199 1 1 23438
i 213 1 1 6105
i 215 1 1 4883
i 2485 1 1 3662
i 217 1 1 3662
i 5296 1 1 3111
i 5297 1 1 2119
i 5281 1 1 2053
i 5106 1 1 1457
i 5298 1 1 1457
i 5280 1 1 1390
i 1391 3 3 15625
i 22873 1 1 993
i 5299 1 1 993
i 5300 1 1 662
i 5301 1 1 463
i 5302 1 1 331
i 22879 3 3 265
i 5303 1 1 199
i 5304 1 1 132
i 377 15 15 54688
i 449 14 14 15625
i 1213 1 1 15625
i 453 32 32 46875
i 9735 6 6 15625
i 2359 22 22 15625
i 363 24 24 31250
i 1623 4 4 23438
i 995 2000 3000 250000
i 1823 1 1 7812
i 365 6 6 31250
i 379 5 5 7812
i 10143 80 80 7812
i 1432 1 1 7812
i 1185 1 1 7812
i 890 36 36 31250
i 565 18 18 31250
i 554 250 250 15625
end
npc 795 # Locust rider (lvl 106)
g 526 1 1
g 526 1 1
t 1 main
i 564 35 35 15625
i 4699 150 150 15625
i 892 18 18 15625
i 199 1 1 39062
i 201 1 1 29326
i 203 1 1 21978
i 205 1 1 17094
i 207 1 1 13423
i 209 1 1 9766
i 211 1 1 7326
i 1199 1 1 23438
i 213 1 1 6105
i 215 1 1 4883
i 2485 1 1 3662
i 217 1 1 3662
i 5296 1 1 3111
i 5297 1 1 2119
i 5281 1 1 2053
i 5106 1 1 1457
i 5298 1 1 1457
i 5280 1 1 1390
i 1391 3 3 15625
i 22873 1 1 993
i 5299 1 1 993
i 5300 1 1 662
i 5301 1 1 463
i 5302 1 1 331
i 22879 3 3 265
i 5303 1 1 199
i 5304 1 1 132
i 377 15 15 54688
i 449 14 14 15625
i 1213 1 1 15625
i 453 32 32 46875
i 9735 6 6 15625
i 2359 22 22 15625
i 363 24 24 31250
i 1623 4 4 23438
i 995 2000 3000 250000
i 1823 1 1 7812
i 365 6 6 31250
i 379 5 5 7812
i 10143 80 80 7812
i 1432 1 1 7812
i 1185 1 1 7812
i 890 36 36 31250
i 565 18 18 31250
i 554 250 250 15625
end
npc 796 # Locust rider (lvl 98)
g 526 1 1
g 526 1 1
t 1 main
i 564 35 35 15625
i 4699 150 150 15625
i 892 18 18 15625
i 199 1 1 39062
i 201 1 1 29326
i 203 1 1 21978
i 205 1 1 17094
i 207 1 1 13423
i 209 1 1 9766
i 211 1 1 7326
i 1199 1 1 23438
i 213 1 1 6105
i 215 1 1 4883
i 2485 1 1 3662
i 217 1 1 3662
i 5296 1 1 3111
i 5297 1 1 2119
i 5281 1 1 2053
i 5106 1 1 1457
i 5298 1 1 1457
i 5280 1 1 1390
i 1391 3 3 15625
i 22873 1 1 993
i 5299 1 1 993
i 5300 1 1 662
i 5301 1 1 463
i 5302 1 1 331
i 22879 3 3 265
i 5303 1 1 199
i 5304 1 1 132
i 377 15 15 54688
i 449 14 14 15625
i 1213 1 1 15625
i 453 32 32 46875
i 9735 6 6 15625
i 2359 22 22 15625
i 363 24 24 31250
i 1623 4 4 23438
i 995 2000 3000 250000
i 1823 1 1 7812
i 365 6 6 31250
i 379 5 5 7812
i 10143 80 80 7812
i 1432 1 1 7812
i 1185 1 1 7812
i 890 36 36 31250
i 565 18 18 31250
i 554 250 250 15625
end
npc 797 # Giant Scarab (lvl 191)
g 10581 1 1
end
npc 799 # Scarab Mage (lvl 66)
g 526 1 1
t 1 main
i 564 35 35 15625
i 4699 150 150 15625
i 892 18 18 15625
i 199 1 1 39062
i 201 1 1 29326
i 203 1 1 21978
i 205 1 1 17094
i 207 1 1 13423
i 209 1 1 9766
i 211 1 1 7326
i 1199 1 1 23438
i 213 1 1 6105
i 215 1 1 4883
i 2485 1 1 3662
i 217 1 1 3662
i 5296 1 1 3111
i 5297 1 1 2119
i 5281 1 1 2053
i 5106 1 1 1457
i 5298 1 1 1457
i 5280 1 1 1390
i 1391 3 3 15625
i 22873 1 1 993
i 5299 1 1 993
i 5300 1 1 662
i 5301 1 1 463
i 5302 1 1 331
i 22879 3 3 265
i 5303 1 1 199
i 5304 1 1 132
i 377 15 15 54688
i 449 14 14 15625
i 1213 1 1 15625
i 453 32 32 46875
i 9735 6 6 15625
i 2359 22 22 15625
i 363 24 24 31250
i 1623 4 4 23438
i 995 2000 3000 250000
i 1823 1 1 7812
i 365 6 6 31250
i 379 5 5 7812
i 10143 80 80 7812
i 1432 1 1 7812
i 1185 1 1 7812
i 890 36 36 31250
i 565 18 18 31250
i 554 250 250 15625
end
npc 800 # Locust rider (lvl 68)
g 526 1 1
g 526 1 1
t 1 main
i 564 35 35 15625
i 4699 150 150 15625
i 892 18 18 15625
i 199 1 1 39062
i 201 1 1 29326
i 203 1 1 21978
i 205 1 1 17094
i 207 1 1 13423
i 209 1 1 9766
i 211 1 1 7326
i 1199 1 1 23438
i 213 1 1 6105
i 215 1 1 4883
i 2485 1 1 3662
i 217 1 1 3662
i 5296 1 1 3111
i 5297 1 1 2119
i 5281 1 1 2053
i 5106 1 1 1457
i 5298 1 1 1457
i 5280 1 1 1390
i 1391 3 3 15625
i 22873 1 1 993
i 5299 1 1 993
i 5300 1 1 662
i 5301 1 1 463
i 5302 1 1 331
i 22879 3 3 265
i 5303 1 1 199
i 5304 1 1 132
i 377 15 15 54688
i 449 14 14 15625
i 1213 1 1 15625
i 453 32 32 46875
i 9735 6 6 15625
i 2359 22 22 15625
i 363 24 24 31250
i 1623 4 4 23438
i 995 2000 3000 250000
i 1823 1 1 7812
i 365 6 6 31250
i 379 5 5 7812
i 10143 80 80 7812
i 1432 1 1 7812
i 1185 1 1 7812
i 890 36 36 31250
i 565 18 18 31250
i 554 250 250 15625
end
npc 801 # Locust rider (lvl 68)
g 526 1 1
g 526 1 1
t 1 main
i 564 35 35 15625
i 4699 150 150 15625
i 892 18 18 15625
i 199 1 1 39062
i 201 1 1 29326
i 203 1 1 21978
i 205 1 1 17094
i 207 1 1 13423
i 209 1 1 9766
i 211 1 1 7326
i 1199 1 1 23438
i 213 1 1 6105
i 215 1 1 4883
i 2485 1 1 3662
i 217 1 1 3662
i 5296 1 1 3111
i 5297 1 1 2119
i 5281 1 1 2053
i 5106 1 1 1457
i 5298 1 1 1457
i 5280 1 1 1390
i 1391 3 3 15625
i 22873 1 1 993
i 5299 1 1 993
i 5300 1 1 662
i 5301 1 1 463
i 5302 1 1 331
i 22879 3 3 265
i 5303 1 1 199
i 5304 1 1 132
i 377 15 15 54688
i 449 14 14 15625
i 1213 1 1 15625
i 453 32 32 46875
i 9735 6 6 15625
i 2359 22 22 15625
i 363 24 24 31250
i 1623 4 4 23438
i 995 2000 3000 250000
i 1823 1 1 7812
i 365 6 6 31250
i 379 5 5 7812
i 10143 80 80 7812
i 1432 1 1 7812
i 1185 1 1 7812
i 890 36 36 31250
i 565 18 18 31250
i 554 250 250 15625
end
npc 820 # Wormbrain (lvl 2)
g 1535 1 1
end
npc 852 # Icelord (lvl 51)
g 532 1 1
t 1 main
i 10976 1 1 2500
i 10977 1 1 200
end
npc 853 # Icelord (lvl 51)
g 532 1 1
t 1 main
i 10976 1 1 2500
i 10977 1 1 200
end
npc 854 # Icelord (lvl 51)
g 532 1 1
t 1 main
i 10976 1 1 2500
i 10977 1 1 200
end
npc 855 # Icelord (lvl 51)
g 532 1 1
t 1 main
i 10976 1 1 2500
i 10977 1 1 200
end
npc 866 # Zogre (lvl 44)
g 4850 1 1
g 4812 1 1
t 1 main
i 7848 1 1 250000
i 6807 1 1 200
end
npc 867 # Zogre (lvl 44)
g 4850 1 1
g 4812 1 1
t 1 main
i 7848 1 1 250000
i 6807 1 1 200
end
npc 868 # Zogre (lvl 44)
g 4850 1 1
g 4812 1 1
t 1 main
i 7848 1 1 250000
i 6807 1 1 200
end
npc 869 # Zogre (lvl 44)
g 4850 1 1
g 4812 1 1
t 1 main
i 7848 1 1 250000
i 6807 1 1 200
end
npc 870 # Zogre (lvl 44)
g 4850 1 1
g 4812 1 1
t 1 main
i 7848 1 1 250000
i 6807 1 1 200
end
npc 871 # Zogre (lvl 44)
g 4850 1 1
g 4812 1 1
t 1 main
i 7848 1 1 250000
i 6807 1 1 200
end
npc 872 # Skogre (lvl 44)
g 4812 1 1
g 4850 1 1
end
npc 873 # Zogre (lvl 44)
g 4850 1 1
g 4812 1 1
t 1 main
i 7848 1 1 250000
i 6807 1 1 200
end
npc 874 # Zogre (lvl 44)
g 4850 1 1
g 4812 1 1
t 1 main
i 7848 1 1 250000
i 6807 1 1 200
end
npc 875 # Zogre (lvl 44)
g 4850 1 1
g 4812 1 1
t 1 main
i 7848 1 1 250000
i 6807 1 1 200
end
npc 876 # Zogre (lvl 44)
g 4850 1 1
g 4812 1 1
t 1 main
i 7848 1 1 250000
i 6807 1 1 200
end
npc 877 # Zogre (lvl 44)
g 4850 1 1
g 4812 1 1
t 1 main
i 7848 1 1 250000
i 6807 1 1 200
end
npc 878 # Skogre (lvl 44)
g 4812 1 1
g 4850 1 1
end
npc 879 # Skogre (lvl 44)
g 4812 1 1
g 4850 1 1
end
npc 880 # Zombie (lvl 39)
g 526 1 1
g 526 1 1
g 526 1 1
g 526 1 1
g 526 1 1
t 1 main
i 1623 1 1 5000
i 1621 1 1 2500
i 1619 1 1 1250
i 1452 1 1 469
i 1462 1 1 469
i 1617 1 1 312
i 830 5 5 156
i 987 1 1 156
i 985 1 1 156
i 1247 1 1 10
i 2366 1 1 5
i 1249 1 1 4
i 1623 1 1 1953
i 1621 1 1 977
i 1619 1 1 488
i 1452 1 1 183
i 1462 1 1 183
i 1617 1 1 122
i 830 5 5 61
i 987 1 1 61
i 985 1 1 61
i 1247 1 1 4
i 2366 1 1 2
i 1249 1 1 1
i 884 5 5 54688
i 217 1 1 2380
i 995 10 10 148438
i 995 26 26 39062
i 995 35 35 31250
i 995 1 1 15625
i 995 18 18 7812
i 313 3 3 328125
i 11940 3 3 328125
i 313 4 4 195312
i 11940 4 4 195312
i 559 6 6 39062
i 313 7 7 23438
i 11940 7 7 23438
i 221 1 1 15625
i 590 1 1 7812
i 558 5 5 39062
i 7863 1 1 250000
i 6807 1 1 200
i 23490 1 1 798
i 21257 1 1 3322
i 556 13 13 31250
i 886 5 14 200000
i 559 7 7 100000
i 199 1 1 10000
i 201 1 1 7502
i 203 1 1 5624
i 205 1 1 4374
i 207 1 1 3438
i 209 1 1 2500
i 211 1 1 1875
i 213 1 1 1562
i 884 8 8 31250
i 215 1 1 1250
i 2485 1 1 937
i 217 1 1 937
i 995 5 84 100000
i 995 10 10 40000
i 1917 1 1 100000
i 592 1 1 40000
i 886 5 5 15625
i 6807 1 1 200
i 561 6 6 7812
i 199 1 1 48780
i 201 1 1 36630
i 203 1 1 27473
i 7863 1 1 250000
i 205 1 1 21368
i 207 1 1 16779
i 209 1 1 12210
i 211 1 1 9158
i 213 1 1 7628
i 215 1 1 6105
i 2485 1 1 4577
i 217 1 1 4577
i 995 10 10 281250
i 995 4 4 31250
i 6807 1 1 200
i 995 18 18 23438
i 995 13 13 15625
i 995 28 28 15625
i 313 5 5 289062
i 436 1 1 15625
i 7863 1 1 250000
i 6807 1 1 200
i 1420 1 1 23438
i 1203 1 1 15625
i 23490 1 1 798
i 1189 1 1 7812
i 888 1 1 23438
i 559 3 3 15625
i 556 4 4 23438
i 562 4 4 7812
i 564 2 2 7812
i 554 7 7 7812
i 199 1 1 58480
i 201 1 1 43860
i 203 1 1 33003
i 21257 1 1 3322
i 205 1 1 25641
i 207 1 1 20161
i 209 1 1 14641
i 211 1 1 10989
i 213 1 1 9158
i 215 1 1 7326
i 2485 1 1 5495
i 217 1 1 5495
i 995 10 10 312500
i 995 18 18 164062
i 995 26 26 62500
i 995 35 35 46875
i 995 1 1 15625
i 313 7 7 203125
i 590 1 1 15625
i 221 1 1 7812
i 438 1 1 7812
i 1139 1 1 31250
i 7863 1 1 250000
i 1291 1 1 7812
i 6807 1 1 200
i 1189 1 1 15625
i 1203 1 1 15625
i 1420 1 1 7812
i 564 2 2 46875
i 562 4 4 39062
i 556 3 3 23438
i 559 3 3 23438
i 554 7 7 7812
i 1349 1 1 7812
i 199 1 1 25381
i 201 1 1 19048
i 203 1 1 14286
i 205 1 1 11111
i 207 1 1 8726
i 209 1 1 6349
i 211 1 1 4760
i 213 1 1 3967
i 215 1 1 3174
i 2485 1 1 2380
end
npc 882 # Slash Bash (lvl 111)
g 4812 2 2
g 4834 3 3
g 4818 1 1
t 1 main
i 6807 1 1 200
end
npc 891 # Moss Guardian (lvl 84)
g 532 1 1
g 4205 1 1
t 1 main
i 10976 1 1 2500
i 10977 1 1 200
end
npc 911 # Agrith Naar (lvl 100)
g 25769 1 1
end
npc 924 # Skeleton (lvl 13)
t 1 main
i 199 1 1 40984
i 201 1 1 30769
i 203 1 1 23095
i 205 1 1 17953
i 207 1 1 14104
i 209 1 1 10256
i 211 1 1 7692
i 213 1 1 6410
i 215 1 1 5128
i 2485 1 1 3845
i 217 1 1 3845
i 23490 1 1 874
i 21257 1 1 3322
i 199 1 1 39062
i 201 1 1 29326
i 203 1 1 21978
i 205 1 1 17094
i 207 1 1 13423
i 209 1 1 9766
i 211 1 1 7326
i 213 1 1 6105
i 215 1 1 4883
i 2485 1 1 3662
i 217 1 1 3662
end
npc 926 # Stick (lvl 104)
g 532 1 1
t 1 main
i 1623 1 1 9766
i 1621 1 1 4883
i 1619 1 1 2441
i 1452 1 1 915
i 1462 1 1 915
i 1617 1 1 610
i 830 5 5 305
i 987 1 1 305
i 985 1 1 305
i 1247 1 1 19
i 2366 1 1 10
i 1249 1 1 7
i 557 80 80 62500
i 561 16 16 39062
i 563 4 4 23438
i 557 65 65 7812
i 557 25 25 7812
i 199 1 1 29326
i 201 1 1 21978
i 203 1 1 16474
i 205 1 1 12821
i 207 1 1 10070
i 1119 1 1 31250
i 209 1 1 7326
i 211 1 1 5495
i 213 1 1 4577
i 215 1 1 3662
i 2485 1 1 2746
i 217 1 1 2746
i 995 40 40 226562
i 995 135 135 195312
i 995 190 190 78125
i 995 20 20 31250
i 1341 1 1 23438
i 995 420 420 7812
i 453 6 6 23438
i 359 4 4 15625
i 1339 1 1 23438
i 7884 1 1 250000
i 13483 1 1 35714
i 23083 1 1 10101
i 10976 1 1 2500
i 10977 1 1 200
i 1357 1 1 15625
i 1183 1 1 7812
i 3122 1 1 7812
i 1121 1 1 7812
i 1347 1 1 7812
end
npc 927 # Pee Hat (lvl 91)
g 532 1 1
t 1 main
i 1623 1 1 9766
i 1621 1 1 4883
i 1619 1 1 2441
i 1452 1 1 915
i 1462 1 1 915
i 1617 1 1 610
i 830 5 5 305
i 987 1 1 305
i 985 1 1 305
i 1247 1 1 19
i 2366 1 1 10
i 1249 1 1 7
i 557 80 80 62500
i 561 16 16 39062
i 563 4 4 23438
i 557 65 65 7812
i 557 25 25 7812
i 199 1 1 29326
i 201 1 1 21978
i 203 1 1 16474
i 205 1 1 12821
i 207 1 1 10070
i 1119 1 1 31250
i 209 1 1 7326
i 211 1 1 5495
i 213 1 1 4577
i 215 1 1 3662
i 2485 1 1 2746
i 217 1 1 2746
i 995 40 40 226562
i 995 135 135 195312
i 995 190 190 78125
i 995 20 20 31250
i 1341 1 1 23438
i 995 420 420 7812
i 453 6 6 23438
i 359 4 4 15625
i 1339 1 1 23438
i 7884 1 1 250000
i 13483 1 1 35714
i 23083 1 1 8621
i 10976 1 1 2500
i 10977 1 1 200
i 1357 1 1 15625
i 1183 1 1 7812
i 3122 1 1 7812
i 1121 1 1 7812
i 1347 1 1 7812
end
npc 928 # Kraka (lvl 91)
g 532 1 1
t 1 main
i 1623 1 1 9766
i 1621 1 1 4883
i 1619 1 1 2441
i 1452 1 1 915
i 1462 1 1 915
i 1617 1 1 610
i 830 5 5 305
i 987 1 1 305
i 985 1 1 305
i 1247 1 1 19
i 2366 1 1 10
i 1249 1 1 7
i 557 80 80 62500
i 561 16 16 39062
i 563 4 4 23438
i 557 65 65 7812
i 557 25 25 7812
i 199 1 1 29326
i 201 1 1 21978
i 203 1 1 16474
i 205 1 1 12821
i 207 1 1 10070
i 1119 1 1 31250
i 209 1 1 7326
i 211 1 1 5495
i 213 1 1 4577
i 215 1 1 3662
i 2485 1 1 2746
i 217 1 1 2746
i 995 40 40 226562
i 995 135 135 195312
i 995 190 190 78125
i 995 20 20 31250
i 1341 1 1 23438
i 995 420 420 7812
i 453 6 6 23438
i 359 4 4 15625
i 1339 1 1 23438
i 7884 1 1 250000
i 13483 1 1 35714
i 23083 1 1 8621
i 10976 1 1 2500
i 10977 1 1 200
i 1357 1 1 15625
i 1183 1 1 7812
i 3122 1 1 7812
i 1121 1 1 7812
i 1347 1 1 7812
end
npc 931 # Thrower Troll (lvl 67)
g 532 1 1
t 1 main
i 1623 1 1 9766
i 1621 1 1 4883
i 1619 1 1 2441
i 1452 1 1 915
i 1462 1 1 915
i 1617 1 1 610
i 830 5 5 305
i 987 1 1 305
i 985 1 1 305
i 1247 1 1 19
i 2366 1 1 10
i 1249 1 1 7
i 563 2 2 23438
i 557 45 45 7812
i 557 25 25 7812
i 199 1 1 29326
i 201 1 1 21978
i 203 1 1 16474
i 205 1 1 12821
i 207 1 1 10070
i 209 1 1 7326
i 211 1 1 5495
i 1141 1 1 31250
i 213 1 1 4577
i 215 1 1 3662
i 2485 1 1 2746
i 217 1 1 2746
i 5100 1 1 19417
i 5323 1 1 18553
i 5292 1 1 17699
i 5104 1 1 13038
i 5293 1 1 12034
i 5311 1 1 11751
i 1341 1 1 23438
i 5321 1 1 8921
i 5294 1 1 7930
i 22879 1 1 5666
i 5295 1 1 5525
i 5105 1 1 4815
i 5282 1 1 4107
i 5296 1 1 3824
i 5281 1 1 2550
i 5297 1 1 2550
i 5106 1 1 1841
i 1339 1 1 23438
i 5298 1 1 1700
i 5280 1 1 1700
i 5299 1 1 1275
i 22873 1 1 1133
i 5300 1 1 708
i 5301 1 1 567
i 5302 1 1 425
i 5303 1 1 283
i 5304 1 1 142
i 995 35 35 226562
i 1145 1 1 7812
i 995 100 100 78125
i 995 8 8 54688
i 995 50 50 46875
i 995 250 250 7812
i 453 3 3 23438
i 353 3 3 15625
i 1345 1 1 7812
i 7884 1 1 250000
i 13483 1 1 22222
i 23083 1 1 3155
i 1181 1 1 7812
i 10976 1 1 2500
i 10977 1 1 200
i 557 60 60 62500
i 561 7 7 39062
end
npc 932 # Thrower Troll (lvl 67)
g 532 1 1
t 1 main
i 1623 1 1 9766
i 1621 1 1 4883
i 1619 1 1 2441
i 1452 1 1 915
i 1462 1 1 915
i 1617 1 1 610
i 830 5 5 305
i 987 1 1 305
i 985 1 1 305
i 1247 1 1 19
i 2366 1 1 10
i 1249 1 1 7
i 563 2 2 23438
i 557 45 45 7812
i 557 25 25 7812
i 199 1 1 29326
i 201 1 1 21978
i 203 1 1 16474
i 205 1 1 12821
i 207 1 1 10070
i 209 1 1 7326
i 211 1 1 5495
i 1141 1 1 31250
i 213 1 1 4577
i 215 1 1 3662
i 2485 1 1 2746
i 217 1 1 2746
i 5100 1 1 19417
i 5323 1 1 18553
i 5292 1 1 17699
i 5104 1 1 13038
i 5293 1 1 12034
i 5311 1 1 11751
i 1341 1 1 23438
i 5321 1 1 8921
i 5294 1 1 7930
i 22879 1 1 5666
i 5295 1 1 5525
i 5105 1 1 4815
i 5282 1 1 4107
i 5296 1 1 3824
i 5281 1 1 2550
i 5297 1 1 2550
i 5106 1 1 1841
i 1339 1 1 23438
i 5298 1 1 1700
i 5280 1 1 1700
i 5299 1 1 1275
i 22873 1 1 1133
i 5300 1 1 708
i 5301 1 1 567
i 5302 1 1 425
i 5303 1 1 283
i 5304 1 1 142
i 995 35 35 226562
i 1145 1 1 7812
i 995 100 100 78125
i 995 8 8 54688
i 995 50 50 46875
i 995 250 250 7812
i 453 3 3 23438
i 353 3 3 15625
i 1345 1 1 7812
i 7884 1 1 250000
i 13483 1 1 22222
i 23083 1 1 3155
i 1181 1 1 7812
i 10976 1 1 2500
i 10977 1 1 200
i 557 60 60 62500
i 561 7 7 39062
end
npc 933 # Thrower Troll (lvl 67)
g 532 1 1
t 1 main
i 1623 1 1 9766
i 1621 1 1 4883
i 1619 1 1 2441
i 1452 1 1 915
i 1462 1 1 915
i 1617 1 1 610
i 830 5 5 305
i 987 1 1 305
i 985 1 1 305
i 1247 1 1 19
i 2366 1 1 10
i 1249 1 1 7
i 563 2 2 23438
i 557 45 45 7812
i 557 25 25 7812
i 199 1 1 29326
i 201 1 1 21978
i 203 1 1 16474
i 205 1 1 12821
i 207 1 1 10070
i 209 1 1 7326
i 211 1 1 5495
i 1141 1 1 31250
i 213 1 1 4577
i 215 1 1 3662
i 2485 1 1 2746
i 217 1 1 2746
i 5100 1 1 19417
i 5323 1 1 18553
i 5292 1 1 17699
i 5104 1 1 13038
i 5293 1 1 12034
i 5311 1 1 11751
i 1341 1 1 23438
i 5321 1 1 8921
i 5294 1 1 7930
i 22879 1 1 5666
i 5295 1 1 5525
i 5105 1 1 4815
i 5282 1 1 4107
i 5296 1 1 3824
i 5281 1 1 2550
i 5297 1 1 2550
i 5106 1 1 1841
i 1339 1 1 23438
i 5298 1 1 1700
i 5280 1 1 1700
i 5299 1 1 1275
i 22873 1 1 1133
i 5300 1 1 708
i 5301 1 1 567
i 5302 1 1 425
i 5303 1 1 283
i 5304 1 1 142
i 995 35 35 226562
i 1145 1 1 7812
i 995 100 100 78125
i 995 8 8 54688
i 995 50 50 46875
i 995 250 250 7812
i 453 3 3 23438
i 353 3 3 15625
i 1345 1 1 7812
i 7884 1 1 250000
i 13483 1 1 22222
i 23083 1 1 3155
i 1181 1 1 7812
i 10976 1 1 2500
i 10977 1 1 200
i 557 60 60 62500
i 561 7 7 39062
end
npc 934 # Thrower Troll (lvl 67)
g 532 1 1
t 1 main
i 1623 1 1 9766
i 1621 1 1 4883
i 1619 1 1 2441
i 1452 1 1 915
i 1462 1 1 915
i 1617 1 1 610
i 830 5 5 305
i 987 1 1 305
i 985 1 1 305
i 1247 1 1 19
i 2366 1 1 10
i 1249 1 1 7
i 563 2 2 23438
i 557 45 45 7812
i 557 25 25 7812
i 199 1 1 29326
i 201 1 1 21978
i 203 1 1 16474
i 205 1 1 12821
i 207 1 1 10070
i 209 1 1 7326
i 211 1 1 5495
i 1141 1 1 31250
i 213 1 1 4577
i 215 1 1 3662
i 2485 1 1 2746
i 217 1 1 2746
i 5100 1 1 19417
i 5323 1 1 18553
i 5292 1 1 17699
i 5104 1 1 13038
i 5293 1 1 12034
i 5311 1 1 11751
i 1341 1 1 23438
i 5321 1 1 8921
i 5294 1 1 7930
i 22879 1 1 5666
i 5295 1 1 5525
i 5105 1 1 4815
i 5282 1 1 4107
i 5296 1 1 3824
i 5281 1 1 2550
i 5297 1 1 2550
i 5106 1 1 1841
i 1339 1 1 23438
i 5298 1 1 1700
i 5280 1 1 1700
i 5299 1 1 1275
i 22873 1 1 1133
i 5300 1 1 708
i 5301 1 1 567
i 5302 1 1 425
i 5303 1 1 283
i 5304 1 1 142
i 995 35 35 226562
i 1145 1 1 7812
i 995 100 100 78125
i 995 8 8 54688
i 995 50 50 46875
i 995 250 250 7812
i 453 3 3 23438
i 353 3 3 15625
i 1345 1 1 7812
i 7884 1 1 250000
i 13483 1 1 22222
i 23083 1 1 3155
i 1181 1 1 7812
i 10976 1 1 2500
i 10977 1 1 200
i 557 60 60 62500
i 561 7 7 39062
end
npc 935 # Thrower Troll (lvl 67)
g 532 1 1
t 1 main
i 1623 1 1 9766
i 1621 1 1 4883
i 1619 1 1 2441
i 1452 1 1 915
i 1462 1 1 915
i 1617 1 1 610
i 830 5 5 305
i 987 1 1 305
i 985 1 1 305
i 1247 1 1 19
i 2366 1 1 10
i 1249 1 1 7
i 563 2 2 23438
i 557 45 45 7812
i 557 25 25 7812
i 199 1 1 29326
i 201 1 1 21978
i 203 1 1 16474
i 205 1 1 12821
i 207 1 1 10070
i 209 1 1 7326
i 211 1 1 5495
i 1141 1 1 31250
i 213 1 1 4577
i 215 1 1 3662
i 2485 1 1 2746
i 217 1 1 2746
i 5100 1 1 19417
i 5323 1 1 18553
i 5292 1 1 17699
i 5104 1 1 13038
i 5293 1 1 12034
i 5311 1 1 11751
i 1341 1 1 23438
i 5321 1 1 8921
i 5294 1 1 7930
i 22879 1 1 5666
i 5295 1 1 5525
i 5105 1 1 4815
i 5282 1 1 4107
i 5296 1 1 3824
i 5281 1 1 2550
i 5297 1 1 2550
i 5106 1 1 1841
i 1339 1 1 23438
i 5298 1 1 1700
i 5280 1 1 1700
i 5299 1 1 1275
i 22873 1 1 1133
i 5300 1 1 708
i 5301 1 1 567
i 5302 1 1 425
i 5303 1 1 283
i 5304 1 1 142
i 995 35 35 226562
i 1145 1 1 7812
i 995 100 100 78125
i 995 8 8 54688
i 995 50 50 46875
i 995 250 250 7812
i 453 3 3 23438
i 353 3 3 15625
i 1345 1 1 7812
i 7884 1 1 250000
i 13483 1 1 22222
i 23083 1 1 3155
i 1181 1 1 7812
i 10976 1 1 2500
i 10977 1 1 200
i 557 60 60 62500
i 561 7 7 39062
end
npc 936 # Mountain troll (lvl 69)
g 532 1 1
t 1 main
i 1623 1 1 9766
i 1621 1 1 4883
i 1619 1 1 2441
i 1452 1 1 915
i 1462 1 1 915
i 1617 1 1 610
i 830 5 5 305
i 987 1 1 305
i 985 1 1 305
i 1247 1 1 19
i 2366 1 1 10
i 1249 1 1 7
i 563 2 2 23438
i 557 45 45 7812
i 557 25 25 7812
i 199 1 1 29326
i 201 1 1 21978
i 203 1 1 16474
i 205 1 1 12821
i 207 1 1 10070
i 209 1 1 7326
i 211 1 1 5495
i 1141 1 1 31250
i 213 1 1 4577
i 215 1 1 3662
i 2485 1 1 2746
i 217 1 1 2746
i 5100 1 1 19417
i 5323 1 1 18553
i 5292 1 1 17699
i 5104 1 1 13038
i 5293 1 1 12034
i 5311 1 1 11751
i 1341 1 1 23438
i 5321 1 1 8921
i 5294 1 1 7930
i 22879 1 1 5666
i 5295 1 1 5525
i 5105 1 1 4815
i 5282 1 1 4107
i 5296 1 1 3824
i 5281 1 1 2550
i 5297 1 1 2550
i 5106 1 1 1841
i 1339 1 1 23438
i 5298 1 1 1700
i 5280 1 1 1700
i 5299 1 1 1275
i 22873 1 1 1133
i 5300 1 1 708
i 5301 1 1 567
i 5302 1 1 425
i 5303 1 1 283
i 5304 1 1 142
i 995 35 35 226562
i 1145 1 1 7812
i 995 100 100 78125
i 995 8 8 54688
i 995 50 50 46875
i 995 250 250 7812
i 453 3 3 23438
i 353 3 3 15625
i 1345 1 1 7812
i 7884 1 1 250000
i 13483 1 1 22222
i 1181 1 1 7812
i 23083 1 1 3425
i 10976 1 1 2500
i 10977 1 1 200
i 557 60 60 62500
i 561 7 7 39062
end
npc 937 # Mountain troll (lvl 69)
g 532 1 1
t 1 main
i 1623 1 1 9766
i 1621 1 1 4883
i 1619 1 1 2441
i 1452 1 1 915
i 1462 1 1 915
i 1617 1 1 610
i 830 5 5 305
i 987 1 1 305
i 985 1 1 305
i 1247 1 1 19
i 2366 1 1 10
i 1249 1 1 7
i 563 2 2 23438
i 557 45 45 7812
i 557 25 25 7812
i 199 1 1 29326
i 201 1 1 21978
i 203 1 1 16474
i 205 1 1 12821
i 207 1 1 10070
i 209 1 1 7326
i 211 1 1 5495
i 1141 1 1 31250
i 213 1 1 4577
i 215 1 1 3662
i 2485 1 1 2746
i 217 1 1 2746
i 5100 1 1 19417
i 5323 1 1 18553
i 5292 1 1 17699
i 5104 1 1 13038
i 5293 1 1 12034
i 5311 1 1 11751
i 1341 1 1 23438
i 5321 1 1 8921
i 5294 1 1 7930
i 22879 1 1 5666
i 5295 1 1 5525
i 5105 1 1 4815
i 5282 1 1 4107
i 5296 1 1 3824
i 5281 1 1 2550
i 5297 1 1 2550
i 5106 1 1 1841
i 1339 1 1 23438
i 5298 1 1 1700
i 5280 1 1 1700
i 5299 1 1 1275
i 22873 1 1 1133
i 5300 1 1 708
i 5301 1 1 567
i 5302 1 1 425
i 5303 1 1 283
i 5304 1 1 142
i 995 35 35 226562
i 1145 1 1 7812
i 995 100 100 78125
i 995 8 8 54688
i 995 50 50 46875
i 995 250 250 7812
i 453 3 3 23438
i 353 3 3 15625
i 1345 1 1 7812
i 7884 1 1 250000
i 13483 1 1 22222
i 1181 1 1 7812
i 23083 1 1 3425
i 10976 1 1 2500
i 10977 1 1 200
i 557 60 60 62500
i 561 7 7 39062
end
npc 938 # Mountain troll (lvl 69)
g 532 1 1
t 1 main
i 1623 1 1 9766
i 1621 1 1 4883
i 1619 1 1 2441
i 1452 1 1 915
i 1462 1 1 915
i 1617 1 1 610
i 830 5 5 305
i 987 1 1 305
i 985 1 1 305
i 1247 1 1 19
i 2366 1 1 10
i 1249 1 1 7
i 563 2 2 23438
i 557 45 45 7812
i 557 25 25 7812
i 199 1 1 29326
i 201 1 1 21978
i 203 1 1 16474
i 205 1 1 12821
i 207 1 1 10070
i 209 1 1 7326
i 211 1 1 5495
i 1141 1 1 31250
i 213 1 1 4577
i 215 1 1 3662
i 2485 1 1 2746
i 217 1 1 2746
i 5100 1 1 19417
i 5323 1 1 18553
i 5292 1 1 17699
i 5104 1 1 13038
i 5293 1 1 12034
i 5311 1 1 11751
i 1341 1 1 23438
i 5321 1 1 8921
i 5294 1 1 7930
i 22879 1 1 5666
i 5295 1 1 5525
i 5105 1 1 4815
i 5282 1 1 4107
i 5296 1 1 3824
i 5281 1 1 2550
i 5297 1 1 2550
i 5106 1 1 1841
i 1339 1 1 23438
i 5298 1 1 1700
i 5280 1 1 1700
i 5299 1 1 1275
i 22873 1 1 1133
i 5300 1 1 708
i 5301 1 1 567
i 5302 1 1 425
i 5303 1 1 283
i 5304 1 1 142
i 995 35 35 226562
i 1145 1 1 7812
i 995 100 100 78125
i 995 8 8 54688
i 995 50 50 46875
i 995 250 250 7812
i 453 3 3 23438
i 353 3 3 15625
i 1345 1 1 7812
i 7884 1 1 250000
i 13483 1 1 22222
i 1181 1 1 7812
i 23083 1 1 3425
i 10976 1 1 2500
i 10977 1 1 200
i 557 60 60 62500
i 561 7 7 39062
end
npc 939 # Mountain troll (lvl 69)
g 532 1 1
t 1 main
i 1623 1 1 9766
i 1621 1 1 4883
i 1619 1 1 2441
i 1452 1 1 915
i 1462 1 1 915
i 1617 1 1 610
i 830 5 5 305
i 987 1 1 305
i 985 1 1 305
i 1247 1 1 19
i 2366 1 1 10
i 1249 1 1 7
i 563 2 2 23438
i 557 45 45 7812
i 557 25 25 7812
i 199 1 1 29326
i 201 1 1 21978
i 203 1 1 16474
i 205 1 1 12821
i 207 1 1 10070
i 209 1 1 7326
i 211 1 1 5495
i 1141 1 1 31250
i 213 1 1 4577
i 215 1 1 3662
i 2485 1 1 2746
i 217 1 1 2746
i 5100 1 1 19417
i 5323 1 1 18553
i 5292 1 1 17699
i 5104 1 1 13038
i 5293 1 1 12034
i 5311 1 1 11751
i 1341 1 1 23438
i 5321 1 1 8921
i 5294 1 1 7930
i 22879 1 1 5666
i 5295 1 1 5525
i 5105 1 1 4815
i 5282 1 1 4107
i 5296 1 1 3824
i 5281 1 1 2550
i 5297 1 1 2550
i 5106 1 1 1841
i 1339 1 1 23438
i 5298 1 1 1700
i 5280 1 1 1700
i 5299 1 1 1275
i 22873 1 1 1133
i 5300 1 1 708
i 5301 1 1 567
i 5302 1 1 425
i 5303 1 1 283
i 5304 1 1 142
i 995 35 35 226562
i 1145 1 1 7812
i 995 100 100 78125
i 995 8 8 54688
i 995 50 50 46875
i 995 250 250 7812
i 453 3 3 23438
i 353 3 3 15625
i 1345 1 1 7812
i 7884 1 1 250000
i 13483 1 1 22222
i 1181 1 1 7812
i 23083 1 1 3425
i 10976 1 1 2500
i 10977 1 1 200
i 557 60 60 62500
i 561 7 7 39062
end
npc 940 # Mountain troll (lvl 69)
g 532 1 1
t 1 main
i 1623 1 1 9766
i 1621 1 1 4883
i 1619 1 1 2441
i 1452 1 1 915
i 1462 1 1 915
i 1617 1 1 610
i 830 5 5 305
i 987 1 1 305
i 985 1 1 305
i 1247 1 1 19
i 2366 1 1 10
i 1249 1 1 7
i 563 2 2 23438
i 557 45 45 7812
i 557 25 25 7812
i 199 1 1 29326
i 201 1 1 21978
i 203 1 1 16474
i 205 1 1 12821
i 207 1 1 10070
i 209 1 1 7326
i 211 1 1 5495
i 1141 1 1 31250
i 213 1 1 4577
i 215 1 1 3662
i 2485 1 1 2746
i 217 1 1 2746
i 5100 1 1 19417
i 5323 1 1 18553
i 5292 1 1 17699
i 5104 1 1 13038
i 5293 1 1 12034
i 5311 1 1 11751
i 1341 1 1 23438
i 5321 1 1 8921
i 5294 1 1 7930
i 22879 1 1 5666
i 5295 1 1 5525
i 5105 1 1 4815
i 5282 1 1 4107
i 5296 1 1 3824
i 5281 1 1 2550
i 5297 1 1 2550
i 5106 1 1 1841
i 1339 1 1 23438
i 5298 1 1 1700
i 5280 1 1 1700
i 5299 1 1 1275
i 22873 1 1 1133
i 5300 1 1 708
i 5301 1 1 567
i 5302 1 1 425
i 5303 1 1 283
i 5304 1 1 142
i 995 35 35 226562
i 1145 1 1 7812
i 995 100 100 78125
i 995 8 8 54688
i 995 50 50 46875
i 995 250 250 7812
i 453 3 3 23438
i 353 3 3 15625
i 1345 1 1 7812
i 7884 1 1 250000
i 13483 1 1 22222
i 1181 1 1 7812
i 23083 1 1 3425
i 10976 1 1 2500
i 10977 1 1 200
i 557 60 60 62500
i 561 7 7 39062
end
npc 941 # Mountain troll (lvl 69)
g 532 1 1
t 1 main
i 1623 1 1 9766
i 1621 1 1 4883
i 1619 1 1 2441
i 1452 1 1 915
i 1462 1 1 915
i 1617 1 1 610
i 830 5 5 305
i 987 1 1 305
i 985 1 1 305
i 1247 1 1 19
i 2366 1 1 10
i 1249 1 1 7
i 563 2 2 23438
i 557 45 45 7812
i 557 25 25 7812
i 199 1 1 29326
i 201 1 1 21978
i 203 1 1 16474
i 205 1 1 12821
i 207 1 1 10070
i 209 1 1 7326
i 211 1 1 5495
i 1141 1 1 31250
i 213 1 1 4577
i 215 1 1 3662
i 2485 1 1 2746
i 217 1 1 2746
i 5100 1 1 19417
i 5323 1 1 18553
i 5292 1 1 17699
i 5104 1 1 13038
i 5293 1 1 12034
i 5311 1 1 11751
i 1341 1 1 23438
i 5321 1 1 8921
i 5294 1 1 7930
i 22879 1 1 5666
i 5295 1 1 5525
i 5105 1 1 4815
i 5282 1 1 4107
i 5296 1 1 3824
i 5281 1 1 2550
i 5297 1 1 2550
i 5106 1 1 1841
i 1339 1 1 23438
i 5298 1 1 1700
i 5280 1 1 1700
i 5299 1 1 1275
i 22873 1 1 1133
i 5300 1 1 708
i 5301 1 1 567
i 5302 1 1 425
i 5303 1 1 283
i 5304 1 1 142
i 995 35 35 226562
i 1145 1 1 7812
i 995 100 100 78125
i 995 8 8 54688
i 995 50 50 46875
i 995 250 250 7812
i 453 3 3 23438
i 353 3 3 15625
i 1345 1 1 7812
i 7884 1 1 250000
i 13483 1 1 22222
i 1181 1 1 7812
i 23083 1 1 3425
i 10976 1 1 2500
i 10977 1 1 200
i 557 60 60 62500
i 561 7 7 39062
end
npc 942 # Mountain troll (lvl 69)
g 532 1 1
t 1 main
i 1623 1 1 9766
i 1621 1 1 4883
i 1619 1 1 2441
i 1452 1 1 915
i 1462 1 1 915
i 1617 1 1 610
i 830 5 5 305
i 987 1 1 305
i 985 1 1 305
i 1247 1 1 19
i 2366 1 1 10
i 1249 1 1 7
i 563 2 2 23438
i 557 45 45 7812
i 557 25 25 7812
i 199 1 1 29326
i 201 1 1 21978
i 203 1 1 16474
i 205 1 1 12821
i 207 1 1 10070
i 209 1 1 7326
i 211 1 1 5495
i 1141 1 1 31250
i 213 1 1 4577
i 215 1 1 3662
i 2485 1 1 2746
i 217 1 1 2746
i 5100 1 1 19417
i 5323 1 1 18553
i 5292 1 1 17699
i 5104 1 1 13038
i 5293 1 1 12034
i 5311 1 1 11751
i 1341 1 1 23438
i 5321 1 1 8921
i 5294 1 1 7930
i 22879 1 1 5666
i 5295 1 1 5525
i 5105 1 1 4815
i 5282 1 1 4107
i 5296 1 1 3824
i 5281 1 1 2550
i 5297 1 1 2550
i 5106 1 1 1841
i 1339 1 1 23438
i 5298 1 1 1700
i 5280 1 1 1700
i 5299 1 1 1275
i 22873 1 1 1133
i 5300 1 1 708
i 5301 1 1 567
i 5302 1 1 425
i 5303 1 1 283
i 5304 1 1 142
i 995 35 35 226562
i 1145 1 1 7812
i 995 100 100 78125
i 995 8 8 54688
i 995 50 50 46875
i 995 250 250 7812
i 453 3 3 23438
i 353 3 3 15625
i 1345 1 1 7812
i 7884 1 1 250000
i 13483 1 1 22222
i 1181 1 1 7812
i 23083 1 1 3425
i 10976 1 1 2500
i 10977 1 1 200
i 557 60 60 62500
i 561 7 7 39062
end
npc 946 # Ghast (lvl 30)
g 526 1 1
t 1 main
i 1623 1 1 1953
i 1621 1 1 977
i 1619 1 1 488
i 1452 1 1 183
i 1462 1 1 183
i 1617 1 1 122
i 830 5 5 61
i 987 1 1 61
i 985 1 1 61
i 1247 1 1 4
i 2366 1 1 2
i 1249 1 1 1
i 199 1 1 64516
i 201 1 1 48309
i 203 1 1 36232
i 205 1 1 28169
i 207 1 1 22173
i 209 1 1 16103
i 211 1 1 12092
i 213 1 1 10070
i 215 1 1 8058
i 2485 1 1 6042
i 1420 1 1 23438
i 217 1 1 6042
i 995 10 10 78125
i 995 18 18 164062
i 995 26 26 62500
i 995 35 35 46875
i 995 1 1 15625
i 313 7 7 203125
i 590 1 1 15625
i 221 1 1 7812
i 438 1 1 7812
i 1203 1 1 15625
i 1189 1 1 7812
i 559 3 3 15625
i 556 4 4 23438
i 562 4 4 7812
i 564 2 2 7812
i 554 7 7 7812
end
npc 949 # Mummy (lvl 84)
g 526 1 1
end
npc 950 # Mummy (lvl 84)
g 526 1 1
end
npc 951 # Mummy (lvl 84)
g 526 1 1
end
npc 952 # Mummy (lvl 84)
g 526 1 1
end
npc 953 # Mummy (lvl 84)
g 526 1 1
end
npc 955 # Kalphite Worker (lvl 28)
t 1 main
i 1623 1 1 3906
i 1621 1 1 1953
i 1619 1 1 977
i 1452 1 1 366
i 1462 1 1 366
i 1617 1 1 244
i 830 5 5 122
i 987 1 1 122
i 985 1 1 122
i 1247 1 1 8
i 2366 1 1 4
i 1249 1 1 3
i 1279 1 1 23438
i 555 2 2 15625
i 563 2 2 23438
i 561 4 4 15625
i 199 1 1 13680
i 201 1 1 10256
i 203 1 1 7692
i 205 1 1 5981
i 207 1 1 4699
i 209 1 1 3418
i 211 1 1 2563
i 826 5 5 7812
i 213 1 1 2136
i 215 1 1 1709
i 2485 1 1 1282
i 217 1 1 1282
i 995 1 1 62500
i 995 5 5 93750
i 995 15 15 265625
i 995 28 28 93750
i 995 42 42 23438
i 995 62 62 31250
i 1207 1 1 23438
i 1823 1 1 164062
i 1295 1 1 7812
i 13489 1 1 4000
i 23083 1 1 880
i 1131 1 1 15625
i 559 6 6 15625
i 564 2 2 7812
i 562 3 3 15625
i 554 7 7 15625
end
npc 956 # Kalphite Worker (lvl 28)
t 1 main
i 1623 1 1 3906
i 1621 1 1 1953
i 1619 1 1 977
i 1452 1 1 366
i 1462 1 1 366
i 1617 1 1 244
i 830 5 5 122
i 987 1 1 122
i 985 1 1 122
i 1247 1 1 8
i 2366 1 1 4
i 1249 1 1 3
i 1279 1 1 23438
i 555 2 2 15625
i 563 2 2 23438
i 561 4 4 15625
i 199 1 1 13680
i 201 1 1 10256
i 203 1 1 7692
i 205 1 1 5981
i 207 1 1 4699
i 209 1 1 3418
i 211 1 1 2563
i 826 5 5 7812
i 213 1 1 2136
i 215 1 1 1709
i 2485 1 1 1282
i 217 1 1 1282
i 995 1 1 62500
i 995 5 5 93750
i 995 15 15 265625
i 995 28 28 93750
i 995 42 42 23438
i 995 62 62 31250
i 1207 1 1 23438
i 1823 1 1 164062
i 1295 1 1 7812
i 13489 1 1 4000
i 23083 1 1 880
i 1131 1 1 15625
i 559 6 6 15625
i 564 2 2 7812
i 562 3 3 15625
i 554 7 7 15625
end
npc 957 # Kalphite Soldier (lvl 85)
t 1 main
i 1623 1 1 7812
i 1621 1 1 3906
i 1619 1 1 1953
i 1452 1 1 732
i 1462 1 1 732
i 1617 1 1 488
i 830 5 5 244
i 987 1 1 244
i 985 1 1 244
i 1247 1 1 15
i 2366 1 1 8
i 1249 1 1 6
i 1157 1 1 31250
i 560 3 3 23438
i 561 1 1 15625
i 199 1 1 1953
i 201 1 1 1465
i 203 1 1 1099
i 205 1 1 854
i 207 1 1 671
i 209 1 1 488
i 211 1 1 366
i 213 1 1 305
i 1325 1 1 23438
i 215 1 1 244
i 2485 1 1 183
i 217 1 1 183
i 995 10 10 54688
i 995 40 40 226562
i 995 120 120 312500
i 995 200 200 78125
i 995 450 450 7812
i 1823 1 1 23438
i 1353 1 1 31250
i 1109 1 1 7812
i 13489 1 1 11111
i 23083 1 1 6897
i 1181 1 1 7812
i 1145 1 1 7812
i 554 30 30 7812
i 554 60 60 62500
i 562 12 12 39062
end
npc 958 # Kalphite Soldier (lvl 85)
t 1 main
i 1623 1 1 7812
i 1621 1 1 3906
i 1619 1 1 1953
i 1452 1 1 732
i 1462 1 1 732
i 1617 1 1 488
i 830 5 5 244
i 987 1 1 244
i 985 1 1 244
i 1247 1 1 15
i 2366 1 1 8
i 1249 1 1 6
i 1157 1 1 31250
i 560 3 3 23438
i 561 1 1 15625
i 199 1 1 1953
i 201 1 1 1465
i 203 1 1 1099
i 205 1 1 854
i 207 1 1 671
i 209 1 1 488
i 211 1 1 366
i 213 1 1 305
i 1325 1 1 23438
i 215 1 1 244
i 2485 1 1 183
i 217 1 1 183
i 995 10 10 54688
i 995 40 40 226562
i 995 120 120 312500
i 995 200 200 78125
i 995 450 450 7812
i 1823 1 1 23438
i 1353 1 1 31250
i 1109 1 1 7812
i 13489 1 1 11111
i 23083 1 1 6897
i 1181 1 1 7812
i 1145 1 1 7812
i 554 30 30 7812
i 554 60 60 62500
i 562 12 12 39062
end
npc 959 # Kalphite Guardian (lvl 141)
t 1 main
i 1285 1 1 31250
i 565 7 7 31250
i 554 37 37 7812
i 563 3 3 7812
i 199 1 1 44843
i 201 1 1 33670
i 203 1 1 25253
i 205 1 1 19646
i 207 1 1 15432
i 209 1 1 11236
i 211 1 1 8425
i 1365 1 1 23438
i 213 1 1 7018
i 215 1 1 5615
i 2485 1 1 4212
i 217 1 1 4212
i 995 132 132 312500
i 995 30 30 54688
i 995 44 44 46875
i 995 220 220 46875
i 995 460 460 7812
i 379 1 1 23438
i 1355 1 1 15625
i 133 1 1 7812
i 1211 1 1 15625
i 1197 1 1 7812
i 13489 1 1 28571
i 23083 1 1 10989
i 1147 1 1 7812
i 1113 1 1 7812
i 556 50 50 62500
i 562 10 10 54688
end
npc 960 # Kalphite Guardian (lvl 141)
t 1 main
i 1285 1 1 31250
i 565 7 7 31250
i 554 37 37 7812
i 563 3 3 7812
i 199 1 1 44843
i 201 1 1 33670
i 203 1 1 25253
i 205 1 1 19646
i 207 1 1 15432
i 209 1 1 11236
i 211 1 1 8425
i 1365 1 1 23438
i 213 1 1 7018
i 215 1 1 5615
i 2485 1 1 4212
i 217 1 1 4212
i 995 132 132 312500
i 995 30 30 54688
i 995 44 44 46875
i 995 220 220 46875
i 995 460 460 7812
i 379 1 1 23438
i 1355 1 1 15625
i 133 1 1 7812
i 1211 1 1 15625
i 1197 1 1 7812
i 13489 1 1 28571
i 23083 1 1 10989
i 1147 1 1 7812
i 1113 1 1 7812
i 556 50 50 62500
i 562 10 10 54688
end
npc 961 # Kalphite Worker (lvl 28)
t 1 main
i 1623 1 1 3906
i 1621 1 1 1953
i 1619 1 1 977
i 1452 1 1 366
i 1462 1 1 366
i 1617 1 1 244
i 830 5 5 122
i 987 1 1 122
i 985 1 1 122
i 1247 1 1 8
i 2366 1 1 4
i 1249 1 1 3
i 1279 1 1 23438
i 555 2 2 15625
i 563 2 2 23438
i 561 4 4 15625
i 199 1 1 13680
i 201 1 1 10256
i 203 1 1 7692
i 205 1 1 5981
i 207 1 1 4699
i 209 1 1 3418
i 211 1 1 2563
i 826 5 5 7812
i 213 1 1 2136
i 215 1 1 1709
i 2485 1 1 1282
i 217 1 1 1282
i 995 1 1 62500
i 995 5 5 93750
i 995 15 15 265625
i 995 28 28 93750
i 995 42 42 23438
i 995 62 62 31250
i 1207 1 1 23438
i 1823 1 1 164062
i 1295 1 1 7812
i 13489 1 1 4000
i 23083 1 1 880
i 1131 1 1 15625
i 559 6 6 15625
i 564 2 2 7812
i 562 3 3 15625
i 554 7 7 15625
end
npc 962 # Kalphite Guardian (lvl 141)
t 1 main
i 1285 1 1 31250
i 565 7 7 31250
i 554 37 37 7812
i 563 3 3 7812
i 199 1 1 44843
i 201 1 1 33670
i 203 1 1 25253
i 205 1 1 19646
i 207 1 1 15432
i 209 1 1 11236
i 211 1 1 8425
i 1365 1 1 23438
i 213 1 1 7018
i 215 1 1 5615
i 2485 1 1 4212
i 217 1 1 4212
i 995 132 132 312500
i 995 30 30 54688
i 995 44 44 46875
i 995 220 220 46875
i 995 460 460 7812
i 379 1 1 23438
i 1355 1 1 15625
i 133 1 1 7812
i 1211 1 1 15625
i 1197 1 1 7812
i 13489 1 1 28571
i 23083 1 1 10989
i 1147 1 1 7812
i 1113 1 1 7812
i 556 50 50 62500
i 562 10 10 54688
end
npc 963 # Kalphite Queen (lvl 333)
g 22671 1 1
t 1 main
i 7946 3 3 111111
i 1391 10 10 39062
i 1113 1 1 35156
i 2501 1 1 31250
i 5667 25 25 31250
i 3053 1 1 15625
i 3140 1 1 7812
i 7158 1 1 3906
i 560 150 150 46875
i 565 100 100 46875
i 888 500 500 39062
i 385 2 2 111111
i 892 250 250 23438
i 3049 25 25 15625
i 207 25 25 15625
i 3051 25 25 15625
i 219 25 25 15625
i 5304 2 2 31250
i 5321 25 25 23438
i 5288 2 2 23438
i 5289 2 2 23438
i 5316 2 2 23438
i 11936 2 2 111111
i 2363 3 3 39062
i 1783 100 100 31250
i 444 250 250 31250
i 1513 60 60 31250
i 1621 25 25 23438
i 1619 25 25 23438
i 1617 25 25 23438
i 245 60 60 78125
i 3138 100 100 62500
i 995 15000 20000 39062
i 6685 1 1 111111
i 1987 100 100 39062
i 5940 5 5 39062
i 6016 10 10 23438
i 2434 2 2 111111
i 3024 1 1 111111
i 12699 1 1 111111
i 13489 1 1 50000
i 23083 1 1 18868
i 12073 1 1 10000
i 7981 1 1 7812
i 12885 1 1 500
i 12647 1 1 333
i 169 1 1 111111
i 183 1 1 111111
end
npc 965 # Kalphite Queen (lvl 333)
g 22671 1 1
t 1 main
i 7946 3 3 111111
i 1391 10 10 39062
i 1113 1 1 35156
i 2501 1 1 31250
i 5667 25 25 31250
i 3053 1 1 15625
i 3140 1 1 7812
i 7158 1 1 3906
i 560 150 150 46875
i 565 100 100 46875
i 888 500 500 39062
i 385 2 2 111111
i 892 250 250 23438
i 3049 25 25 15625
i 207 25 25 15625
i 3051 25 25 15625
i 219 25 25 15625
i 5304 2 2 31250
i 5321 25 25 23438
i 5288 2 2 23438
i 5289 2 2 23438
i 5316 2 2 23438
i 11936 2 2 111111
i 2363 3 3 39062
i 1783 100 100 31250
i 444 250 250 31250
i 1513 60 60 31250
i 1621 25 25 23438
i 1619 25 25 23438
i 1617 25 25 23438
i 245 60 60 78125
i 3138 100 100 62500
i 995 15000 20000 39062
i 6685 1 1 111111
i 1987 100 100 39062
i 5940 5 5 39062
i 6016 10 10 23438
i 2434 2 2 111111
i 3024 1 1 111111
i 12699 1 1 111111
i 13489 1 1 50000
i 23083 1 1 18868
i 12073 1 1 10000
i 7981 1 1 7812
i 12885 1 1 500
i 12647 1 1 333
i 169 1 1 111111
i 183 1 1 111111
end
npc 970 # Dagannoth (lvl 74)
g 526 1 1
t 1 main
i 1623 1 1 1953
i 1621 1 1 977
i 1619 1 1 488
i 1452 1 1 183
i 1462 1 1 183
i 1617 1 1 122
i 830 5 5 61
i 987 1 1 61
i 985 1 1 61
i 1247 1 1 4
i 2366 1 1 2
i 1249 1 1 1
i 5281 1 1 18484
i 5106 1 1 13106
i 5298 1 1 13106
i 5280 1 1 12516
i 22873 1 1 8937
i 5299 1 1 8937
i 5300 1 1 5959
i 5301 1 1 4172
i 5302 1 1 2980
i 22879 3 3 2383
i 1239 1 1 46875
i 5303 1 1 1788
i 5304 1 1 1192
i 301 1 1 93750
i 345 3 3 31250
i 327 5 5 31250
i 311 1 1 23438
i 314 15 15 15625
i 313 50 50 15625
i 377 1 1 15625
i 359 1 1 15625
i 1237 1 1 39062
i 401 10 10 15625
i 413 1 1 7812
i 411 2 2 7812
i 995 56 56 226562
i 995 25 25 70312
i 995 44 44 62500
i 995 41 41 46875
i 405 1 1 7812
i 45 12 12 15625
i 1243 1 1 7812
i 555 15 15 31250
i 7857 1 1 250000
i 13492 1 1 25000
i 2801 1 1 7812
i 23083 1 1 4255
i 886 15 15 15625
i 828 3 3 7812
i 5296 1 1 28011
i 5297 1 1 19084
end
npc 971 # Dagannoth (lvl 74)
g 526 1 1
t 1 main
i 1623 1 1 1953
i 1621 1 1 977
i 1619 1 1 488
i 1452 1 1 183
i 1462 1 1 183
i 1617 1 1 122
i 830 5 5 61
i 987 1 1 61
i 985 1 1 61
i 1247 1 1 4
i 2366 1 1 2
i 1249 1 1 1
i 5281 1 1 18484
i 5106 1 1 13106
i 5298 1 1 13106
i 5280 1 1 12516
i 22873 1 1 8937
i 5299 1 1 8937
i 5300 1 1 5959
i 5301 1 1 4172
i 5302 1 1 2980
i 22879 3 3 2383
i 1239 1 1 46875
i 5303 1 1 1788
i 5304 1 1 1192
i 301 1 1 93750
i 345 3 3 31250
i 327 5 5 31250
i 311 1 1 23438
i 314 15 15 15625
i 313 50 50 15625
i 377 1 1 15625
i 359 1 1 15625
i 1237 1 1 39062
i 401 10 10 15625
i 413 1 1 7812
i 411 2 2 7812
i 995 56 56 226562
i 995 25 25 70312
i 995 44 44 62500
i 995 41 41 46875
i 405 1 1 7812
i 45 12 12 15625
i 1243 1 1 7812
i 555 15 15 31250
i 7857 1 1 250000
i 13492 1 1 25000
i 2801 1 1 7812
i 23083 1 1 4255
i 886 15 15 15625
i 828 3 3 7812
i 5296 1 1 28011
i 5297 1 1 19084
end
npc 972 # Dagannoth (lvl 74)
g 526 1 1
t 1 main
i 1623 1 1 1953
i 1621 1 1 977
i 1619 1 1 488
i 1452 1 1 183
i 1462 1 1 183
i 1617 1 1 122
i 830 5 5 61
i 987 1 1 61
i 985 1 1 61
i 1247 1 1 4
i 2366 1 1 2
i 1249 1 1 1
i 5281 1 1 18484
i 5106 1 1 13106
i 5298 1 1 13106
i 5280 1 1 12516
i 22873 1 1 8937
i 5299 1 1 8937
i 5300 1 1 5959
i 5301 1 1 4172
i 5302 1 1 2980
i 22879 3 3 2383
i 1239 1 1 46875
i 5303 1 1 1788
i 5304 1 1 1192
i 301 1 1 93750
i 345 3 3 31250
i 327 5 5 31250
i 311 1 1 23438
i 314 15 15 15625
i 313 50 50 15625
i 377 1 1 15625
i 359 1 1 15625
i 1237 1 1 39062
i 401 10 10 15625
i 413 1 1 7812
i 411 2 2 7812
i 995 56 56 226562
i 995 25 25 70312
i 995 44 44 62500
i 995 41 41 46875
i 405 1 1 7812
i 45 12 12 15625
i 1243 1 1 7812
i 555 15 15 31250
i 7857 1 1 250000
i 13492 1 1 25000
i 2801 1 1 7812
i 23083 1 1 4255
i 886 15 15 15625
i 828 3 3 7812
i 5296 1 1 28011
i 5297 1 1 19084
end
npc 973 # Dagannoth (lvl 92)
g 526 1 1
t 1 main
i 1623 1 1 1953
i 1621 1 1 977
i 1619 1 1 488
i 1452 1 1 183
i 1462 1 1 183
i 1617 1 1 122
i 830 5 5 61
i 987 1 1 61
i 985 1 1 61
i 1247 1 1 4
i 2366 1 1 2
i 1249 1 1 1
i 5281 1 1 18484
i 5106 1 1 13106
i 5298 1 1 13106
i 5280 1 1 12516
i 22873 1 1 8937
i 5299 1 1 8937
i 5300 1 1 5959
i 5301 1 1 4172
i 5302 1 1 2980
i 22879 3 3 2383
i 1239 1 1 46875
i 5303 1 1 1788
i 5304 1 1 1192
i 301 1 1 93750
i 345 3 3 31250
i 327 5 5 31250
i 311 1 1 23438
i 314 15 15 15625
i 313 50 50 15625
i 377 1 1 15625
i 359 1 1 15625
i 1237 1 1 39062
i 401 10 10 15625
i 413 1 1 7812
i 411 2 2 7812
i 995 56 56 226562
i 995 25 25 70312
i 995 44 44 62500
i 995 41 41 46875
i 405 1 1 7812
i 45 12 12 15625
i 1243 1 1 7812
i 555 15 15 31250
i 7857 1 1 250000
i 13492 1 1 25000
i 2801 1 1 7812
i 23083 1 1 4255
i 886 15 15 15625
i 828 3 3 7812
i 5296 1 1 28011
i 5297 1 1 19084
end
npc 974 # Dagannoth (lvl 92)
g 526 1 1
t 1 main
i 1623 1 1 1953
i 1621 1 1 977
i 1619 1 1 488
i 1452 1 1 183
i 1462 1 1 183
i 1617 1 1 122
i 830 5 5 61
i 987 1 1 61
i 985 1 1 61
i 1247 1 1 4
i 2366 1 1 2
i 1249 1 1 1
i 5281 1 1 18484
i 5106 1 1 13106
i 5298 1 1 13106
i 5280 1 1 12516
i 22873 1 1 8937
i 5299 1 1 8937
i 5300 1 1 5959
i 5301 1 1 4172
i 5302 1 1 2980
i 22879 3 3 2383
i 1239 1 1 46875
i 5303 1 1 1788
i 5304 1 1 1192
i 301 1 1 93750
i 345 3 3 31250
i 327 5 5 31250
i 311 1 1 23438
i 314 15 15 15625
i 313 50 50 15625
i 377 1 1 15625
i 359 1 1 15625
i 1237 1 1 39062
i 401 10 10 15625
i 413 1 1 7812
i 411 2 2 7812
i 995 56 56 226562
i 995 25 25 70312
i 995 44 44 62500
i 995 41 41 46875
i 405 1 1 7812
i 45 12 12 15625
i 1243 1 1 7812
i 555 15 15 31250
i 7857 1 1 250000
i 13492 1 1 25000
i 2801 1 1 7812
i 23083 1 1 4255
i 886 15 15 15625
i 828 3 3 7812
i 5296 1 1 28011
i 5297 1 1 19084
end
npc 975 # Dagannoth (lvl 92)
g 526 1 1
t 1 main
i 1623 1 1 1953
i 1621 1 1 977
i 1619 1 1 488
i 1452 1 1 183
i 1462 1 1 183
i 1617 1 1 122
i 830 5 5 61
i 987 1 1 61
i 985 1 1 61
i 1247 1 1 4
i 2366 1 1 2
i 1249 1 1 1
i 5281 1 1 18484
i 5106 1 1 13106
i 5298 1 1 13106
i 5280 1 1 12516
i 22873 1 1 8937
i 5299 1 1 8937
i 5300 1 1 5959
i 5301 1 1 4172
i 5302 1 1 2980
i 22879 3 3 2383
i 1239 1 1 46875
i 5303 1 1 1788
i 5304 1 1 1192
i 301 1 1 93750
i 345 3 3 31250
i 327 5 5 31250
i 311 1 1 23438
i 314 15 15 15625
i 313 50 50 15625
i 377 1 1 15625
i 359 1 1 15625
i 1237 1 1 39062
i 401 10 10 15625
i 413 1 1 7812
i 411 2 2 7812
i 995 56 56 226562
i 995 25 25 70312
i 995 44 44 62500
i 995 41 41 46875
i 405 1 1 7812
i 45 12 12 15625
i 1243 1 1 7812
i 555 15 15 31250
i 7857 1 1 250000
i 13492 1 1 25000
i 2801 1 1 7812
i 23083 1 1 4255
i 886 15 15 15625
i 828 3 3 7812
i 5296 1 1 28011
i 5297 1 1 19084
end
npc 979 # Dagannoth (lvl 100)
g 526 1 1
t 1 main
i 1623 1 1 1953
i 1621 1 1 977
i 1619 1 1 488
i 1452 1 1 183
i 1462 1 1 183
i 1617 1 1 122
i 830 5 5 61
i 987 1 1 61
i 985 1 1 61
i 1247 1 1 4
i 2366 1 1 2
i 1249 1 1 1
i 5281 1 1 18484
i 5106 1 1 13106
i 5298 1 1 13106
i 5280 1 1 12516
i 22873 1 1 8937
i 5299 1 1 8937
i 5300 1 1 5959
i 5301 1 1 4172
i 5302 1 1 2980
i 22879 3 3 2383
i 1239 1 1 46875
i 5303 1 1 1788
i 5304 1 1 1192
i 301 1 1 93750
i 345 3 3 31250
i 327 5 5 31250
i 311 1 1 23438
i 314 15 15 15625
i 313 50 50 15625
i 377 1 1 15625
i 359 1 1 15625
i 1237 1 1 39062
i 401 10 10 15625
i 413 1 1 7812
i 411 2 2 7812
i 995 56 56 226562
i 995 25 25 70312
i 995 44 44 62500
i 995 41 41 46875
i 405 1 1 7812
i 45 12 12 15625
i 1243 1 1 7812
i 555 15 15 31250
i 7857 1 1 250000
i 13492 1 1 25000
i 2801 1 1 7812
i 23083 1 1 4255
i 886 15 15 15625
i 828 3 3 7812
i 5296 1 1 28011
i 5297 1 1 19084
end
npc 983 # Dagannoth mother (lvl 100)
g 526 1 1
g 3849 1 1
end
npc 984 # Dagannoth mother (lvl 100)
g 526 1 1
g 3849 1 1
end
npc 985 # Dagannoth mother (lvl 100)
g 526 1 1
g 3849 1 1
end
npc 986 # Dagannoth mother (lvl 100)
g 526 1 1
g 3849 1 1
end
npc 987 # Dagannoth mother (lvl 100)
g 526 1 1
g 3849 1 1
end
npc 988 # Dagannoth mother (lvl 100)
g 526 1 1
g 3849 1 1
end
npc 991 # Sigmund (lvl 50)
g 5010 1 1
end
npc 992 # Sigmund (lvl 50)
g 5010 1 1
end
npc 993 # Sigmund (lvl 50)
g 5010 1 1
end
npc 994 # Sigmund (lvl 50)
g 5010 1 1
end
npc 995 # Guard (lvl 22)
g 526 1 1
g 995 30 30
t 1 main
i 561 1 1 7812
i 886 5 5 7812
i 5318 4 4 52632
i 5319 4 4 40000
i 5324 4 4 26316
i 5322 3 3 12987
i 5320 3 3 6452
i 5323 2 2 3215
i 5321 2 2 1536
i 22879 2 2 1116
i 9140 2 12 78125
i 995 1 1 148438
i 995 7 7 125000
i 995 5 5 140625
i 995 12 12 70312
i 995 4 4 62500
i 995 25 25 31250
i 995 17 17 31250
i 995 30 30 15625
i 1203 1 1 46875
i 1446 1 1 23438
i 886 1 1 31250
i 1947 1 1 7812
i 440 1 1 7812
i 2801 1 1 7812
i 882 1 1 23438
i 556 6 6 15625
i 557 3 3 15625
i 554 2 2 15625
i 565 1 1 7812
i 562 1 1 7812
end
npc 1024 # Zygomite (lvl 86)
g 592 1 1
g 592 1 1
t 1 main
i 1623 1 1 7143
i 1621 1 1 3571
i 1619 1 1 1786
i 1452 1 1 670
i 1462 1 1 670
i 1617 1 1 446
i 830 5 5 223
i 987 1 1 223
i 985 1 1 223
i 1247 1 1 14
i 2366 1 1 7
i 1249 1 1 5
i 1623 1 1 9124
i 1621 1 1 4562
i 1619 1 1 2281
i 1452 1 1 855
i 1462 1 1 855
i 1617 1 1 570
i 830 5 5 285
i 987 1 1 285
i 985 1 1 285
i 1247 1 1 18
i 2366 1 1 9
i 1249 1 1 7
i 5318 4 4 7299
i 5282 1 1 19465
i 995 24 24 21898
i 995 64 64 284672
i 995 120 120 72993
i 995 250 250 14599
i 6034 1 1 43796
i 2970 1 1 19465
i 434 1 1 51095
i 7432 1 1 19465
i 1353 1 1 21898
i 1311 1 1 21898
i 23083 1 1 5319
i 1353 1 1 21429
i 1311 1 1 42857
i 1163 1 1 7143
i 561 2 2 21429
i 557 15 15 35714
i 203 1 1 14286
i 205 1 1 7143
i 1159 1 1 7299
i 5323 4 4 78571
i 5318 4 4 7143
i 5282 1 1 28571
i 995 44 44 214286
i 995 102 102 278571
i 995 220 220 50000
i 995 460 460 14286
i 6034 1 3 42857
i 2970 1 1 28571
i 434 1 1 50000
i 561 2 2 218978
i 7432 1 1 28571
i 557 15 15 36496
i 23083 1 1 9009
i 203 1 1 14599
i 205 1 1 7299
i 5323 4 4 80292
end
npc 1025 # Necromancer (lvl 26)
g 526 1 1
t 1 main
i 561 10 15 57692
i 563 10 15 57692
i 560 4 8 38462
i 565 4 8 38462
i 995 10 50 38462
i 1379 1 1 38462
i 1438 1 1 19231
i 1444 1 1 19231
i 1440 1 1 19231
i 1442 1 1 19231
i 556 20 30 76923
i 2801 1 1 7812
i 555 20 30 76923
i 557 20 30 76923
i 554 20 30 76923
i 558 20 30 76923
i 559 20 30 76923
i 564 10 15 57692
i 562 10 15 57692
end
npc 1026 # Bandit (lvl 22)
g 526 1 1
t 1 main
i 1623 1 1 5859
i 1621 1 1 2930
i 1619 1 1 1465
i 1452 1 1 549
i 1462 1 1 549
i 1617 1 1 366
i 830 5 5 183
i 987 1 1 183
i 985 1 1 183
i 1247 1 1 11
i 2366 1 1 6
i 1249 1 1 4
i 565 2 2 7812
i 558 2 2 7812
i 561 2 2 7812
i 199 1 1 72464
i 201 1 1 54054
i 203 1 1 40650
i 205 1 1 31646
i 207 1 1 24814
i 209 1 1 18051
i 211 1 1 13550
i 1323 1 1 31250
i 213 1 1 11287
i 215 1 1 9033
i 2485 1 1 6775
i 217 1 1 6775
i 995 10 10 289062
i 995 35 35 203125
i 995 12 12 101562
i 995 53 53 78125
i 995 1 1 54688
i 995 80 80 15625
i 1177 1 1 15625
i 453 1 1 46875
i 1353 1 1 7812
i 11941 1 1 166667
i 562 6 6 23438
i 555 9 9 23438
i 556 10 10 15625
i 560 2 2 15625
i 563 3 3 15625
end
npc 1027 # Guard Bandit (lvl 22)
g 526 1 1
t 1 main
i 11941 1 1 166667
i 23490 1 1 902
i 21257 1 1 3344
end
npc 1037 # Snake (lvl 35)
g 526 1 1
t 1 main
i 7860 1 1 250000
end
npc 1039 # Albino bat (lvl 52)
g 530 1 1
end
npc 1042 # Jungle horror (lvl 70)
g 526 1 1
t 1 main
i 1623 1 1 1938
i 1621 1 1 969
i 1619 1 1 484
i 1452 1 1 182
i 1462 1 1 182
i 1617 1 1 121
i 830 5 5 61
i 987 1 1 61
i 985 1 1 61
i 1247 1 1 4
i 2366 1 1 2
i 1249 1 1 1
i 201 1 1 8718
i 203 1 1 6540
i 205 1 1 5086
i 207 1 1 3997
i 209 1 1 2907
i 211 1 1 2180
i 213 1 1 1817
i 215 1 1 1453
i 2485 1 1 1090
i 217 1 1 1090
i 1335 1 1 131783
i 5318 1 4 58140
i 5319 1 3 29070
i 5324 1 3 14535
i 5322 1 2 7267
i 5320 1 2 3634
i 5323 1 1 1817
i 5321 1 1 908
i 22879 1 1 908
i 440 1 1 209302
i 6333 3 3 69767
i 1191 1 1 38760
i 6332 1 1 23256
i 2114 2 2 62016
i 526 1 1 38760
i 532 1 1 23256
i 532 3 3 15504
i 1239 1 1 31008
i 13486 1 1 25000
i 2801 1 1 7812
i 826 5 5 15504
i 561 2 2 54264
i 561 4 4 77519
i 560 1 1 38760
i 199 1 1 11628
end
npc 1043 # Jungle horror (lvl 70)
g 526 1 1
t 1 main
i 1623 1 1 1938
i 1621 1 1 969
i 1619 1 1 484
i 1452 1 1 182
i 1462 1 1 182
i 1617 1 1 121
i 830 5 5 61
i 987 1 1 61
i 985 1 1 61
i 1247 1 1 4
i 2366 1 1 2
i 1249 1 1 1
i 201 1 1 8718
i 203 1 1 6540
i 205 1 1 5086
i 207 1 1 3997
i 209 1 1 2907
i 211 1 1 2180
i 213 1 1 1817
i 215 1 1 1453
i 2485 1 1 1090
i 217 1 1 1090
i 1335 1 1 131783
i 5318 1 4 58140
i 5319 1 3 29070
i 5324 1 3 14535
i 5322 1 2 7267
i 5320 1 2 3634
i 5323 1 1 1817
i 5321 1 1 908
i 22879 1 1 908
i 440 1 1 209302
i 6333 3 3 69767
i 1191 1 1 38760
i 6332 1 1 23256
i 2114 2 2 62016
i 526 1 1 38760
i 532 1 1 23256
i 532 3 3 15504
i 1239 1 1 31008
i 13486 1 1 25000
i 2801 1 1 7812
i 826 5 5 15504
i 561 2 2 54264
i 561 4 4 77519
i 560 1 1 38760
i 199 1 1 11628
end
npc 1044 # Jungle horror (lvl 70)
g 526 1 1
t 1 main
i 1623 1 1 1938
i 1621 1 1 969
i 1619 1 1 484
i 1452 1 1 182
i 1462 1 1 182
i 1617 1 1 121
i 830 5 5 61
i 987 1 1 61
i 985 1 1 61
i 1247 1 1 4
i 2366 1 1 2
i 1249 1 1 1
i 201 1 1 8718
i 203 1 1 6540
i 205 1 1 5086
i 207 1 1 3997
i 209 1 1 2907
i 211 1 1 2180
i 213 1 1 1817
i 215 1 1 1453
i 2485 1 1 1090
i 217 1 1 1090
i 1335 1 1 131783
i 5318 1 4 58140
i 5319 1 3 29070
i 5324 1 3 14535
i 5322 1 2 7267
i 5320 1 2 3634
i 5323 1 1 1817
i 5321 1 1 908
i 22879 1 1 908
i 440 1 1 209302
i 6333 3 3 69767
i 1191 1 1 38760
i 6332 1 1 23256
i 2114 2 2 62016
i 526 1 1 38760
i 532 1 1 23256
i 532 3 3 15504
i 1239 1 1 31008
i 13486 1 1 25000
i 2801 1 1 7812
i 826 5 5 15504
i 561 2 2 54264
i 561 4 4 77519
i 560 1 1 38760
i 199 1 1 11628
end
npc 1045 # Jungle horror (lvl 70)
g 526 1 1
t 1 main
i 1623 1 1 1938
i 1621 1 1 969
i 1619 1 1 484
i 1452 1 1 182
i 1462 1 1 182
i 1617 1 1 121
i 830 5 5 61
i 987 1 1 61
i 985 1 1 61
i 1247 1 1 4
i 2366 1 1 2
i 1249 1 1 1
i 201 1 1 8718
i 203 1 1 6540
i 205 1 1 5086
i 207 1 1 3997
i 209 1 1 2907
i 211 1 1 2180
i 213 1 1 1817
i 215 1 1 1453
i 2485 1 1 1090
i 217 1 1 1090
i 1335 1 1 131783
i 5318 1 4 58140
i 5319 1 3 29070
i 5324 1 3 14535
i 5322 1 2 7267
i 5320 1 2 3634
i 5323 1 1 1817
i 5321 1 1 908
i 22879 1 1 908
i 440 1 1 209302
i 6333 3 3 69767
i 1191 1 1 38760
i 6332 1 1 23256
i 2114 2 2 62016
i 526 1 1 38760
i 532 1 1 23256
i 532 3 3 15504
i 1239 1 1 31008
i 13486 1 1 25000
i 2801 1 1 7812
i 826 5 5 15504
i 561 2 2 54264
i 561 4 4 77519
i 560 1 1 38760
i 199 1 1 11628
end
npc 1046 # Jungle horror (lvl 70)
g 526 1 1
t 1 main
i 1623 1 1 1938
i 1621 1 1 969
i 1619 1 1 484
i 1452 1 1 182
i 1462 1 1 182
i 1617 1 1 121
i 830 5 5 61
i 987 1 1 61
i 985 1 1 61
i 1247 1 1 4
i 2366 1 1 2
i 1249 1 1 1
i 201 1 1 8718
i 203 1 1 6540
i 205 1 1 5086
i 207 1 1 3997
i 209 1 1 2907
i 211 1 1 2180
i 213 1 1 1817
i 215 1 1 1453
i 2485 1 1 1090
i 217 1 1 1090
i 1335 1 1 131783
i 5318 1 4 58140
i 5319 1 3 29070
i 5324 1 3 14535
i 5322 1 2 7267
i 5320 1 2 3634
i 5323 1 1 1817
i 5321 1 1 908
i 22879 1 1 908
i 440 1 1 209302
i 6333 3 3 69767
i 1191 1 1 38760
i 6332 1 1 23256
i 2114 2 2 62016
i 526 1 1 38760
i 532 1 1 23256
i 532 3 3 15504
i 1239 1 1 31008
i 13486 1 1 25000
i 2801 1 1 7812
i 826 5 5 15504
i 561 2 2 54264
i 561 4 4 77519
i 560 1 1 38760
i 199 1 1 11628
end
npc 1047 # Cave horror (lvl 80)
g 532 1 1
t 1 main
i 1623 1 1 9766
i 1621 1 1 4883
i 1619 1 1 2441
i 1452 1 1 915
i 1462 1 1 915
i 1617 1 1 610
i 830 5 5 305
i 987 1 1 305
i 985 1 1 305
i 1247 1 1 19
i 2366 1 1 10
i 1249 1 1 7
i 199 1 1 25381
i 201 1 1 19048
i 203 1 1 14286
i 205 1 1 11111
i 207 1 1 8726
i 209 1 1 6349
i 211 1 1 4760
i 213 1 1 3967
i 215 1 1 3174
i 2485 1 1 2380
i 1355 1 1 23438
i 217 1 1 2380
i 5296 1 1 28011
i 5297 1 1 19084
i 5281 1 1 18484
i 5106 1 1 13106
i 5298 1 1 13106
i 5280 1 1 12516
i 22873 1 1 8937
i 5299 1 1 8937
i 5300 1 1 5959
i 1213 1 1 7812
i 5301 1 1 4172
i 5302 1 1 2980
i 22879 3 3 2383
i 5303 1 1 1788
i 5304 1 1 1192
i 5318 1 4 58480
i 5319 1 3 29326
i 5324 1 3 14641
i 5322 1 2 7326
i 5320 1 2 3662
i 1161 1 1 7812
i 5323 1 1 1831
i 5321 1 1 915
i 22879 1 1 915
i 995 44 44 218750
i 995 132 132 93750
i 995 440 440 7812
i 225 1 1 54688
i 6333 4 4 54688
i 6332 2 2 23438
i 1197 1 1 7812
i 8901 1 1 1953
i 13486 1 1 33333
i 2722 1 1 7812
i 10976 1 1 2500
i 10977 1 1 200
i 561 6 6 46875
i 561 4 4 39062
i 561 3 3 7812
end
npc 1048 # Cave horror (lvl 80)
g 532 1 1
t 1 main
i 1623 1 1 9766
i 1621 1 1 4883
i 1619 1 1 2441
i 1452 1 1 915
i 1462 1 1 915
i 1617 1 1 610
i 830 5 5 305
i 987 1 1 305
i 985 1 1 305
i 1247 1 1 19
i 2366 1 1 10
i 1249 1 1 7
i 199 1 1 25381
i 201 1 1 19048
i 203 1 1 14286
i 205 1 1 11111
i 207 1 1 8726
i 209 1 1 6349
i 211 1 1 4760
i 213 1 1 3967
i 215 1 1 3174
i 2485 1 1 2380
i 1355 1 1 23438
i 217 1 1 2380
i 5296 1 1 28011
i 5297 1 1 19084
i 5281 1 1 18484
i 5106 1 1 13106
i 5298 1 1 13106
i 5280 1 1 12516
i 22873 1 1 8937
i 5299 1 1 8937
i 5300 1 1 5959
i 1213 1 1 7812
i 5301 1 1 4172
i 5302 1 1 2980
i 22879 3 3 2383
i 5303 1 1 1788
i 5304 1 1 1192
i 5318 1 4 58480
i 5319 1 3 29326
i 5324 1 3 14641
i 5322 1 2 7326
i 5320 1 2 3662
i 1161 1 1 7812
i 5323 1 1 1831
i 5321 1 1 915
i 22879 1 1 915
i 995 44 44 218750
i 995 132 132 93750
i 995 440 440 7812
i 225 1 1 54688
i 6333 4 4 54688
i 6332 2 2 23438
i 1197 1 1 7812
i 8901 1 1 1953
i 13486 1 1 33333
i 2722 1 1 7812
i 10976 1 1 2500
i 10977 1 1 200
i 561 6 6 46875
i 561 4 4 39062
i 561 3 3 7812
end
npc 1049 # Cave horror (lvl 80)
g 532 1 1
t 1 main
i 1623 1 1 9766
i 1621 1 1 4883
i 1619 1 1 2441
i 1452 1 1 915
i 1462 1 1 915
i 1617 1 1 610
i 830 5 5 305
i 987 1 1 305
i 985 1 1 305
i 1247 1 1 19
i 2366 1 1 10
i 1249 1 1 7
i 199 1 1 25381
i 201 1 1 19048
i 203 1 1 14286
i 205 1 1 11111
i 207 1 1 8726
i 209 1 1 6349
i 211 1 1 4760
i 213 1 1 3967
i 215 1 1 3174
i 2485 1 1 2380
i 1355 1 1 23438
i 217 1 1 2380
i 5296 1 1 28011
i 5297 1 1 19084
i 5281 1 1 18484
i 5106 1 1 13106
i 5298 1 1 13106
i 5280 1 1 12516
i 22873 1 1 8937
i 5299 1 1 8937
i 5300 1 1 5959
i 1213 1 1 7812
i 5301 1 1 4172
i 5302 1 1 2980
i 22879 3 3 2383
i 5303 1 1 1788
i 5304 1 1 1192
i 5318 1 4 58480
i 5319 1 3 29326
i 5324 1 3 14641
i 5322 1 2 7326
i 5320 1 2 3662
i 1161 1 1 7812
i 5323 1 1 1831
i 5321 1 1 915
i 22879 1 1 915
i 995 44 44 218750
i 995 132 132 93750
i 995 440 440 7812
i 225 1 1 54688
i 6333 4 4 54688
i 6332 2 2 23438
i 1197 1 1 7812
i 8901 1 1 1953
i 13486 1 1 33333
i 2722 1 1 7812
i 10976 1 1 2500
i 10977 1 1 200
i 561 6 6 46875
i 561 4 4 39062
i 561 3 3 7812
end
npc 1050 # Cave horror (lvl 80)
g 532 1 1
t 1 main
i 1623 1 1 9766
i 1621 1 1 4883
i 1619 1 1 2441
i 1452 1 1 915
i 1462 1 1 915
i 1617 1 1 610
i 830 5 5 305
i 987 1 1 305
i 985 1 1 305
i 1247 1 1 19
i 2366 1 1 10
i 1249 1 1 7
i 199 1 1 25381
i 201 1 1 19048
i 203 1 1 14286
i 205 1 1 11111
i 207 1 1 8726
i 209 1 1 6349
i 211 1 1 4760
i 213 1 1 3967
i 215 1 1 3174
i 2485 1 1 2380
i 1355 1 1 23438
i 217 1 1 2380
i 5296 1 1 28011
i 5297 1 1 19084
i 5281 1 1 18484
i 5106 1 1 13106
i 5298 1 1 13106
i 5280 1 1 12516
i 22873 1 1 8937
i 5299 1 1 8937
i 5300 1 1 5959
i 1213 1 1 7812
i 5301 1 1 4172
i 5302 1 1 2980
i 22879 3 3 2383
i 5303 1 1 1788
i 5304 1 1 1192
i 5318 1 4 58480
i 5319 1 3 29326
i 5324 1 3 14641
i 5322 1 2 7326
i 5320 1 2 3662
i 1161 1 1 7812
i 5323 1 1 1831
i 5321 1 1 915
i 22879 1 1 915
i 995 44 44 218750
i 995 132 132 93750
i 995 440 440 7812
i 225 1 1 54688
i 6333 4 4 54688
i 6332 2 2 23438
i 1197 1 1 7812
i 8901 1 1 1953
i 13486 1 1 33333
i 2722 1 1 7812
i 10976 1 1 2500
i 10977 1 1 200
i 561 6 6 46875
i 561 4 4 39062
i 561 3 3 7812
end
npc 1051 # Cave horror (lvl 80)
g 532 1 1
t 1 main
i 1623 1 1 9766
i 1621 1 1 4883
i 1619 1 1 2441
i 1452 1 1 915
i 1462 1 1 915
i 1617 1 1 610
i 830 5 5 305
i 987 1 1 305
i 985 1 1 305
i 1247 1 1 19
i 2366 1 1 10
i 1249 1 1 7
i 199 1 1 25381
i 201 1 1 19048
i 203 1 1 14286
i 205 1 1 11111
i 207 1 1 8726
i 209 1 1 6349
i 211 1 1 4760
i 213 1 1 3967
i 215 1 1 3174
i 2485 1 1 2380
i 1355 1 1 23438
i 217 1 1 2380
i 5296 1 1 28011
i 5297 1 1 19084
i 5281 1 1 18484
i 5106 1 1 13106
i 5298 1 1 13106
i 5280 1 1 12516
i 22873 1 1 8937
i 5299 1 1 8937
i 5300 1 1 5959
i 1213 1 1 7812
i 5301 1 1 4172
i 5302 1 1 2980
i 22879 3 3 2383
i 5303 1 1 1788
i 5304 1 1 1192
i 5318 1 4 58480
i 5319 1 3 29326
i 5324 1 3 14641
i 5322 1 2 7326
i 5320 1 2 3662
i 1161 1 1 7812
i 5323 1 1 1831
i 5321 1 1 915
i 22879 1 1 915
i 995 44 44 218750
i 995 132 132 93750
i 995 440 440 7812
i 225 1 1 54688
i 6333 4 4 54688
i 6332 2 2 23438
i 1197 1 1 7812
i 8901 1 1 1953
i 13486 1 1 33333
i 2722 1 1 7812
i 10976 1 1 2500
i 10977 1 1 200
i 561 6 6 46875
i 561 4 4 39062
i 561 3 3 7812
end
npc 1062 # Angry giant rat (lvl 45)
g 526 1 1
end
npc 1097 # Sea Snake Young (lvl 90)
g 532 1 1
t 1 main
i 1623 1 1 1953
i 1621 1 1 977
i 1619 1 1 488
i 1452 1 1 183
i 1462 1 1 183
i 1617 1 1 122
i 830 5 5 61
i 987 1 1 61
i 985 1 1 61
i 1247 1 1 4
i 2366 1 1 2
i 1249 1 1 1
i 201 1 1 7326
i 203 1 1 5495
i 205 1 1 4272
i 207 1 1 3357
i 209 1 1 2441
i 211 1 1 1831
i 213 1 1 1526
i 215 1 1 1221
i 2485 1 1 915
i 217 1 1 915
i 555 15 15 15625
i 5100 1 1 14306
i 5323 1 1 13680
i 5292 1 1 13038
i 5104 1 1 9606
i 5293 1 1 8873
i 5311 1 1 8666
i 5321 1 1 6575
i 5294 1 1 5845
i 22879 1 1 4175
i 5295 1 1 4070
i 4695 1 1 15625
i 5105 1 1 3549
i 5282 1 1 3027
i 5296 1 1 2818
i 5281 1 1 1879
i 5297 1 1 1879
i 5106 1 1 1357
i 5298 1 1 1252
i 5280 1 1 1252
i 5299 1 1 939
i 22873 1 1 835
i 4160 4 4 15625
i 5300 1 1 522
i 5301 1 1 417
i 5302 1 1 313
i 5303 1 1 209
i 5304 1 1 104
i 823 2 2 78125
i 313 50 50 31250
i 46 3 3 31250
i 571 1 1 23438
i 363 2 2 31250
i 995 44 44 468750
i 377 1 1 15625
i 401 5 5 15625
i 403 5 5 15625
i 411 2 2 7812
i 413 1 1 7812
i 405 1 1 7812
i 995 32 32 85938
i 2801 1 1 7812
i 10976 1 1 2500
i 10977 1 1 200
i 995 24 24 70312
i 995 23 23 54688
i 199 1 1 9766
end
npc 1098 # Sea Snake Hatchling (lvl 62)
g 526 1 1
t 1 main
i 1623 1 1 1953
i 1621 1 1 977
i 1619 1 1 488
i 1452 1 1 183
i 1462 1 1 183
i 1617 1 1 122
i 830 5 5 61
i 987 1 1 61
i 985 1 1 61
i 1247 1 1 4
i 2366 1 1 2
i 1249 1 1 1
i 313 50 50 31250
i 46 3 3 31250
i 571 1 1 23438
i 363 2 2 31250
i 377 1 1 15625
i 401 5 5 15625
i 403 5 5 15625
i 411 2 2 7812
i 413 1 1 7812
i 405 1 1 7812
i 555 15 15 15625
i 4695 1 1 15625
i 2801 1 1 7812
i 4160 4 4 15625
i 995 44 44 468750
i 995 32 32 85938
i 995 24 24 70312
i 995 23 23 54688
i 823 2 2 78125
end
npc 1101 # Giant Sea Snake (lvl 149)
g 532 1 1
g 7959 1 1
t 1 main
i 1623 1 1 1953
i 1621 1 1 977
i 1619 1 1 488
i 1452 1 1 183
i 1462 1 1 183
i 1617 1 1 122
i 830 5 5 61
i 987 1 1 61
i 985 1 1 61
i 1247 1 1 4
i 2366 1 1 2
i 1249 1 1 1
i 209 1 1 2441
i 211 1 1 1831
i 213 1 1 1526
i 215 1 1 1221
i 2485 1 1 915
i 217 1 1 915
i 5100 1 1 14306
i 5323 1 1 13680
i 5292 1 1 13038
i 5104 1 1 9606
i 555 15 15 15625
i 5293 1 1 8873
i 5311 1 1 8666
i 5321 1 1 6575
i 5294 1 1 5845
i 22879 1 1 4175
i 5295 1 1 4070
i 5105 1 1 3549
i 5282 1 1 3027
i 5296 1 1 2818
i 5281 1 1 1879
i 4695 1 1 15625
i 5297 1 1 1879
i 5106 1 1 1357
i 5298 1 1 1252
i 5280 1 1 1252
i 5299 1 1 939
i 22873 1 1 835
i 5300 1 1 522
i 5301 1 1 417
i 5302 1 1 313
i 5303 1 1 209
i 4160 4 4 15625
i 5304 1 1 104
i 995 44 44 320312
i 995 32 32 85938
i 995 24 24 70312
i 995 23 23 54688
i 823 2 2 78125
i 313 50 50 31250
i 46 3 3 31250
i 571 1 1 23438
i 363 2 2 31250
i 199 1 1 9766
i 377 1 1 15625
i 401 5 5 15625
i 403 5 5 15625
i 405 1 1 15625
i 411 2 2 7812
i 413 1 1 7812
i 201 1 1 7326
i 2801 1 1 7812
i 10976 1 1 2500
i 203 1 1 5495
i 10977 1 1 200
i 205 1 1 4272
i 207 1 1 3357
end
npc 1127 # Giant Scarab (hard) (lvl 316)
g 10581 1 1
end
npc 1128 # Dessous (hard) (lvl 217)
g 3325 1 1
end
npc 1129 # Kamil (hard) (lvl 273)
g 1897 1 2
g 3024 1 1
end
npc 1134 # Damis (hard) (lvl 200)
g 4673 1 1
end
npc 1135 # Damis (hard) (lvl 272)
g 4673 1 1
end
npc 1144 # Paladin (lvl 59)
g 526 1 1
g 995 80 80
g 562 2 2
t 1 main
i 1623 1 1 3906
i 1621 1 1 1953
i 1619 1 1 977
i 1452 1 1 366
i 1462 1 1 366
i 1617 1 1 244
i 830 5 5 122
i 987 1 1 122
i 985 1 1 122
i 1247 1 1 8
i 2366 1 1 4
i 1249 1 1 3
i 199 1 1 15625
i 201 1 1 11723
i 203 1 1 8787
i 205 1 1 6835
i 207 1 1 5371
i 209 1 1 3906
i 211 1 1 2930
i 213 1 1 2441
i 215 1 1 1953
i 2485 1 1 1465
i 1281 1 1 15625
i 217 1 1 1465
i 995 48 48 312500
i 995 15 15 148438
i 995 2 2 125000
i 995 8 8 78125
i 995 120 120 15625
i 1295 1 1 7812
i 2801 1 1 7812
i 1157 1 1 7812
i 555 30 30 101562
i 565 1 1 7812
i 2351 1 1 70312
i 2359 1 1 7812
i 2353 1 1 7812
end
npc 1147 # Guard (lvl 22)
g 526 1 1
g 995 30 30
t 1 main
i 561 1 1 7812
i 886 5 5 7812
i 5318 4 4 52632
i 5319 4 4 40000
i 5324 4 4 26316
i 5322 3 3 12987
i 5320 3 3 6452
i 5323 2 2 3215
i 5321 2 2 1536
i 22879 2 2 1116
i 9140 2 12 78125
i 995 1 1 148438
i 995 7 7 125000
i 995 5 5 140625
i 995 12 12 70312
i 995 4 4 62500
i 995 25 25 31250
i 995 17 17 31250
i 995 30 30 15625
i 1203 1 1 46875
i 1446 1 1 23438
i 886 1 1 31250
i 1947 1 1 7812
i 440 1 1 7812
i 2801 1 1 7812
i 882 1 1 23438
i 556 6 6 15625
i 557 3 3 15625
i 554 2 2 15625
i 565 1 1 7812
i 562 1 1 7812
end
npc 1153 # Ogre (lvl 63)
g 532 1 1
t 1 main
i 22879 1 1 5666
i 5295 1 1 5525
i 5105 1 1 4815
i 5282 1 1 4107
i 5296 1 1 3824
i 5281 1 1 2550
i 5297 1 1 2550
i 5106 1 1 1841
i 5298 1 1 1700
i 5280 1 1 1700
i 5100 1 1 19417
i 5299 1 1 1275
i 22873 1 1 1133
i 5300 1 1 708
i 5301 1 1 567
i 5302 1 1 425
i 5303 1 1 283
i 5304 1 1 142
i 11941 1 1 333333
i 7842 1 1 250000
i 13477 1 1 33333
i 5323 1 1 18553
i 11942 1 1 16667
i 10976 1 1 2500
i 10977 1 1 200
i 5292 1 1 17699
i 5104 1 1 13038
i 5293 1 1 12034
i 5311 1 1 11751
i 5321 1 1 8921
i 5294 1 1 7930
end
npc 1163 # Tree spirit (lvl 101)
t 1 main
i 1623 1 1 15625
i 1621 1 1 7812
i 1619 1 1 3906
i 1452 1 1 1465
i 1462 1 1 1465
i 1617 1 1 977
i 830 5 5 488
i 987 1 1 488
i 985 1 1 488
i 1247 1 1 31
i 2366 1 1 15
i 1249 1 1 11
i 1353 1 1 78125
i 201 1 1 21978
i 203 1 1 16474
i 205 1 1 12821
i 207 1 1 10070
i 209 1 1 7326
i 211 1 1 5495
i 213 1 1 4577
i 215 1 1 3662
i 2485 1 1 2746
i 217 1 1 2746
i 1355 1 1 156250
i 3051 1 1 46875
i 3049 1 1 46875
i 5296 1 1 21786
i 5297 1 1 14837
i 5281 1 1 14368
i 5106 1 1 10194
i 5298 1 1 10194
i 5280 1 1 9737
i 22873 1 1 6954
i 5299 1 1 6954
i 1357 1 1 62500
i 5300 1 1 4634
i 5301 1 1 3245
i 5302 1 1 2317
i 22879 3 3 1854
i 5303 1 1 1390
i 5304 1 1 927
i 946 1 1 7812
i 1359 1 1 31250
i 561 22 22 242188
i 561 10 10 15625
i 561 5 5 15625
i 561 2 2 7812
i 199 1 1 29326
end
npc 1173 # Chicken (lvl 1)
g 526 1 1
g 2138 1 1
t 1 main
i 314 5 5 500000
i 314 15 15 250000
i 23182 1 1 3333
end
npc 1174 # Chicken (lvl 1)
g 526 1 1
g 2138 1 1
t 1 main
i 314 5 5 500000
i 314 15 15 250000
i 23182 1 1 3333
end
npc 1175 # Rooster (lvl 3)
g 526 1 1
g 2138 1 1
t 1 main
i 314 5 5 500000
i 314 15 15 250000
i 23182 1 1 3333
end
npc 1208 # Khazard Guard (lvl 23)
g 526 1 1
end
npc 1211 # Khazard Guard (lvl 23)
g 526 1 1
end
npc 1224 # Bouncer (lvl 137)
g 25769 1 1
end
npc 1261 # Ram (lvl 2)
g 526 1 1
g 7818 1 1
end
npc 1262 # Ram (lvl 2)
g 526 1 1
g 7818 1 1
end
npc 1263 # Ram (lvl 2)
g 526 1 1
g 7818 1 1
end
npc 1264 # Ram (lvl 2)
g 526 1 1
g 7818 1 1
end
npc 1265 # Ram (lvl 2)
g 526 1 1
g 7818 1 1
end
npc 1267 # Vulture (lvl 31)
g 526 1 1
t 1 main
i 7911 1 1 250000
end
npc 1268 # Vulture (lvl 31)
g 526 1 1
t 1 main
i 7911 1 1 250000
end
npc 1273 # Experiment (lvl 51)
g 526 1 1
t 1 main
i 7893 1 1 250000
end
npc 1274 # Experiment (lvl 25)
g 526 1 1
t 1 main
i 7893 1 1 250000
end
npc 1275 # Experiment (lvl 25)
g 526 1 1
t 1 main
i 7893 1 1 250000
end
npc 1277 # Loar Shade (lvl 40)
g 3396 1 1
end
npc 1279 # Phrin Shadow (lvl 60)
g 3398 1 1
end
npc 1280 # Phrin Shade (lvl 60)
g 3398 1 1
end
npc 1281 # Riyl Shadow (lvl 80)
g 3400 1 1
end
npc 1282 # Riyl Shade (lvl 80)
g 3400 1 1
end
npc 1284 # Asyn Shade (lvl 100)
g 3402 1 1
end
npc 1285 # Fiyr Shadow (lvl 120)
g 3404 1 1
end
npc 1286 # Fiyr Shade (lvl 120)
g 3404 1 1
end
npc 1293 # Afflicted (lvl 37)
g 526 1 1
t 1 main
i 199 1 1 44843
i 201 1 1 33670
i 203 1 1 25253
i 205 1 1 19646
i 207 1 1 15432
i 209 1 1 11236
i 211 1 1 8425
i 213 1 1 7018
i 215 1 1 5615
i 2485 1 1 4212
i 1139 1 1 15625
i 217 1 1 4212
i 995 3 3 296875
i 995 5 5 70312
i 995 15 15 31250
i 995 25 25 7812
i 313 1 1 39062
i 436 1 1 15625
i 1440 1 1 15625
i 1965 1 1 7812
i 23182 1 1 11111
i 1203 1 1 7812
i 2677 1 1 7812
i 877 2 12 171875
i 882 7 7 23438
i 557 4 4 15625
i 554 6 6 15625
i 558 9 9 15625
i 562 2 2 7812
end
npc 1294 # Afflicted (lvl 34)
g 526 1 1
t 1 main
i 199 1 1 44843
i 201 1 1 33670
i 203 1 1 25253
i 205 1 1 19646
i 207 1 1 15432
i 209 1 1 11236
i 211 1 1 8425
i 213 1 1 7018
i 215 1 1 5615
i 2485 1 1 4212
i 1139 1 1 15625
i 217 1 1 4212
i 995 3 3 296875
i 995 5 5 70312
i 995 15 15 31250
i 995 25 25 7812
i 313 1 1 39062
i 436 1 1 15625
i 1440 1 1 15625
i 1965 1 1 7812
i 23182 1 1 11111
i 1203 1 1 7812
i 2677 1 1 7812
i 877 2 12 171875
i 882 7 7 23438
i 557 4 4 15625
i 554 6 6 15625
i 558 9 9 15625
i 562 2 2 7812
end
npc 1297 # Afflicted (lvl 32)
g 526 1 1
t 1 main
i 199 1 1 44843
i 201 1 1 33670
i 203 1 1 25253
i 205 1 1 19646
i 207 1 1 15432
i 209 1 1 11236
i 211 1 1 8425
i 213 1 1 7018
i 215 1 1 5615
i 2485 1 1 4212
i 1139 1 1 15625
i 217 1 1 4212
i 995 3 3 296875
i 995 5 5 70312
i 995 15 15 31250
i 995 25 25 7812
i 313 1 1 39062
i 436 1 1 15625
i 1440 1 1 15625
i 1965 1 1 7812
i 23182 1 1 11111
i 1203 1 1 7812
i 2677 1 1 7812
i 877 2 12 171875
i 882 7 7 23438
i 557 4 4 15625
i 554 6 6 15625
i 558 9 9 15625
i 562 2 2 7812
end
npc 1298 # Afflicted (lvl 30)
g 526 1 1
t 1 main
i 199 1 1 44843
i 201 1 1 33670
i 203 1 1 25253
i 205 1 1 19646
i 207 1 1 15432
i 209 1 1 11236
i 211 1 1 8425
i 213 1 1 7018
i 215 1 1 5615
i 2485 1 1 4212
i 1139 1 1 15625
i 217 1 1 4212
i 995 3 3 296875
i 995 5 5 70312
i 995 15 15 31250
i 995 25 25 7812
i 313 1 1 39062
i 436 1 1 15625
i 1440 1 1 15625
i 1965 1 1 7812
i 23182 1 1 11111
i 1203 1 1 7812
i 2677 1 1 7812
i 877 2 12 171875
i 882 7 7 23438
i 557 4 4 15625
i 554 6 6 15625
i 558 9 9 15625
i 562 2 2 7812
end
npc 1338 # Seagull (lvl 2)
g 526 1 1
g 526 1 1
g 314 1 1
t 1 main
i 7887 1 1 250000
end
npc 1339 # Seagull (lvl 3)
g 526 1 1
g 526 1 1
g 314 1 1
t 1 main
i 7887 1 1 250000
end
npc 1354 # Dwarf gang member (lvl 44)
g 526 1 1
end
npc 1355 # Dwarf gang member (lvl 48)
g 526 1 1
end
npc 1356 # Dwarf gang member (lvl 49)
g 526 1 1
end
npc 1362 # Slagilith (lvl 92)
g 449 1 1
g 1617 1 1
g 1619 1 1
end
npc 1365 # Fire elemental (lvl 35)
g 592 1 1
t 1 main
i 1623 1 1 3906
i 1621 1 1 1953
i 1619 1 1 977
i 1452 1 1 366
i 1462 1 1 366
i 1617 1 1 244
i 830 5 5 122
i 987 1 1 122
i 985 1 1 122
i 1247 1 1 8
i 2366 1 1 4
i 1249 1 1 3
i 201 1 1 20492
i 203 1 1 15385
i 205 1 1 11962
i 207 1 1 9398
i 209 1 1 6835
i 211 1 1 5128
i 213 1 1 4272
i 215 1 1 3418
i 2485 1 1 2563
i 217 1 1 2563
i 554 15 15 101562
i 995 12 12 281250
i 995 42 42 23438
i 1387 1 1 15625
i 561 2 2 70312
i 562 2 2 54688
i 563 1 1 46875
i 560 1 1 31250
i 554 20 20 23438
i 565 1 1 7812
i 199 1 1 27322
end
npc 1366 # Earth elemental (lvl 35)
g 1480 1 1
g 1480 1 1
g 2892 1 1
t 1 main
i 1623 1 1 3906
i 1621 1 1 1953
i 1619 1 1 977
i 1452 1 1 366
i 1462 1 1 366
i 1617 1 1 244
i 830 5 5 122
i 987 1 1 122
i 985 1 1 122
i 1247 1 1 8
i 2366 1 1 4
i 1249 1 1 3
i 201 1 1 20492
i 203 1 1 15385
i 205 1 1 11962
i 207 1 1 9398
i 209 1 1 6835
i 211 1 1 5128
i 213 1 1 4272
i 215 1 1 3418
i 2485 1 1 2563
i 217 1 1 2563
i 557 15 15 101562
i 995 12 12 281250
i 995 42 42 23438
i 1385 1 1 15625
i 561 2 2 70312
i 562 2 2 54688
i 563 1 1 46875
i 560 1 1 31250
i 557 20 20 23438
i 565 1 1 7812
i 199 1 1 27322
end
npc 1367 # Earth elemental (lvl 35)
g 1480 1 1
g 1480 1 1
g 2892 1 1
t 1 main
i 1623 1 1 3906
i 1621 1 1 1953
i 1619 1 1 977
i 1452 1 1 366
i 1462 1 1 366
i 1617 1 1 244
i 830 5 5 122
i 987 1 1 122
i 985 1 1 122
i 1247 1 1 8
i 2366 1 1 4
i 1249 1 1 3
i 201 1 1 20492
i 203 1 1 15385
i 205 1 1 11962
i 207 1 1 9398
i 209 1 1 6835
i 211 1 1 5128
i 213 1 1 4272
i 215 1 1 3418
i 2485 1 1 2563
i 217 1 1 2563
i 557 15 15 101562
i 995 12 12 281250
i 995 42 42 23438
i 1385 1 1 15625
i 561 2 2 70312
i 562 2 2 54688
i 563 1 1 46875
i 560 1 1 31250
i 557 20 20 23438
i 565 1 1 7812
i 199 1 1 27322
end
npc 1369 # Air elemental (lvl 34)
t 1 main
i 1623 1 1 3906
i 1621 1 1 1953
i 1619 1 1 977
i 1452 1 1 366
i 1462 1 1 366
i 1617 1 1 244
i 830 5 5 122
i 987 1 1 122
i 985 1 1 122
i 1247 1 1 8
i 2366 1 1 4
i 1249 1 1 3
i 556 15 15 101562
i 203 1 1 15385
i 205 1 1 11962
i 207 1 1 9398
i 209 1 1 6835
i 211 1 1 5128
i 213 1 1 4272
i 215 1 1 3418
i 2485 1 1 2563
i 217 1 1 2563
i 995 12 12 281250
i 561 2 2 70312
i 995 42 42 23438
i 1381 1 1 15625
i 562 2 2 54688
i 563 1 1 46875
i 560 1 1 31250
i 556 20 20 23438
i 565 1 1 7812
i 199 1 1 27322
i 201 1 1 20492
end
npc 1370 # Water elemental (lvl 34)
g 227 1 1
t 1 main
i 1623 1 1 3906
i 1621 1 1 1953
i 1619 1 1 977
i 1452 1 1 366
i 1462 1 1 366
i 1617 1 1 244
i 830 5 5 122
i 987 1 1 122
i 985 1 1 122
i 1247 1 1 8
i 2366 1 1 4
i 1249 1 1 3
i 201 1 1 20492
i 203 1 1 15385
i 205 1 1 11962
i 207 1 1 9398
i 209 1 1 6835
i 211 1 1 5128
i 213 1 1 4272
i 215 1 1 3418
i 2485 1 1 2563
i 217 1 1 2563
i 555 15 15 101562
i 995 12 12 281250
i 995 42 42 23438
i 1383 1 1 15625
i 561 2 2 70312
i 562 2 2 54688
i 563 1 1 46875
i 560 1 1 31250
i 555 20 20 23438
i 565 1 1 7812
i 199 1 1 27322
end
npc 1377 # The Kendal (lvl 70)
g 526 1 1
g 4502 1 1
end
npc 1378 # The Kendal (lvl 70)
g 526 1 1
g 4502 1 1
end
npc 1379 # Camp dweller (lvl 31)
g 526 1 1
end
npc 1380 # Camp dweller (lvl 31)
g 526 1 1
end
npc 1381 # Camp dweller (lvl 31)
g 526 1 1
end
npc 1382 # Camp dweller (lvl 31)
g 526 1 1
end
npc 1383 # Camp dweller (lvl 25)
g 526 1 1
end
npc 1401 # Dwarf (lvl 11)
g 526 1 1
g 526 1 1
t 1 main
i 1623 1 1 1953
i 1621 1 1 977
i 1619 1 1 488
i 1452 1 1 183
i 1462 1 1 183
i 1617 1 1 122
i 830 5 5 61
i 987 1 1 61
i 985 1 1 61
i 1247 1 1 4
i 2366 1 1 2
i 1249 1 1 1
i 995 10 10 117188
i 995 30 30 15625
i 2347 1 1 78125
i 2349 1 1 54688
i 440 1 1 31250
i 438 1 1 23438
i 436 1 1 23438
i 2351 1 1 23438
i 453 1 1 15625
i 1265 1 1 101562
i 1139 1 1 31250
i 23182 1 1 10000
i 1265 1 1 101562
i 1139 1 1 31250
i 1375 1 1 15625
i 1363 1 1 7812
i 877 2 12 54688
i 562 2 2 31250
i 561 2 2 31250
i 1375 1 1 15625
i 995 4 4 179688
i 995 10 10 93750
i 995 30 30 15625
i 2347 1 1 78125
i 2349 1 1 54688
i 440 1 1 31250
i 438 1 1 23438
i 436 1 1 23438
i 2351 1 1 23438
i 453 1 1 15625
i 1363 1 1 7812
i 877 2 12 54688
i 562 2 2 31250
i 561 2 2 31250
i 995 4 4 156250
end
npc 1402 # Dwarf (lvl 11)
g 526 1 1
g 526 1 1
t 1 main
i 1623 1 1 1953
i 1621 1 1 977
i 1619 1 1 488
i 1452 1 1 183
i 1462 1 1 183
i 1617 1 1 122
i 830 5 5 61
i 987 1 1 61
i 985 1 1 61
i 1247 1 1 4
i 2366 1 1 2
i 1249 1 1 1
i 995 10 10 117188
i 995 30 30 15625
i 2347 1 1 78125
i 2349 1 1 54688
i 440 1 1 31250
i 438 1 1 23438
i 436 1 1 23438
i 2351 1 1 23438
i 453 1 1 15625
i 1265 1 1 101562
i 1139 1 1 31250
i 23182 1 1 10000
i 1265 1 1 101562
i 1139 1 1 31250
i 1375 1 1 15625
i 1363 1 1 7812
i 877 2 12 54688
i 562 2 2 31250
i 561 2 2 31250
i 1375 1 1 15625
i 995 4 4 179688
i 995 10 10 93750
i 995 30 30 15625
i 2347 1 1 78125
i 2349 1 1 54688
i 440 1 1 31250
i 438 1 1 23438
i 436 1 1 23438
i 2351 1 1 23438
i 453 1 1 15625
i 1363 1 1 7812
i 877 2 12 54688
i 562 2 2 31250
i 561 2 2 31250
i 995 4 4 156250
end
npc 1403 # Dwarf (lvl 11)
g 526 1 1
g 526 1 1
t 1 main
i 1623 1 1 1953
i 1621 1 1 977
i 1619 1 1 488
i 1452 1 1 183
i 1462 1 1 183
i 1617 1 1 122
i 830 5 5 61
i 987 1 1 61
i 985 1 1 61
i 1247 1 1 4
i 2366 1 1 2
i 1249 1 1 1
i 995 10 10 117188
i 995 30 30 15625
i 2347 1 1 78125
i 2349 1 1 54688
i 440 1 1 31250
i 438 1 1 23438
i 436 1 1 23438
i 2351 1 1 23438
i 453 1 1 15625
i 1265 1 1 101562
i 1139 1 1 31250
i 23182 1 1 10000
i 1265 1 1 101562
i 1139 1 1 31250
i 1375 1 1 15625
i 1363 1 1 7812
i 877 2 12 54688
i 562 2 2 31250
i 561 2 2 31250
i 1375 1 1 15625
i 995 4 4 179688
i 995 10 10 93750
i 995 30 30 15625
i 2347 1 1 78125
i 2349 1 1 54688
i 440 1 1 31250
i 438 1 1 23438
i 436 1 1 23438
i 2351 1 1 23438
i 453 1 1 15625
i 1363 1 1 7812
i 877 2 12 54688
i 562 2 2 31250
i 561 2 2 31250
i 995 4 4 156250
end
npc 1404 # Dwarf (lvl 11)
g 526 1 1
g 526 1 1
t 1 main
i 1623 1 1 1953
i 1621 1 1 977
i 1619 1 1 488
i 1452 1 1 183
i 1462 1 1 183
i 1617 1 1 122
i 830 5 5 61
i 987 1 1 61
i 985 1 1 61
i 1247 1 1 4
i 2366 1 1 2
i 1249 1 1 1
i 995 10 10 117188
i 995 30 30 15625
i 2347 1 1 78125
i 2349 1 1 54688
i 440 1 1 31250
i 438 1 1 23438
i 436 1 1 23438
i 2351 1 1 23438
i 453 1 1 15625
i 1265 1 1 101562
i 1139 1 1 31250
i 23182 1 1 10000
i 1265 1 1 101562
i 1139 1 1 31250
i 1375 1 1 15625
i 1363 1 1 7812
i 877 2 12 54688
i 562 2 2 31250
i 561 2 2 31250
i 1375 1 1 15625
i 995 4 4 179688
i 995 10 10 93750
i 995 30 30 15625
i 2347 1 1 78125
i 2349 1 1 54688
i 440 1 1 31250
i 438 1 1 23438
i 436 1 1 23438
i 2351 1 1 23438
i 453 1 1 15625
i 1363 1 1 7812
i 877 2 12 54688
i 562 2 2 31250
i 561 2 2 31250
i 995 4 4 156250
end
npc 1405 # Dwarf (lvl 10)
g 526 1 1
g 526 1 1
t 1 main
i 1623 1 1 1953
i 1621 1 1 977
i 1619 1 1 488
i 1452 1 1 183
i 1462 1 1 183
i 1617 1 1 122
i 830 5 5 61
i 987 1 1 61
i 985 1 1 61
i 1247 1 1 4
i 2366 1 1 2
i 1249 1 1 1
i 995 10 10 117188
i 995 30 30 15625
i 2347 1 1 78125
i 2349 1 1 54688
i 440 1 1 31250
i 438 1 1 23438
i 436 1 1 23438
i 2351 1 1 23438
i 453 1 1 15625
i 1265 1 1 101562
i 1139 1 1 31250
i 23182 1 1 10000
i 1265 1 1 101562
i 1139 1 1 31250
i 1375 1 1 15625
i 1363 1 1 7812
i 877 2 12 54688
i 562 2 2 31250
i 561 2 2 31250
i 1375 1 1 15625
i 995 4 4 179688
i 995 10 10 93750
i 995 30 30 15625
i 2347 1 1 78125
i 2349 1 1 54688
i 440 1 1 31250
i 438 1 1 23438
i 436 1 1 23438
i 2351 1 1 23438
i 453 1 1 15625
i 1363 1 1 7812
i 877 2 12 54688
i 562 2 2 31250
i 561 2 2 31250
i 995 4 4 156250
end
npc 1406 # Dwarf (lvl 11)
g 526 1 1
g 526 1 1
t 1 main
i 1623 1 1 1953
i 1621 1 1 977
i 1619 1 1 488
i 1452 1 1 183
i 1462 1 1 183
i 1617 1 1 122
i 830 5 5 61
i 987 1 1 61
i 985 1 1 61
i 1247 1 1 4
i 2366 1 1 2
i 1249 1 1 1
i 995 10 10 117188
i 995 30 30 15625
i 2347 1 1 78125
i 2349 1 1 54688
i 440 1 1 31250
i 438 1 1 23438
i 436 1 1 23438
i 2351 1 1 23438
i 453 1 1 15625
i 1265 1 1 101562
i 1139 1 1 31250
i 23182 1 1 10000
i 1265 1 1 101562
i 1139 1 1 31250
i 1375 1 1 15625
i 1363 1 1 7812
i 877 2 12 54688
i 562 2 2 31250
i 561 2 2 31250
i 1375 1 1 15625
i 995 4 4 179688
i 995 10 10 93750
i 995 30 30 15625
i 2347 1 1 78125
i 2349 1 1 54688
i 440 1 1 31250
i 438 1 1 23438
i 436 1 1 23438
i 2351 1 1 23438
i 453 1 1 15625
i 1363 1 1 7812
i 877 2 12 54688
i 562 2 2 31250
i 561 2 2 31250
i 995 4 4 156250
end
npc 1407 # Dwarf (lvl 11)
g 526 1 1
g 526 1 1
t 1 main
i 1623 1 1 1953
i 1621 1 1 977
i 1619 1 1 488
i 1452 1 1 183
i 1462 1 1 183
i 1617 1 1 122
i 830 5 5 61
i 987 1 1 61
i 985 1 1 61
i 1247 1 1 4
i 2366 1 1 2
i 1249 1 1 1
i 995 10 10 117188
i 995 30 30 15625
i 2347 1 1 78125
i 2349 1 1 54688
i 440 1 1 31250
i 438 1 1 23438
i 436 1 1 23438
i 2351 1 1 23438
i 453 1 1 15625
i 1265 1 1 101562
i 1139 1 1 31250
i 23182 1 1 10000
i 1265 1 1 101562
i 1139 1 1 31250
i 1375 1 1 15625
i 1363 1 1 7812
i 877 2 12 54688
i 562 2 2 31250
i 561 2 2 31250
i 1375 1 1 15625
i 995 4 4 179688
i 995 10 10 93750
i 995 30 30 15625
i 2347 1 1 78125
i 2349 1 1 54688
i 440 1 1 31250
i 438 1 1 23438
i 436 1 1 23438
i 2351 1 1 23438
i 453 1 1 15625
i 1363 1 1 7812
i 877 2 12 54688
i 562 2 2 31250
i 561 2 2 31250
i 995 4 4 156250
end
npc 1408 # Dwarf (lvl 7)
g 526 1 1
g 526 1 1
t 1 main
i 1623 1 1 1953
i 1621 1 1 977
i 1619 1 1 488
i 1452 1 1 183
i 1462 1 1 183
i 1617 1 1 122
i 830 5 5 61
i 987 1 1 61
i 985 1 1 61
i 1247 1 1 4
i 2366 1 1 2
i 1249 1 1 1
i 995 10 10 117188
i 995 30 30 15625
i 2347 1 1 78125
i 2349 1 1 54688
i 440 1 1 31250
i 438 1 1 23438
i 436 1 1 23438
i 2351 1 1 23438
i 453 1 1 15625
i 1265 1 1 101562
i 1139 1 1 31250
i 23182 1 1 10000
i 1265 1 1 101562
i 1139 1 1 31250
i 1375 1 1 15625
i 1363 1 1 7812
i 877 2 12 54688
i 562 2 2 31250
i 561 2 2 31250
i 1375 1 1 15625
i 995 4 4 179688
i 995 10 10 93750
i 995 30 30 15625
i 2347 1 1 78125
i 2349 1 1 54688
i 440 1 1 31250
i 438 1 1 23438
i 436 1 1 23438
i 2351 1 1 23438
i 453 1 1 15625
i 1363 1 1 7812
i 877 2 12 54688
i 562 2 2 31250
i 561 2 2 31250
i 995 4 4 156250
end
npc 1409 # Black Guard (lvl 25)
g 526 1 1
t 1 main
i 1623 1 1 1953
i 1621 1 1 977
i 1619 1 1 488
i 1452 1 1 183
i 1462 1 1 183
i 1617 1 1 122
i 830 5 5 61
i 987 1 1 61
i 985 1 1 61
i 1247 1 1 4
i 2366 1 1 2
i 1249 1 1 1
i 995 10 10 117188
i 995 30 30 15625
i 2347 1 1 78125
i 2349 1 1 54688
i 440 1 1 31250
i 438 1 1 23438
i 436 1 1 23438
i 2351 1 1 23438
i 453 1 1 15625
i 1265 1 1 101562
i 1139 1 1 31250
i 23182 1 1 10000
i 1375 1 1 15625
i 1363 1 1 7812
i 877 2 12 54688
i 562 2 2 31250
i 561 2 2 31250
i 995 4 4 156250
end
npc 1410 # Black Guard (lvl 25)
g 526 1 1
t 1 main
i 1623 1 1 1953
i 1621 1 1 977
i 1619 1 1 488
i 1452 1 1 183
i 1462 1 1 183
i 1617 1 1 122
i 830 5 5 61
i 987 1 1 61
i 985 1 1 61
i 1247 1 1 4
i 2366 1 1 2
i 1249 1 1 1
i 995 10 10 117188
i 995 30 30 15625
i 2347 1 1 78125
i 2349 1 1 54688
i 440 1 1 31250
i 438 1 1 23438
i 436 1 1 23438
i 2351 1 1 23438
i 453 1 1 15625
i 1265 1 1 101562
i 1139 1 1 31250
i 23182 1 1 10000
i 1375 1 1 15625
i 1363 1 1 7812
i 877 2 12 54688
i 562 2 2 31250
i 561 2 2 31250
i 995 4 4 156250
end
npc 1411 # Black Guard (lvl 25)
g 526 1 1
t 1 main
i 1623 1 1 1953
i 1621 1 1 977
i 1619 1 1 488
i 1452 1 1 183
i 1462 1 1 183
i 1617 1 1 122
i 830 5 5 61
i 987 1 1 61
i 985 1 1 61
i 1247 1 1 4
i 2366 1 1 2
i 1249 1 1 1
i 995 10 10 117188
i 995 30 30 15625
i 2347 1 1 78125
i 2349 1 1 54688
i 440 1 1 31250
i 438 1 1 23438
i 436 1 1 23438
i 2351 1 1 23438
i 453 1 1 15625
i 1265 1 1 101562
i 1139 1 1 31250
i 23182 1 1 10000
i 1375 1 1 15625
i 1363 1 1 7812
i 877 2 12 54688
i 562 2 2 31250
i 561 2 2 31250
i 995 4 4 156250
end
npc 1412 # Black Guard (lvl 25)
g 526 1 1
t 1 main
i 1623 1 1 1953
i 1621 1 1 977
i 1619 1 1 488
i 1452 1 1 183
i 1462 1 1 183
i 1617 1 1 122
i 830 5 5 61
i 987 1 1 61
i 985 1 1 61
i 1247 1 1 4
i 2366 1 1 2
i 1249 1 1 1
i 995 10 10 117188
i 995 30 30 15625
i 2347 1 1 78125
i 2349 1 1 54688
i 440 1 1 31250
i 438 1 1 23438
i 436 1 1 23438
i 2351 1 1 23438
i 453 1 1 15625
i 1265 1 1 101562
i 1139 1 1 31250
i 23182 1 1 10000
i 1375 1 1 15625
i 1363 1 1 7812
i 877 2 12 54688
i 562 2 2 31250
i 561 2 2 31250
i 995 4 4 156250
end
npc 1429 # Foreman (lvl 23)
g 526 1 1
end
npc 1432 # Black demon (lvl 172)
g 25772 1 1
t 1 main
i 565 7 7 31250
i 554 37 37 7812
i 563 3 3 7812
i 199 1 1 44843
i 201 1 1 33670
i 203 1 1 25253
i 205 1 1 19646
i 207 1 1 15432
i 209 1 1 11236
i 211 1 1 8425
i 1283 1 1 31250
i 213 1 1 7018
i 215 1 1 5615
i 2485 1 1 4212
i 217 1 1 4212
i 995 132 132 312500
i 995 30 30 54688
i 995 44 44 46875
i 995 220 220 46875
i 995 460 460 7812
i 379 1 1 23438
i 1365 1 1 23438
i 2361 1 1 15625
i 133 1 1 7812
i 1361 1 1 15625
i 1197 1 1 7812
i 11941 1 1 333333
i 1147 1 1 7812
i 13501 1 1 28571
i 23083 1 1 11765
i 2722 1 1 7812
i 19677 1 1 4425
i 19679 1 1 2941
i 19681 1 1 2941
i 19683 1 1 2941
i 23490 1 1 12195
i 21257 1 1 5128
i 1113 1 1 7812
i 556 50 50 62500
i 562 10 10 54688
end
npc 1443 # Jungle Demon (lvl 195)
g 592 1 1
end
npc 1447 # Pirate (lvl 23)
g 526 1 1
g 526 1 1
t 1 main
i 1623 1 1 1953
i 1621 1 1 977
i 1619 1 1 488
i 1452 1 1 183
i 1462 1 1 183
i 1617 1 1 122
i 830 5 5 61
i 987 1 1 61
i 985 1 1 61
i 1247 1 1 4
i 2366 1 1 2
i 1249 1 1 1
i 556 10 10 15625
i 557 9 9 15625
i 554 5 5 15625
i 563 2 2 7812
i 995 4 4 226562
i 995 25 25 101562
i 995 7 7 62500
i 995 12 12 46875
i 995 35 35 31250
i 995 55 55 7812
i 9140 2 12 78125
i 1025 1 1 93750
i 1949 1 1 7812
i 2351 1 1 7812
i 1203 1 1 46875
i 11941 1 1 166667
i 1321 1 1 31250
i 1115 1 1 7812
i 562 2 2 46875
i 561 2 2 39062
i 882 9 9 23438
i 882 12 12 15625
end
npc 1448 # Thief (lvl 16)
g 526 1 1
t 1 main
i 199 1 1 44843
i 201 1 1 33670
i 203 1 1 25253
i 205 1 1 19646
i 207 1 1 15432
i 209 1 1 11236
i 211 1 1 8425
i 213 1 1 7018
i 215 1 1 5615
i 2485 1 1 4212
i 1139 1 1 15625
i 217 1 1 4212
i 995 3 3 296875
i 995 10 10 179688
i 995 5 5 70312
i 995 15 15 31250
i 995 25 25 7812
i 313 1 1 39062
i 436 1 1 15625
i 1440 1 1 15625
i 1965 1 1 7812
i 1203 1 1 7812
i 23182 1 1 11111
i 2677 1 1 7812
i 877 2 12 171875
i 882 7 7 23438
i 557 4 4 15625
i 554 6 6 15625
i 558 9 9 15625
i 562 2 2 7812
end
npc 1461 # Mugger (lvl 6)
g 526 1 1
g 526 1 1
t 1 main
i 207 1 1 8726
i 209 1 1 6349
i 211 1 1 4760
i 213 1 1 3967
i 215 1 1 3174
i 2485 1 1 2380
i 217 1 1 2380
i 995 10 10 101562
i 995 5 5 93750
i 995 15 15 23438
i 877 2 12 210938
i 995 25 25 7812
i 954 1 1 312500
i 946 1 1 7812
i 313 1 1 46875
i 436 1 1 15625
i 1139 1 1 15625
i 1965 1 1 7812
i 23182 1 1 12500
i 2677 1 1 7812
i 558 9 9 23438
i 555 6 6 15625
i 557 5 5 15625
i 199 1 1 25381
i 201 1 1 19048
i 203 1 1 14286
i 205 1 1 11111
end
npc 1475 # Chompy bird (lvl 6)
g 526 1 1
g 2876 1 1
t 1 main
i 13071 1 1 2000
end
npc 1494 # Kebbit (lvl 13)
g 526 1 1
g 10176 1 1
end
npc 1537 # Skeleton hero (lvl 149)
g 526 1 1
t 1 main
i 1623 1 1 3906
i 1621 1 1 1953
i 1619 1 1 977
i 1452 1 1 366
i 1462 1 1 366
i 1617 1 1 244
i 830 5 5 122
i 987 1 1 122
i 985 1 1 122
i 1247 1 1 8
i 2366 1 1 4
i 1249 1 1 3
i 808 10 10 7812
i 1157 1 1 7812
i 1193 1 1 7812
i 1143 1 1 7812
i 1181 1 1 7812
i 1371 1 1 7812
i 1333 1 1 7812
i 1391 1 1 7812
i 560 5 5 39062
i 565 3 3 23438
i 1191 1 1 62500
i 886 20 20 23438
i 9145 5 5 23438
i 890 5 5 15625
i 199 1 1 9766
i 201 1 1 7326
i 203 1 1 5495
i 205 1 1 4272
i 207 1 1 3357
i 209 1 1 2441
i 211 1 1 1831
i 1081 1 1 39062
i 213 1 1 1526
i 215 1 1 1221
i 2485 1 1 915
i 217 1 1 915
i 1515 1 1 93750
i 2353 3 3 39062
i 2355 3 3 39062
i 2357 1 1 39062
i 2361 1 1 15625
i 444 1 1 15625
i 11371 1 1 39062
i 995 142 142 78125
i 995 106 106 39062
i 995 106 106 15625
i 995 323 323 7812
i 11341 1 1 39062
i 11443 1 1 39062
i 9419 2 2 23438
i 1637 1 1 15625
i 1295 1 1 39062
i 2801 1 1 7812
i 857 1 1 23438
i 6806 1 1 200
i 865 10 10 23438
i 1424 1 1 15625
i 1325 1 1 15625
end
npc 1538 # Skeleton brute (lvl 132)
g 526 1 1
t 1 main
i 1623 1 1 3906
i 1621 1 1 1953
i 1619 1 1 977
i 1452 1 1 366
i 1462 1 1 366
i 1617 1 1 244
i 830 5 5 122
i 987 1 1 122
i 985 1 1 122
i 1247 1 1 8
i 2366 1 1 4
i 1249 1 1 3
i 808 10 10 7812
i 1157 1 1 7812
i 1193 1 1 7812
i 1143 1 1 7812
i 1181 1 1 7812
i 1371 1 1 7812
i 1333 1 1 7812
i 1391 1 1 7812
i 560 5 5 39062
i 565 3 3 23438
i 1191 1 1 62500
i 886 20 20 23438
i 9145 5 5 23438
i 890 5 5 15625
i 199 1 1 9766
i 201 1 1 7326
i 203 1 1 5495
i 205 1 1 4272
i 207 1 1 3357
i 209 1 1 2441
i 211 1 1 1831
i 1081 1 1 39062
i 213 1 1 1526
i 215 1 1 1221
i 2485 1 1 915
i 217 1 1 915
i 1515 1 1 93750
i 2353 3 3 39062
i 2355 3 3 39062
i 2357 1 1 39062
i 2361 1 1 15625
i 444 1 1 15625
i 11371 1 1 39062
i 995 142 142 78125
i 995 106 106 39062
i 995 106 106 15625
i 995 323 323 7812
i 11341 1 1 39062
i 11443 1 1 39062
i 9419 2 2 23438
i 1637 1 1 15625
i 1295 1 1 39062
i 2801 1 1 7812
i 857 1 1 23438
i 6806 1 1 200
i 865 10 10 23438
i 1424 1 1 15625
i 1325 1 1 15625
end
npc 1539 # Skeleton warlord (lvl 132)
g 526 1 1
t 1 main
i 1623 1 1 3906
i 1621 1 1 1953
i 1619 1 1 977
i 1452 1 1 366
i 1462 1 1 366
i 1617 1 1 244
i 830 5 5 122
i 987 1 1 122
i 985 1 1 122
i 1247 1 1 8
i 2366 1 1 4
i 1249 1 1 3
i 808 10 10 7812
i 1157 1 1 7812
i 1193 1 1 7812
i 1143 1 1 7812
i 1181 1 1 7812
i 1371 1 1 7812
i 1333 1 1 7812
i 1391 1 1 7812
i 560 5 5 39062
i 565 3 3 23438
i 1191 1 1 62500
i 886 20 20 23438
i 9145 5 5 23438
i 890 5 5 15625
i 199 1 1 9766
i 201 1 1 7326
i 203 1 1 5495
i 205 1 1 4272
i 207 1 1 3357
i 209 1 1 2441
i 211 1 1 1831
i 1081 1 1 39062
i 213 1 1 1526
i 215 1 1 1221
i 2485 1 1 915
i 217 1 1 915
i 1515 1 1 93750
i 2353 3 3 39062
i 2355 3 3 39062
i 2357 1 1 39062
i 2361 1 1 15625
i 444 1 1 15625
i 11371 1 1 39062
i 995 142 142 78125
i 995 106 106 39062
i 995 106 106 15625
i 995 323 323 7812
i 11341 1 1 39062
i 11443 1 1 39062
i 9419 2 2 23438
i 1637 1 1 15625
i 1295 1 1 39062
i 2801 1 1 7812
i 857 1 1 23438
i 6806 1 1 200
i 865 10 10 23438
i 1424 1 1 15625
i 1325 1 1 15625
end
npc 1540 # Skeleton heavy (lvl 132)
g 526 1 1
t 1 main
i 1623 1 1 3906
i 1621 1 1 1953
i 1619 1 1 977
i 1452 1 1 366
i 1462 1 1 366
i 1617 1 1 244
i 830 5 5 122
i 987 1 1 122
i 985 1 1 122
i 1247 1 1 8
i 2366 1 1 4
i 1249 1 1 3
i 808 10 10 7812
i 1157 1 1 7812
i 1193 1 1 7812
i 1143 1 1 7812
i 1181 1 1 7812
i 1371 1 1 7812
i 1333 1 1 7812
i 1391 1 1 7812
i 560 5 5 39062
i 565 3 3 23438
i 1191 1 1 62500
i 886 20 20 23438
i 9145 5 5 23438
i 890 5 5 15625
i 199 1 1 9766
i 201 1 1 7326
i 203 1 1 5495
i 205 1 1 4272
i 207 1 1 3357
i 209 1 1 2441
i 211 1 1 1831
i 1081 1 1 39062
i 213 1 1 1526
i 215 1 1 1221
i 2485 1 1 915
i 217 1 1 915
i 1515 1 1 93750
i 2353 3 3 39062
i 2355 3 3 39062
i 2357 1 1 39062
i 2361 1 1 15625
i 444 1 1 15625
i 11371 1 1 39062
i 995 142 142 78125
i 995 106 106 39062
i 995 106 106 15625
i 995 323 323 7812
i 11341 1 1 39062
i 11443 1 1 39062
i 9419 2 2 23438
i 1637 1 1 15625
i 1295 1 1 39062
i 2801 1 1 7812
i 857 1 1 23438
i 6806 1 1 200
i 865 10 10 23438
i 1424 1 1 15625
i 1325 1 1 15625
end
npc 1541 # Skeleton thug (lvl 132)
g 526 1 1
t 1 main
i 1623 1 1 3906
i 1621 1 1 1953
i 1619 1 1 977
i 1452 1 1 366
i 1462 1 1 366
i 1617 1 1 244
i 830 5 5 122
i 987 1 1 122
i 985 1 1 122
i 1247 1 1 8
i 2366 1 1 4
i 1249 1 1 3
i 808 10 10 7812
i 1157 1 1 7812
i 1193 1 1 7812
i 1143 1 1 7812
i 1181 1 1 7812
i 1371 1 1 7812
i 1333 1 1 7812
i 1391 1 1 7812
i 560 5 5 39062
i 565 3 3 23438
i 1191 1 1 62500
i 886 20 20 23438
i 9145 5 5 23438
i 890 5 5 15625
i 199 1 1 9766
i 201 1 1 7326
i 203 1 1 5495
i 205 1 1 4272
i 207 1 1 3357
i 209 1 1 2441
i 211 1 1 1831
i 1081 1 1 39062
i 213 1 1 1526
i 215 1 1 1221
i 2485 1 1 915
i 217 1 1 915
i 1515 1 1 93750
i 2353 3 3 39062
i 2355 3 3 39062
i 2357 1 1 39062
i 2361 1 1 15625
i 444 1 1 15625
i 11371 1 1 39062
i 995 142 142 78125
i 995 106 106 39062
i 995 106 106 15625
i 995 323 323 7812
i 11341 1 1 39062
i 11443 1 1 39062
i 9419 2 2 23438
i 1637 1 1 15625
i 1295 1 1 39062
i 2801 1 1 7812
i 857 1 1 23438
i 6806 1 1 200
i 865 10 10 23438
i 1424 1 1 15625
i 1325 1 1 15625
end
npc 1543 # Gargoyle (lvl 111)
t 1 main
i 1623 1 1 9766
i 1621 1 1 4883
i 1619 1 1 2441
i 1452 1 1 915
i 1462 1 1 915
i 1617 1 1 610
i 830 5 5 305
i 987 1 1 305
i 985 1 1 305
i 1247 1 1 19
i 2366 1 1 10
i 1249 1 1 7
i 4153 1 1 3906
i 562 30 30 62500
i 554 150 150 46875
i 560 15 15 39062
i 444 10 20 78125
i 7936 150 150 46875
i 2353 15 15 46875
i 2357 10 15 23438
i 2359 15 15 15625
i 451 1 1 15625
i 995 400 800 218750
i 4101 1 1 1953
i 995 500 1000 156250
i 995 10000 10000 39062
i 1073 1 1 31250
i 23083 1 1 12987
i 2722 1 1 7812
i 21724 1 1 6667
i 1163 1 1 23438
i 1319 1 1 15625
i 4129 1 1 7812
i 1373 1 1 7812
i 1079 1 1 7812
i 554 75 75 78125
end
npc 1545 # Black Knight (lvl 33)
g 526 1 1
t 1 main
i 1623 1 1 5859
i 1621 1 1 2930
i 1619 1 1 1465
i 1452 1 1 549
i 1462 1 1 549
i 1617 1 1 366
i 830 5 5 183
i 987 1 1 183
i 985 1 1 183
i 1247 1 1 11
i 2366 1 1 6
i 1249 1 1 4
i 563 3 3 15625
i 564 7 7 7812
i 558 2 2 7812
i 199 1 1 5858
i 201 1 1 4394
i 203 1 1 3296
i 205 1 1 2563
i 207 1 1 2014
i 209 1 1 1465
i 211 1 1 1099
i 1279 1 1 31250
i 213 1 1 915
i 215 1 1 732
i 2485 1 1 549
i 217 1 1 549
i 5318 4 4 52632
i 5319 4 4 40000
i 5324 4 4 26316
i 5322 3 3 12987
i 5320 3 3 6452
i 5323 2 2 3215
i 1153 1 1 15625
i 5321 2 2 1536
i 22879 2 2 1116
i 2353 1 1 46875
i 438 1 1 7812
i 1933 1 1 7812
i 995 35 35 164062
i 995 5 5 140625
i 995 6 6 85938
i 995 58 58 78125
i 995 12 12 70312
i 1424 1 1 7812
i 995 10 10 23438
i 995 80 80 15625
i 995 1 1 7812
i 995 13 13 7812
i 2309 1 1 7812
i 888 3 3 31250
i 11941 1 1 111111
i 559 9 9 23438
i 562 6 6 23438
i 557 10 10 23438
i 560 2 2 15625
end
npc 1546 # Guard (lvl 21)
g 526 1 1
g 995 30 30
t 1 main
i 561 1 1 7812
i 886 5 5 7812
i 5318 4 4 52632
i 5319 4 4 40000
i 5324 4 4 26316
i 5322 3 3 12987
i 5320 3 3 6452
i 5323 2 2 3215
i 5321 2 2 1536
i 22879 2 2 1116
i 9140 2 12 78125
i 995 1 1 148438
i 995 7 7 125000
i 995 5 5 140625
i 995 12 12 70312
i 995 4 4 62500
i 995 25 25 31250
i 995 17 17 31250
i 995 30 30 15625
i 1203 1 1 46875
i 1446 1 1 23438
i 886 1 1 31250
i 1947 1 1 7812
i 440 1 1 7812
i 2801 1 1 7812
i 882 1 1 23438
i 556 6 6 15625
i 557 3 3 15625
i 554 2 2 15625
i 565 1 1 7812
i 562 1 1 7812
end
npc 1547 # Guard (lvl 21)
g 526 1 1
g 995 30 30
t 1 main
i 561 1 1 7812
i 886 5 5 7812
i 5318 4 4 52632
i 5319 4 4 40000
i 5324 4 4 26316
i 5322 3 3 12987
i 5320 3 3 6452
i 5323 2 2 3215
i 5321 2 2 1536
i 22879 2 2 1116
i 9140 2 12 78125
i 995 1 1 148438
i 995 7 7 125000
i 995 5 5 140625
i 995 12 12 70312
i 995 4 4 62500
i 995 25 25 31250
i 995 17 17 31250
i 995 30 30 15625
i 1203 1 1 46875
i 1446 1 1 23438
i 886 1 1 31250
i 1947 1 1 7812
i 440 1 1 7812
i 2801 1 1 7812
i 882 1 1 23438
i 556 6 6 15625
i 557 3 3 15625
i 554 2 2 15625
i 565 1 1 7812
i 562 1 1 7812
end
npc 1548 # Guard (lvl 21)
g 526 1 1
g 995 30 30
t 1 main
i 561 1 1 7812
i 886 5 5 7812
i 5318 4 4 52632
i 5319 4 4 40000
i 5324 4 4 26316
i 5322 3 3 12987
i 5320 3 3 6452
i 5323 2 2 3215
i 5321 2 2 1536
i 22879 2 2 1116
i 9140 2 12 78125
i 995 1 1 148438
i 995 7 7 125000
i 995 5 5 140625
i 995 12 12 70312
i 995 4 4 62500
i 995 25 25 31250
i 995 17 17 31250
i 995 30 30 15625
i 1203 1 1 46875
i 1446 1 1 23438
i 886 1 1 31250
i 1947 1 1 7812
i 440 1 1 7812
i 2801 1 1 7812
i 882 1 1 23438
i 556 6 6 15625
i 557 3 3 15625
i 554 2 2 15625
i 565 1 1 7812
i 562 1 1 7812
end
npc 1549 # Guard (lvl 21)
g 526 1 1
g 995 30 30
t 1 main
i 561 1 1 7812
i 886 5 5 7812
i 5318 4 4 52632
i 5319 4 4 40000
i 5324 4 4 26316
i 5322 3 3 12987
i 5320 3 3 6452
i 5323 2 2 3215
i 5321 2 2 1536
i 22879 2 2 1116
i 9140 2 12 78125
i 995 1 1 148438
i 995 7 7 125000
i 995 5 5 140625
i 995 12 12 70312
i 995 4 4 62500
i 995 25 25 31250
i 995 17 17 31250
i 995 30 30 15625
i 1203 1 1 46875
i 1446 1 1 23438
i 886 1 1 31250
i 1947 1 1 7812
i 440 1 1 7812
i 2801 1 1 7812
i 882 1 1 23438
i 556 6 6 15625
i 557 3 3 15625
i 554 2 2 15625
i 565 1 1 7812
i 562 1 1 7812
end
npc 1550 # Guard (lvl 21)
g 526 1 1
g 995 30 30
t 1 main
i 561 1 1 7812
i 886 5 5 7812
i 5318 4 4 52632
i 5319 4 4 40000
i 5324 4 4 26316
i 5322 3 3 12987
i 5320 3 3 6452
i 5323 2 2 3215
i 5321 2 2 1536
i 22879 2 2 1116
i 9140 2 12 78125
i 995 1 1 148438
i 995 7 7 125000
i 995 5 5 140625
i 995 12 12 70312
i 995 4 4 62500
i 995 25 25 31250
i 995 17 17 31250
i 995 30 30 15625
i 1203 1 1 46875
i 1446 1 1 23438
i 886 1 1 31250
i 1947 1 1 7812
i 440 1 1 7812
i 2801 1 1 7812
i 882 1 1 23438
i 556 6 6 15625
i 557 3 3 15625
i 554 2 2 15625
i 565 1 1 7812
i 562 1 1 7812
end
npc 1551 # Guard (lvl 22)
g 526 1 1
g 995 30 30
t 1 main
i 561 1 1 7812
i 886 5 5 7812
i 5318 4 4 52632
i 5319 4 4 40000
i 5324 4 4 26316
i 5322 3 3 12987
i 5320 3 3 6452
i 5323 2 2 3215
i 5321 2 2 1536
i 22879 2 2 1116
i 9140 2 12 78125
i 995 1 1 148438
i 995 7 7 125000
i 995 5 5 140625
i 995 12 12 70312
i 995 4 4 62500
i 995 25 25 31250
i 995 17 17 31250
i 995 30 30 15625
i 1203 1 1 46875
i 1446 1 1 23438
i 886 1 1 31250
i 1947 1 1 7812
i 440 1 1 7812
i 2801 1 1 7812
i 882 1 1 23438
i 556 6 6 15625
i 557 3 3 15625
i 554 2 2 15625
i 565 1 1 7812
i 562 1 1 7812
end
npc 1554 # Seagull (lvl 2)
g 526 1 1
g 526 1 1
g 314 1 1
t 1 main
i 7887 1 1 250000
end
npc 1555 # Seagull (lvl 2)
g 526 1 1
g 526 1 1
g 314 1 1
t 1 main
i 7887 1 1 250000
end
npc 1556 # Fire wizard (lvl 13)
g 592 1 1
t 1 main
i 554 5 10 950000
i 1442 1 1 50000
end
npc 1557 # Water wizard (lvl 13)
g 592 1 1
t 1 main
i 555 5 10 950000
i 1444 1 1 50000
end
npc 1558 # Earth wizard (lvl 13)
g 592 1 1
t 1 main
i 557 5 10 950000
i 1440 1 1 50000
end
npc 1559 # Air wizard (lvl 13)
g 592 1 1
t 1 main
i 556 5 10 950000
i 1438 1 1 50000
end
npc 1610 # Battle mage (lvl 54)
g 526 1 1
t 1 main
i 11941 1 1 333333
end
npc 1611 # Battle mage (lvl 54)
g 526 1 1
t 1 main
i 11941 1 1 333333
end
npc 1612 # Battle mage (lvl 54)
g 526 1 1
t 1 main
i 11941 1 1 333333
end
npc 1672 # Ahrim the Blighted (lvl 98)
t 1 main
i 23083 1 1 10000
end
npc 1673 # Dharok the Wretched (lvl 115)
t 1 main
i 23083 1 1 10309
end
npc 1674 # Guthan the Infested (lvl 115)
t 1 main
i 23083 1 1 10309
end
npc 1675 # Karil the Tainted (lvl 98)
t 1 main
i 23083 1 1 10000
end
npc 1676 # Torag the Corrupted (lvl 115)
t 1 main
i 23083 1 1 10309
end
npc 1677 # Verac the Defiled (lvl 115)
t 1 main
i 23083 1 1 10309
end
npc 1679 # Crypt rat (lvl 43)
g 526 1 1
t 1 main
i 7836 1 1 250000
end
npc 1680 # Giant crypt rat (lvl 76)
g 526 1 1
g 7824 1 1
end
npc 1681 # Giant crypt rat (lvl 76)
g 526 1 1
g 7824 1 1
end
npc 1682 # Giant crypt rat (lvl 76)
g 526 1 1
g 7824 1 1
end
npc 1685 # Skeleton (lvl 77)
t 1 main
i 199 1 1 40984
i 201 1 1 30769
i 203 1 1 23095
i 205 1 1 17953
i 207 1 1 14104
i 209 1 1 10256
i 211 1 1 7692
i 213 1 1 6410
i 215 1 1 5128
i 2485 1 1 3845
i 217 1 1 3845
i 23490 1 1 874
i 21257 1 1 3322
i 199 1 1 39062
i 201 1 1 29326
i 203 1 1 21978
i 205 1 1 17094
i 207 1 1 13423
i 209 1 1 9766
i 211 1 1 7326
i 213 1 1 6105
i 215 1 1 4883
i 2485 1 1 3662
i 217 1 1 3662
end
npc 1686 # Skeleton (lvl 77)
t 1 main
i 199 1 1 40984
i 201 1 1 30769
i 203 1 1 23095
i 205 1 1 17953
i 207 1 1 14104
i 209 1 1 10256
i 211 1 1 7692
i 213 1 1 6410
i 215 1 1 5128
i 2485 1 1 3845
i 217 1 1 3845
i 23490 1 1 874
i 21257 1 1 3322
i 199 1 1 39062
i 201 1 1 29326
i 203 1 1 21978
i 205 1 1 17094
i 207 1 1 13423
i 209 1 1 9766
i 211 1 1 7326
i 213 1 1 6105
i 215 1 1 4883
i 2485 1 1 3662
i 217 1 1 3662
end
npc 1687 # Skeleton (lvl 77)
t 1 main
i 199 1 1 40984
i 201 1 1 30769
i 203 1 1 23095
i 205 1 1 17953
i 207 1 1 14104
i 209 1 1 10256
i 211 1 1 7692
i 213 1 1 6410
i 215 1 1 5128
i 2485 1 1 3845
i 217 1 1 3845
i 23490 1 1 874
i 21257 1 1 3322
i 199 1 1 39062
i 201 1 1 29326
i 203 1 1 21978
i 205 1 1 17094
i 207 1 1 13423
i 209 1 1 9766
i 211 1 1 7326
i 213 1 1 6105
i 215 1 1 4883
i 2485 1 1 3662
i 217 1 1 3662
end
npc 1688 # Skeleton (lvl 77)
t 1 main
i 199 1 1 40984
i 201 1 1 30769
i 203 1 1 23095
i 205 1 1 17953
i 207 1 1 14104
i 209 1 1 10256
i 211 1 1 7692
i 213 1 1 6410
i 215 1 1 5128
i 2485 1 1 3845
i 217 1 1 3845
i 23490 1 1 874
i 21257 1 1 3322
i 199 1 1 39062
i 201 1 1 29326
i 203 1 1 21978
i 205 1 1 17094
i 207 1 1 13423
i 209 1 1 9766
i 211 1 1 7326
i 213 1 1 6105
i 215 1 1 4883
i 2485 1 1 3662
i 217 1 1 3662
end
npc 1777 # Double agent (lvl 65)
g 526 1 1
t 1 main
i 11941 1 1 333333
end
npc 1778 # Double agent (lvl 108)
g 526 1 1
t 1 main
i 11941 1 1 333333
end
npc 1782 # Scarab Swarm (lvl 98)
g 526 1 1
end
npc 1792 # Goat (lvl 23)
g 526 1 1
g 9735 1 1
end
npc 1793 # Goat (lvl 23)
g 526 1 1
g 9735 1 1
end
npc 1794 # Billy Goat (lvl 33)
g 526 1 1
g 9735 1 1
end
npc 1795 # Goat (lvl 23)
g 526 1 1
g 9735 1 1
end
npc 1796 # Goat (lvl 23)
g 526 1 1
g 9735 1 1
end
npc 1797 # Billy Goat (lvl 33)
g 526 1 1
g 9735 1 1
end
npc 1798 # White Knight (lvl 36)
g 526 1 1
g 526 1 1
g 526 1 1
g 526 1 1
t 1 main
i 1623 1 1 3906
i 1621 1 1 1953
i 1619 1 1 977
i 1452 1 1 366
i 1462 1 1 366
i 1617 1 1 244
i 830 5 5 122
i 987 1 1 122
i 985 1 1 122
i 1247 1 1 8
i 2366 1 1 4
i 1249 1 1 3
i 1623 1 1 1953
i 1621 1 1 977
i 1619 1 1 488
i 1452 1 1 183
i 1462 1 1 183
i 1617 1 1 122
i 830 5 5 61
i 987 1 1 61
i 985 1 1 61
i 1247 1 1 4
i 2366 1 1 2
i 1249 1 1 1
i 888 5 5 15625
i 2351 1 1 15625
i 2323 1 1 7812
i 440 1 1 7812
i 1933 1 1 7812
i 890 2 2 7812
i 1293 1 1 15625
i 1141 1 1 15625
i 1281 1 1 15625
i 558 10 10 62500
i 565 2 2 7812
i 888 7 7 39062
i 561 6 6 31250
i 559 15 19 23438
i 562 4 4 23438
i 555 35 40 23438
i 890 4 4 23438
i 565 3 3 7812
i 563 3 3 7812
i 199 1 1 13680
i 201 1 1 10256
i 563 2 2 7812
i 203 1 1 7692
i 205 1 1 5981
i 207 1 1 4699
i 209 1 1 3418
i 211 1 1 2563
i 213 1 1 2136
i 215 1 1 1709
i 2485 1 1 1282
i 217 1 1 1282
i 5318 4 4 52632
i 199 1 1 9766
i 5319 4 4 40000
i 5324 4 4 26316
i 5322 3 3 12987
i 5320 3 3 6452
i 5323 2 2 3215
i 5321 2 2 1536
i 22879 2 2 1116
i 995 5 5 140625
i 995 15 19 101562
i 995 15 15 85938
i 201 1 1 7326
i 995 55 63 78125
i 995 50 69 78125
i 995 10 10 54688
i 995 5 5 46875
i 995 120 120 15625
i 995 1 1 7812
i 2351 2 2 46875
i 2351 1 1 15625
i 2323 1 1 7812
i 440 1 1 7812
i 203 1 1 5495
i 1933 1 1 7812
i 205 1 1 4272
i 1293 1 1 15625
i 1141 1 1 15625
i 1281 1 1 15625
i 558 12 12 23438
i 888 9 9 39062
i 561 7 7 31250
i 559 15 24 23438
i 207 1 1 3357
i 562 5 5 23438
i 555 40 47 23438
i 890 5 5 23438
i 565 3 3 7812
i 563 3 3 7812
i 199 1 1 13680
i 201 1 1 10256
i 203 1 1 7692
i 205 1 1 5981
i 207 1 1 4699
i 209 1 1 2441
i 209 1 1 3418
i 211 1 1 2563
i 213 1 1 2136
i 215 1 1 1709
i 2485 1 1 1282
i 217 1 1 1282
i 5318 4 4 83333
i 5319 4 4 62500
i 5324 4 4 40000
i 5322 3 3 20000
i 1293 1 1 15625
i 211 1 1 1831
i 5320 3 3 10000
i 5323 2 2 5000
i 5321 2 2 2392
i 22879 2 2 1736
i 995 5 5 218750
i 995 51 55 101562
i 995 15 15 85938
i 995 65 73 78125
i 995 10 10 54688
i 995 8 8 46875
i 213 1 1 1526
i 995 50 69 39062
i 995 120 120 23438
i 995 1 1 7812
i 2351 2 2 39062
i 2351 1 1 15625
i 2323 1 1 7812
i 440 1 1 7812
i 1933 1 1 7812
i 215 1 1 1221
i 2485 1 1 915
i 217 1 1 915
i 5318 4 4 43478
i 5319 4 4 32258
i 5324 4 4 21739
i 5322 3 3 10753
i 5320 3 3 5376
i 1281 1 1 7812
i 5323 2 2 2681
i 5321 2 2 1280
i 22879 2 2 930
i 995 48 48 117188
i 995 15 15 117188
i 995 5 5 117188
i 995 8 8 85938
i 995 45 53 78125
i 995 1 1 39062
i 995 2 2 39062
i 1141 1 1 7812
i 995 10 10 39062
i 995 120 120 7812
i 2351 2 2 46875
i 2351 1 1 15625
i 2323 1 1 7812
i 440 1 1 7812
i 1933 1 1 7812
i 558 5 5 85938
i 1293 1 1 15625
i 561 4 4 31250
i 1141 1 1 15625
i 1281 1 1 7812
i 558 7 7 62500
i 888 5 5 39062
i 561 5 5 31250
i 559 10 14 23438
i 562 3 3 23438
i 555 30 35 23438
i 890 2 2 23438
i 565 2 2 7812
i 559 9 13 23438
i 563 3 3 7812
i 199 1 1 13680
i 201 1 1 10256
i 203 1 1 7692
i 205 1 1 5981
i 207 1 1 4699
i 209 1 1 3418
i 211 1 1 2563
i 213 1 1 2136
i 215 1 1 1709
i 562 2 2 23438
i 2485 1 1 1282
i 217 1 1 1282
i 5318 4 4 52632
i 5319 4 4 40000
i 5324 4 4 26316
i 5322 3 3 12987
i 5320 3 3 6452
i 5323 2 2 3215
i 5321 2 2 1536
i 22879 2 2 1116
i 555 25 30 23438
i 995 5 5 140625
i 995 15 15 101562
i 995 10 10 85938
i 995 54 54 78125
i 995 50 58 78125
i 995 10 10 54688
i 995 3 3 46875
i 995 1 1 7812
i 995 120 120 7812
i 2351 2 2 62500
end
npc 1799 # White Knight (lvl 38)
g 526 1 1
g 526 1 1
g 526 1 1
g 526 1 1
t 1 main
i 1623 1 1 3906
i 1621 1 1 1953
i 1619 1 1 977
i 1452 1 1 366
i 1462 1 1 366
i 1617 1 1 244
i 830 5 5 122
i 987 1 1 122
i 985 1 1 122
i 1247 1 1 8
i 2366 1 1 4
i 1249 1 1 3
i 1623 1 1 1953
i 1621 1 1 977
i 1619 1 1 488
i 1452 1 1 183
i 1462 1 1 183
i 1617 1 1 122
i 830 5 5 61
i 987 1 1 61
i 985 1 1 61
i 1247 1 1 4
i 2366 1 1 2
i 1249 1 1 1
i 888 5 5 15625
i 2351 1 1 15625
i 2323 1 1 7812
i 440 1 1 7812
i 1933 1 1 7812
i 890 2 2 7812
i 1293 1 1 15625
i 1141 1 1 15625
i 1281 1 1 15625
i 558 10 10 62500
i 565 2 2 7812
i 888 7 7 39062
i 561 6 6 31250
i 559 15 19 23438
i 562 4 4 23438
i 555 35 40 23438
i 890 4 4 23438
i 565 3 3 7812
i 563 3 3 7812
i 199 1 1 13680
i 201 1 1 10256
i 563 2 2 7812
i 203 1 1 7692
i 205 1 1 5981
i 207 1 1 4699
i 209 1 1 3418
i 211 1 1 2563
i 213 1 1 2136
i 215 1 1 1709
i 2485 1 1 1282
i 217 1 1 1282
i 5318 4 4 52632
i 199 1 1 9766
i 5319 4 4 40000
i 5324 4 4 26316
i 5322 3 3 12987
i 5320 3 3 6452
i 5323 2 2 3215
i 5321 2 2 1536
i 22879 2 2 1116
i 995 5 5 140625
i 995 15 19 101562
i 995 15 15 85938
i 201 1 1 7326
i 995 55 63 78125
i 995 50 69 78125
i 995 10 10 54688
i 995 5 5 46875
i 995 120 120 15625
i 995 1 1 7812
i 2351 2 2 46875
i 2351 1 1 15625
i 2323 1 1 7812
i 440 1 1 7812
i 203 1 1 5495
i 1933 1 1 7812
i 205 1 1 4272
i 1293 1 1 15625
i 1141 1 1 15625
i 1281 1 1 15625
i 558 12 12 23438
i 888 9 9 39062
i 561 7 7 31250
i 559 15 24 23438
i 207 1 1 3357
i 562 5 5 23438
i 555 40 47 23438
i 890 5 5 23438
i 565 3 3 7812
i 563 3 3 7812
i 199 1 1 13680
i 201 1 1 10256
i 203 1 1 7692
i 205 1 1 5981
i 207 1 1 4699
i 209 1 1 2441
i 209 1 1 3418
i 211 1 1 2563
i 213 1 1 2136
i 215 1 1 1709
i 2485 1 1 1282
i 217 1 1 1282
i 5318 4 4 83333
i 5319 4 4 62500
i 5324 4 4 40000
i 5322 3 3 20000
i 1293 1 1 15625
i 211 1 1 1831
i 5320 3 3 10000
i 5323 2 2 5000
i 5321 2 2 2392
i 22879 2 2 1736
i 995 5 5 218750
i 995 51 55 101562
i 995 15 15 85938
i 995 65 73 78125
i 995 10 10 54688
i 995 8 8 46875
i 213 1 1 1526
i 995 50 69 39062
i 995 120 120 23438
i 995 1 1 7812
i 2351 2 2 39062
i 2351 1 1 15625
i 2323 1 1 7812
i 440 1 1 7812
i 1933 1 1 7812
i 215 1 1 1221
i 2485 1 1 915
i 217 1 1 915
i 5318 4 4 43478
i 5319 4 4 32258
i 5324 4 4 21739
i 5322 3 3 10753
i 5320 3 3 5376
i 1281 1 1 7812
i 5323 2 2 2681
i 5321 2 2 1280
i 22879 2 2 930
i 995 48 48 117188
i 995 15 15 117188
i 995 5 5 117188
i 995 8 8 85938
i 995 45 53 78125
i 995 1 1 39062
i 995 2 2 39062
i 1141 1 1 7812
i 995 10 10 39062
i 995 120 120 7812
i 2351 2 2 46875
i 2351 1 1 15625
i 2323 1 1 7812
i 440 1 1 7812
i 1933 1 1 7812
i 558 5 5 85938
i 1293 1 1 15625
i 561 4 4 31250
i 1141 1 1 15625
i 1281 1 1 7812
i 558 7 7 62500
i 888 5 5 39062
i 561 5 5 31250
i 559 10 14 23438
i 562 3 3 23438
i 555 30 35 23438
i 890 2 2 23438
i 565 2 2 7812
i 559 9 13 23438
i 563 3 3 7812
i 199 1 1 13680
i 201 1 1 10256
i 203 1 1 7692
i 205 1 1 5981
i 207 1 1 4699
i 209 1 1 3418
i 211 1 1 2563
i 213 1 1 2136
i 215 1 1 1709
i 562 2 2 23438
i 2485 1 1 1282
i 217 1 1 1282
i 5318 4 4 52632
i 5319 4 4 40000
i 5324 4 4 26316
i 5322 3 3 12987
i 5320 3 3 6452
i 5323 2 2 3215
i 5321 2 2 1536
i 22879 2 2 1116
i 555 25 30 23438
i 995 5 5 140625
i 995 15 15 101562
i 995 10 10 85938
i 995 54 54 78125
i 995 50 58 78125
i 995 10 10 54688
i 995 3 3 46875
i 995 1 1 7812
i 995 120 120 7812
i 2351 2 2 62500
end
npc 1800 # White Knight (lvl 39)
g 526 1 1
g 526 1 1
g 526 1 1
g 526 1 1
t 1 main
i 1623 1 1 3906
i 1621 1 1 1953
i 1619 1 1 977
i 1452 1 1 366
i 1462 1 1 366
i 1617 1 1 244
i 830 5 5 122
i 987 1 1 122
i 985 1 1 122
i 1247 1 1 8
i 2366 1 1 4
i 1249 1 1 3
i 1623 1 1 1953
i 1621 1 1 977
i 1619 1 1 488
i 1452 1 1 183
i 1462 1 1 183
i 1617 1 1 122
i 830 5 5 61
i 987 1 1 61
i 985 1 1 61
i 1247 1 1 4
i 2366 1 1 2
i 1249 1 1 1
i 888 5 5 15625
i 2351 1 1 15625
i 2323 1 1 7812
i 440 1 1 7812
i 1933 1 1 7812
i 890 2 2 7812
i 1293 1 1 15625
i 1141 1 1 15625
i 1281 1 1 15625
i 558 10 10 62500
i 565 2 2 7812
i 888 7 7 39062
i 561 6 6 31250
i 559 15 19 23438
i 562 4 4 23438
i 555 35 40 23438
i 890 4 4 23438
i 565 3 3 7812
i 563 3 3 7812
i 199 1 1 13680
i 201 1 1 10256
i 563 2 2 7812
i 203 1 1 7692
i 205 1 1 5981
i 207 1 1 4699
i 209 1 1 3418
i 211 1 1 2563
i 213 1 1 2136
i 215 1 1 1709
i 2485 1 1 1282
i 217 1 1 1282
i 5318 4 4 52632
i 199 1 1 9766
i 5319 4 4 40000
i 5324 4 4 26316
i 5322 3 3 12987
i 5320 3 3 6452
i 5323 2 2 3215
i 5321 2 2 1536
i 22879 2 2 1116
i 995 5 5 140625
i 995 15 19 101562
i 995 15 15 85938
i 201 1 1 7326
i 995 55 63 78125
i 995 50 69 78125
i 995 10 10 54688
i 995 5 5 46875
i 995 120 120 15625
i 995 1 1 7812
i 2351 2 2 46875
i 2351 1 1 15625
i 2323 1 1 7812
i 440 1 1 7812
i 203 1 1 5495
i 1933 1 1 7812
i 205 1 1 4272
i 1293 1 1 15625
i 1141 1 1 15625
i 1281 1 1 15625
i 558 12 12 23438
i 888 9 9 39062
i 561 7 7 31250
i 559 15 24 23438
i 207 1 1 3357
i 562 5 5 23438
i 555 40 47 23438
i 890 5 5 23438
i 565 3 3 7812
i 563 3 3 7812
i 199 1 1 13680
i 201 1 1 10256
i 203 1 1 7692
i 205 1 1 5981
i 207 1 1 4699
i 209 1 1 2441
i 209 1 1 3418
i 211 1 1 2563
i 213 1 1 2136
i 215 1 1 1709
i 2485 1 1 1282
i 217 1 1 1282
i 5318 4 4 83333
i 5319 4 4 62500
i 5324 4 4 40000
i 5322 3 3 20000
i 1293 1 1 15625
i 211 1 1 1831
i 5320 3 3 10000
i 5323 2 2 5000
i 5321 2 2 2392
i 22879 2 2 1736
i 995 5 5 218750
i 995 51 55 101562
i 995 15 15 85938
i 995 65 73 78125
i 995 10 10 54688
i 995 8 8 46875
i 213 1 1 1526
i 995 50 69 39062
i 995 120 120 23438
i 995 1 1 7812
i 2351 2 2 39062
i 2351 1 1 15625
i 2323 1 1 7812
i 440 1 1 7812
i 1933 1 1 7812
i 215 1 1 1221
i 2485 1 1 915
i 217 1 1 915
i 5318 4 4 43478
i 5319 4 4 32258
i 5324 4 4 21739
i 5322 3 3 10753
i 5320 3 3 5376
i 1281 1 1 7812
i 5323 2 2 2681
i 5321 2 2 1280
i 22879 2 2 930
i 995 48 48 117188
i 995 15 15 117188
i 995 5 5 117188
i 995 8 8 85938
i 995 45 53 78125
i 995 1 1 39062
i 995 2 2 39062
i 1141 1 1 7812
i 995 10 10 39062
i 995 120 120 7812
i 2351 2 2 46875
i 2351 1 1 15625
i 2323 1 1 7812
i 440 1 1 7812
i 1933 1 1 7812
i 558 5 5 85938
i 1293 1 1 15625
i 561 4 4 31250
i 1141 1 1 15625
i 1281 1 1 7812
i 558 7 7 62500
i 888 5 5 39062
i 561 5 5 31250
i 559 10 14 23438
i 562 3 3 23438
i 555 30 35 23438
i 890 2 2 23438
i 565 2 2 7812
i 559 9 13 23438
i 563 3 3 7812
i 199 1 1 13680
i 201 1 1 10256
i 203 1 1 7692
i 205 1 1 5981
i 207 1 1 4699
i 209 1 1 3418
i 211 1 1 2563
i 213 1 1 2136
i 215 1 1 1709
i 562 2 2 23438
i 2485 1 1 1282
i 217 1 1 1282
i 5318 4 4 52632
i 5319 4 4 40000
i 5324 4 4 26316
i 5322 3 3 12987
i 5320 3 3 6452
i 5323 2 2 3215
i 5321 2 2 1536
i 22879 2 2 1116
i 555 25 30 23438
i 995 5 5 140625
i 995 15 15 101562
i 995 10 10 85938
i 995 54 54 78125
i 995 50 58 78125
i 995 10 10 54688
i 995 3 3 46875
i 995 1 1 7812
i 995 120 120 7812
i 2351 2 2 62500
end
npc 1829 # White Knight (lvl 42)
g 526 1 1
g 526 1 1
g 526 1 1
g 526 1 1
t 1 main
i 1623 1 1 3906
i 1621 1 1 1953
i 1619 1 1 977
i 1452 1 1 366
i 1462 1 1 366
i 1617 1 1 244
i 830 5 5 122
i 987 1 1 122
i 985 1 1 122
i 1247 1 1 8
i 2366 1 1 4
i 1249 1 1 3
i 1623 1 1 1953
i 1621 1 1 977
i 1619 1 1 488
i 1452 1 1 183
i 1462 1 1 183
i 1617 1 1 122
i 830 5 5 61
i 987 1 1 61
i 985 1 1 61
i 1247 1 1 4
i 2366 1 1 2
i 1249 1 1 1
i 888 5 5 15625
i 2351 1 1 15625
i 2323 1 1 7812
i 440 1 1 7812
i 1933 1 1 7812
i 890 2 2 7812
i 1293 1 1 15625
i 1141 1 1 15625
i 1281 1 1 15625
i 558 10 10 62500
i 565 2 2 7812
i 888 7 7 39062
i 561 6 6 31250
i 559 15 19 23438
i 562 4 4 23438
i 555 35 40 23438
i 890 4 4 23438
i 565 3 3 7812
i 563 3 3 7812
i 199 1 1 13680
i 201 1 1 10256
i 563 2 2 7812
i 203 1 1 7692
i 205 1 1 5981
i 207 1 1 4699
i 209 1 1 3418
i 211 1 1 2563
i 213 1 1 2136
i 215 1 1 1709
i 2485 1 1 1282
i 217 1 1 1282
i 5318 4 4 52632
i 199 1 1 9766
i 5319 4 4 40000
i 5324 4 4 26316
i 5322 3 3 12987
i 5320 3 3 6452
i 5323 2 2 3215
i 5321 2 2 1536
i 22879 2 2 1116
i 995 5 5 140625
i 995 15 19 101562
i 995 15 15 85938
i 201 1 1 7326
i 995 55 63 78125
i 995 50 69 78125
i 995 10 10 54688
i 995 5 5 46875
i 995 120 120 15625
i 995 1 1 7812
i 2351 2 2 46875
i 2351 1 1 15625
i 2323 1 1 7812
i 440 1 1 7812
i 203 1 1 5495
i 1933 1 1 7812
i 205 1 1 4272
i 1293 1 1 15625
i 1141 1 1 15625
i 1281 1 1 15625
i 558 12 12 23438
i 888 9 9 39062
i 561 7 7 31250
i 559 15 24 23438
i 207 1 1 3357
i 562 5 5 23438
i 555 40 47 23438
i 890 5 5 23438
i 565 3 3 7812
i 563 3 3 7812
i 199 1 1 13680
i 201 1 1 10256
i 203 1 1 7692
i 205 1 1 5981
i 207 1 1 4699
i 209 1 1 2441
i 209 1 1 3418
i 211 1 1 2563
i 213 1 1 2136
i 215 1 1 1709
i 2485 1 1 1282
i 217 1 1 1282
i 5318 4 4 83333
i 5319 4 4 62500
i 5324 4 4 40000
i 5322 3 3 20000
i 1293 1 1 15625
i 211 1 1 1831
i 5320 3 3 10000
i 5323 2 2 5000
i 5321 2 2 2392
i 22879 2 2 1736
i 995 5 5 218750
i 995 51 55 101562
i 995 15 15 85938
i 995 65 73 78125
i 995 10 10 54688
i 995 8 8 46875
i 213 1 1 1526
i 995 50 69 39062
i 995 120 120 23438
i 995 1 1 7812
i 2351 2 2 39062
i 2351 1 1 15625
i 2323 1 1 7812
i 440 1 1 7812
i 1933 1 1 7812
i 215 1 1 1221
i 2485 1 1 915
i 217 1 1 915
i 5318 4 4 43478
i 5319 4 4 32258
i 5324 4 4 21739
i 5322 3 3 10753
i 5320 3 3 5376
i 1281 1 1 7812
i 5323 2 2 2681
i 5321 2 2 1280
i 22879 2 2 930
i 995 48 48 117188
i 995 15 15 117188
i 995 5 5 117188
i 995 8 8 85938
i 995 45 53 78125
i 995 1 1 39062
i 995 2 2 39062
i 1141 1 1 7812
i 995 10 10 39062
i 995 120 120 7812
i 2351 2 2 46875
i 2351 1 1 15625
i 2323 1 1 7812
i 440 1 1 7812
i 1933 1 1 7812
i 558 5 5 85938
i 1293 1 1 15625
i 561 4 4 31250
i 1141 1 1 15625
i 1281 1 1 7812
i 558 7 7 62500
i 888 5 5 39062
i 561 5 5 31250
i 559 10 14 23438
i 562 3 3 23438
i 555 30 35 23438
i 890 2 2 23438
i 565 2 2 7812
i 559 9 13 23438
i 563 3 3 7812
i 199 1 1 13680
i 201 1 1 10256
i 203 1 1 7692
i 205 1 1 5981
i 207 1 1 4699
i 209 1 1 3418
i 211 1 1 2563
i 213 1 1 2136
i 215 1 1 1709
i 562 2 2 23438
i 2485 1 1 1282
i 217 1 1 1282
i 5318 4 4 52632
i 5319 4 4 40000
i 5324 4 4 26316
i 5322 3 3 12987
i 5320 3 3 6452
i 5323 2 2 3215
i 5321 2 2 1536
i 22879 2 2 1116
i 555 25 30 23438
i 995 5 5 140625
i 995 15 15 101562
i 995 10 10 85938
i 995 54 54 78125
i 995 50 58 78125
i 995 10 10 54688
i 995 3 3 46875
i 995 1 1 7812
i 995 120 120 7812
i 2351 2 2 62500
end
npc 1834 # Gorak (lvl 145)
g 532 1 1
t 1 main
i 2722 1 1 7812
i 10976 1 1 2500
i 10977 1 1 200
i 1623 1 1 250000
i 1621 1 1 125000
i 1619 1 1 62500
i 1452 1 1 23436
i 1462 1 1 23436
i 1617 1 1 15625
i 830 5 5 7812
i 987 1 1 7812
i 985 1 1 7812
i 1247 1 1 488
i 2366 1 1 244
i 1249 1 1 183
i 9016 1 1 333333
end
npc 1838 # Duck (lvl 1)
g 526 1 1
end
npc 1839 # Duck (lvl 1)
g 526 1 1
end
npc 1845 # Stag (lvl 15)
g 526 1 1
end
npc 1852 # Rabbit (lvl 1)
g 526 1 1
g 3226 1 1
t 1 main
i 7896 1 1 250000
end
npc 1853 # Rabbit (lvl 1)
g 526 1 1
g 3226 1 1
t 1 main
i 7896 1 1 250000
end
npc 1861 # Tree spirit (lvl 14)
t 1 main
i 1623 1 1 15625
i 1621 1 1 7812
i 1619 1 1 3906
i 1452 1 1 1465
i 1462 1 1 1465
i 1617 1 1 977
i 830 5 5 488
i 987 1 1 488
i 985 1 1 488
i 1247 1 1 31
i 2366 1 1 15
i 1249 1 1 11
i 1353 1 1 78125
i 201 1 1 21978
i 203 1 1 16474
i 205 1 1 12821
i 207 1 1 10070
i 209 1 1 7326
i 211 1 1 5495
i 213 1 1 4577
i 215 1 1 3662
i 2485 1 1 2746
i 217 1 1 2746
i 1355 1 1 156250
i 3051 1 1 46875
i 3049 1 1 46875
i 5296 1 1 21786
i 5297 1 1 14837
i 5281 1 1 14368
i 5106 1 1 10194
i 5298 1 1 10194
i 5280 1 1 9737
i 22873 1 1 6954
i 5299 1 1 6954
i 1357 1 1 62500
i 5300 1 1 4634
i 5301 1 1 3245
i 5302 1 1 2317
i 22879 3 3 1854
i 5303 1 1 1390
i 5304 1 1 927
i 946 1 1 7812
i 1359 1 1 31250
i 561 22 22 242188
i 561 10 10 15625
i 561 5 5 15625
i 561 2 2 7812
i 199 1 1 29326
end
npc 1862 # Tree spirit (lvl 29)
t 1 main
i 1623 1 1 15625
i 1621 1 1 7812
i 1619 1 1 3906
i 1452 1 1 1465
i 1462 1 1 1465
i 1617 1 1 977
i 830 5 5 488
i 987 1 1 488
i 985 1 1 488
i 1247 1 1 31
i 2366 1 1 15
i 1249 1 1 11
i 1353 1 1 78125
i 201 1 1 21978
i 203 1 1 16474
i 205 1 1 12821
i 207 1 1 10070
i 209 1 1 7326
i 211 1 1 5495
i 213 1 1 4577
i 215 1 1 3662
i 2485 1 1 2746
i 217 1 1 2746
i 1355 1 1 156250
i 3051 1 1 46875
i 3049 1 1 46875
i 5296 1 1 21786
i 5297 1 1 14837
i 5281 1 1 14368
i 5106 1 1 10194
i 5298 1 1 10194
i 5280 1 1 9737
i 22873 1 1 6954
i 5299 1 1 6954
i 1357 1 1 62500
i 5300 1 1 4634
i 5301 1 1 3245
i 5302 1 1 2317
i 22879 3 3 1854
i 5303 1 1 1390
i 5304 1 1 927
i 946 1 1 7812
i 1359 1 1 31250
i 561 22 22 242188
i 561 10 10 15625
i 561 5 5 15625
i 561 2 2 7812
i 199 1 1 29326
end
npc 1863 # Tree spirit (lvl 49)
t 1 main
i 1623 1 1 15625
i 1621 1 1 7812
i 1619 1 1 3906
i 1452 1 1 1465
i 1462 1 1 1465
i 1617 1 1 977
i 830 5 5 488
i 987 1 1 488
i 985 1 1 488
i 1247 1 1 31
i 2366 1 1 15
i 1249 1 1 11
i 1353 1 1 78125
i 201 1 1 21978
i 203 1 1 16474
i 205 1 1 12821
i 207 1 1 10070
i 209 1 1 7326
i 211 1 1 5495
i 213 1 1 4577
i 215 1 1 3662
i 2485 1 1 2746
i 217 1 1 2746
i 1355 1 1 156250
i 3051 1 1 46875
i 3049 1 1 46875
i 5296 1 1 21786
i 5297 1 1 14837
i 5281 1 1 14368
i 5106 1 1 10194
i 5298 1 1 10194
i 5280 1 1 9737
i 22873 1 1 6954
i 5299 1 1 6954
i 1357 1 1 62500
i 5300 1 1 4634
i 5301 1 1 3245
i 5302 1 1 2317
i 22879 3 3 1854
i 5303 1 1 1390
i 5304 1 1 927
i 946 1 1 7812
i 1359 1 1 31250
i 561 22 22 242188
i 561 10 10 15625
i 561 5 5 15625
i 561 2 2 7812
i 199 1 1 29326
end
npc 1864 # Tree spirit (lvl 79)
t 1 main
i 1623 1 1 15625
i 1621 1 1 7812
i 1619 1 1 3906
i 1452 1 1 1465
i 1462 1 1 1465
i 1617 1 1 977
i 830 5 5 488
i 987 1 1 488
i 985 1 1 488
i 1247 1 1 31
i 2366 1 1 15
i 1249 1 1 11
i 1353 1 1 78125
i 201 1 1 21978
i 203 1 1 16474
i 205 1 1 12821
i 207 1 1 10070
i 209 1 1 7326
i 211 1 1 5495
i 213 1 1 4577
i 215 1 1 3662
i 2485 1 1 2746
i 217 1 1 2746
i 1355 1 1 156250
i 3051 1 1 46875
i 3049 1 1 46875
i 5296 1 1 21786
i 5297 1 1 14837
i 5281 1 1 14368
i 5106 1 1 10194
i 5298 1 1 10194
i 5280 1 1 9737
i 22873 1 1 6954
i 5299 1 1 6954
i 1357 1 1 62500
i 5300 1 1 4634
i 5301 1 1 3245
i 5302 1 1 2317
i 22879 3 3 1854
i 5303 1 1 1390
i 5304 1 1 927
i 946 1 1 7812
i 1359 1 1 31250
i 561 22 22 242188
i 561 10 10 15625
i 561 5 5 15625
i 561 2 2 7812
i 199 1 1 29326
end
npc 1865 # Tree spirit (lvl 120)
t 1 main
i 1623 1 1 15625
i 1621 1 1 7812
i 1619 1 1 3906
i 1452 1 1 1465
i 1462 1 1 1465
i 1617 1 1 977
i 830 5 5 488
i 987 1 1 488
i 985 1 1 488
i 1247 1 1 31
i 2366 1 1 15
i 1249 1 1 11
i 1353 1 1 78125
i 201 1 1 21978
i 203 1 1 16474
i 205 1 1 12821
i 207 1 1 10070
i 209 1 1 7326
i 211 1 1 5495
i 213 1 1 4577
i 215 1 1 3662
i 2485 1 1 2746
i 217 1 1 2746
i 1355 1 1 156250
i 3051 1 1 46875
i 3049 1 1 46875
i 5296 1 1 21786
i 5297 1 1 14837
i 5281 1 1 14368
i 5106 1 1 10194
i 5298 1 1 10194
i 5280 1 1 9737
i 22873 1 1 6954
i 5299 1 1 6954
i 1357 1 1 62500
i 5300 1 1 4634
i 5301 1 1 3245
i 5302 1 1 2317
i 22879 3 3 1854
i 5303 1 1 1390
i 5304 1 1 927
i 946 1 1 7812
i 1359 1 1 31250
i 561 22 22 242188
i 561 10 10 15625
i 561 5 5 15625
i 561 2 2 7812
i 199 1 1 29326
end
npc 1866 # Tree spirit (lvl 159)
t 1 main
i 1623 1 1 15625
i 1621 1 1 7812
i 1619 1 1 3906
i 1452 1 1 1465
i 1462 1 1 1465
i 1617 1 1 977
i 830 5 5 488
i 987 1 1 488
i 985 1 1 488
i 1247 1 1 31
i 2366 1 1 15
i 1249 1 1 11
i 1353 1 1 78125
i 201 1 1 21978
i 203 1 1 16474
i 205 1 1 12821
i 207 1 1 10070
i 209 1 1 7326
i 211 1 1 5495
i 213 1 1 4577
i 215 1 1 3662
i 2485 1 1 2746
i 217 1 1 2746
i 1355 1 1 156250
i 3051 1 1 46875
i 3049 1 1 46875
i 5296 1 1 21786
i 5297 1 1 14837
i 5281 1 1 14368
i 5106 1 1 10194
i 5298 1 1 10194
i 5280 1 1 9737
i 22873 1 1 6954
i 5299 1 1 6954
i 1357 1 1 62500
i 5300 1 1 4634
i 5301 1 1 3245
i 5302 1 1 2317
i 22879 3 3 1854
i 5303 1 1 1390
i 5304 1 1 927
i 946 1 1 7812
i 1359 1 1 31250
i 561 22 22 242188
i 561 10 10 15625
i 561 5 5 15625
i 561 2 2 7812
i 199 1 1 29326
end
npc 1870 # Evil Chicken (lvl 159)
g 526 1 1
g 2138 1 1
g 314 50 250
end
npc 1871 # Baby black dragon (lvl 83)
g 534 1 1
t 1 main
i 23083 1 1 6369
end
npc 1872 # Baby black dragon (lvl 83)
g 534 1 1
t 1 main
i 23083 1 1 6369
end
npc 1877 # Ice troll grunt (lvl 100)
g 532 1 1
t 1 main
i 1623 1 1 1953
i 1621 1 1 977
i 1619 1 1 488
i 1452 1 1 183
i 1462 1 1 183
i 1617 1 1 122
i 830 5 5 61
i 987 1 1 61
i 985 1 1 61
i 1247 1 1 4
i 2366 1 1 2
i 1249 1 1 1
i 557 12 36 78125
i 561 4 12 39062
i 563 4 8 39062
i 199 1 1 3906
i 201 1 1 2930
i 203 1 1 2197
i 205 1 1 1709
i 207 1 1 1343
i 209 1 1 977
i 211 1 1 732
i 1161 1 1 78125
i 213 1 1 610
i 215 1 1 488
i 2485 1 1 366
i 217 1 1 366
i 5100 1 1 11236
i 5323 1 1 10741
i 5292 1 1 10246
i 5104 1 1 7541
i 5293 1 1 6969
i 5311 1 1 6807
i 1119 1 1 78125
i 5321 1 1 5165
i 5294 1 1 4591
i 22879 1 1 3280
i 5295 1 1 3198
i 5105 1 1 2788
i 5282 1 1 2378
i 5296 1 1 2214
i 5281 1 1 1476
i 5297 1 1 1476
i 5106 1 1 1066
i 1343 1 1 39062
i 5298 1 1 984
i 5280 1 1 984
i 5299 1 1 738
i 22873 1 1 656
i 5300 1 1 410
i 5301 1 1 328
i 5302 1 1 246
i 5303 1 1 164
i 5304 1 1 82
i 995 200 200 156250
i 1357 1 1 39062
i 383 2 8 78125
i 401 3 9 78125
i 1759 18 42 78125
i 1201 1 1 15625
i 13483 1 1 50000
i 10976 1 1 2500
i 10977 1 1 200
i 3122 1 1 7812
i 1347 1 1 7812
i 557 8 14 78125
end
npc 2003 # Duck (lvl 1)
g 526 1 1
end
npc 2005 # Lesser demon (lvl 82)
g 25769 1 1
t 1 main
i 1623 1 1 7812
i 1621 1 1 3906
i 1619 1 1 1953
i 1452 1 1 732
i 1462 1 1 732
i 1617 1 1 488
i 830 5 5 244
i 987 1 1 244
i 985 1 1 244
i 1247 1 1 15
i 2366 1 1 8
i 1249 1 1 6
i 560 3 3 23438
i 554 30 30 7812
i 199 1 1 1953
i 201 1 1 1465
i 203 1 1 1099
i 205 1 1 854
i 207 1 1 671
i 209 1 1 488
i 211 1 1 366
i 213 1 1 305
i 1157 1 1 31250
i 215 1 1 244
i 2485 1 1 183
i 217 1 1 183
i 995 120 120 312500
i 995 40 40 226562
i 995 200 200 78125
i 995 10 10 54688
i 995 450 450 7812
i 995 10 10 7812
i 1993 1 1 23438
i 1353 1 1 31250
i 444 1 1 15625
i 1325 1 1 23438
i 11941 1 1 333333
i 13501 1 1 20000
i 6805 1 1 200
i 19677 1 1 3636
i 19679 1 1 2421
i 19681 1 1 2421
i 19683 1 1 2421
i 1181 1 1 7812
i 23490 1 1 10204
i 21257 1 1 3906
i 1109 1 1 7812
i 1147 1 1 7812
i 554 60 60 62500
i 562 12 12 39062
end
npc 2006 # Lesser demon (lvl 82)
g 25769 1 1
t 1 main
i 1623 1 1 7812
i 1621 1 1 3906
i 1619 1 1 1953
i 1452 1 1 732
i 1462 1 1 732
i 1617 1 1 488
i 830 5 5 244
i 987 1 1 244
i 985 1 1 244
i 1247 1 1 15
i 2366 1 1 8
i 1249 1 1 6
i 560 3 3 23438
i 554 30 30 7812
i 199 1 1 1953
i 201 1 1 1465
i 203 1 1 1099
i 205 1 1 854
i 207 1 1 671
i 209 1 1 488
i 211 1 1 366
i 213 1 1 305
i 1157 1 1 31250
i 215 1 1 244
i 2485 1 1 183
i 217 1 1 183
i 995 120 120 312500
i 995 40 40 226562
i 995 200 200 78125
i 995 10 10 54688
i 995 450 450 7812
i 995 10 10 7812
i 1993 1 1 23438
i 1353 1 1 31250
i 444 1 1 15625
i 1325 1 1 23438
i 11941 1 1 333333
i 13501 1 1 20000
i 6805 1 1 200
i 19677 1 1 3636
i 19679 1 1 2421
i 19681 1 1 2421
i 19683 1 1 2421
i 1181 1 1 7812
i 23490 1 1 10204
i 21257 1 1 3906
i 1109 1 1 7812
i 1147 1 1 7812
i 554 60 60 62500
i 562 12 12 39062
end
npc 2007 # Lesser demon (lvl 82)
g 25769 1 1
t 1 main
i 1623 1 1 7812
i 1621 1 1 3906
i 1619 1 1 1953
i 1452 1 1 732
i 1462 1 1 732
i 1617 1 1 488
i 830 5 5 244
i 987 1 1 244
i 985 1 1 244
i 1247 1 1 15
i 2366 1 1 8
i 1249 1 1 6
i 560 3 3 23438
i 554 30 30 7812
i 199 1 1 1953
i 201 1 1 1465
i 203 1 1 1099
i 205 1 1 854
i 207 1 1 671
i 209 1 1 488
i 211 1 1 366
i 213 1 1 305
i 1157 1 1 31250
i 215 1 1 244
i 2485 1 1 183
i 217 1 1 183
i 995 120 120 312500
i 995 40 40 226562
i 995 200 200 78125
i 995 10 10 54688
i 995 450 450 7812
i 995 10 10 7812
i 1993 1 1 23438
i 1353 1 1 31250
i 444 1 1 15625
i 1325 1 1 23438
i 11941 1 1 333333
i 13501 1 1 20000
i 6805 1 1 200
i 19677 1 1 3636
i 19679 1 1 2421
i 19681 1 1 2421
i 19683 1 1 2421
i 1181 1 1 7812
i 23490 1 1 10204
i 21257 1 1 3906
i 1109 1 1 7812
i 1147 1 1 7812
i 554 60 60 62500
i 562 12 12 39062
end
npc 2008 # Lesser demon (lvl 82)
g 25769 1 1
t 1 main
i 1623 1 1 7812
i 1621 1 1 3906
i 1619 1 1 1953
i 1452 1 1 732
i 1462 1 1 732
i 1617 1 1 488
i 830 5 5 244
i 987 1 1 244
i 985 1 1 244
i 1247 1 1 15
i 2366 1 1 8
i 1249 1 1 6
i 560 3 3 23438
i 554 30 30 7812
i 199 1 1 1953
i 201 1 1 1465
i 203 1 1 1099
i 205 1 1 854
i 207 1 1 671
i 209 1 1 488
i 211 1 1 366
i 213 1 1 305
i 1157 1 1 31250
i 215 1 1 244
i 2485 1 1 183
i 217 1 1 183
i 995 120 120 312500
i 995 40 40 226562
i 995 200 200 78125
i 995 10 10 54688
i 995 450 450 7812
i 995 10 10 7812
i 1993 1 1 23438
i 1353 1 1 31250
i 444 1 1 15625
i 1325 1 1 23438
i 11941 1 1 333333
i 13501 1 1 20000
i 6805 1 1 200
i 19677 1 1 3636
i 19679 1 1 2421
i 19681 1 1 2421
i 19683 1 1 2421
i 1181 1 1 7812
i 23490 1 1 10204
i 21257 1 1 3906
i 1109 1 1 7812
i 1147 1 1 7812
i 554 60 60 62500
i 562 12 12 39062
end
npc 2018 # Lesser demon (lvl 82)
g 25769 1 1
t 1 main
i 1623 1 1 7812
i 1621 1 1 3906
i 1619 1 1 1953
i 1452 1 1 732
i 1462 1 1 732
i 1617 1 1 488
i 830 5 5 244
i 987 1 1 244
i 985 1 1 244
i 1247 1 1 15
i 2366 1 1 8
i 1249 1 1 6
i 560 3 3 23438
i 554 30 30 7812
i 199 1 1 1953
i 201 1 1 1465
i 203 1 1 1099
i 205 1 1 854
i 207 1 1 671
i 209 1 1 488
i 211 1 1 366
i 213 1 1 305
i 1157 1 1 31250
i 215 1 1 244
i 2485 1 1 183
i 217 1 1 183
i 995 120 120 312500
i 995 40 40 226562
i 995 200 200 78125
i 995 10 10 54688
i 995 450 450 7812
i 995 10 10 7812
i 1993 1 1 23438
i 1353 1 1 31250
i 444 1 1 15625
i 1325 1 1 23438
i 11941 1 1 333333
i 13501 1 1 20000
i 6805 1 1 200
i 19677 1 1 3636
i 19679 1 1 2421
i 19681 1 1 2421
i 19683 1 1 2421
i 1181 1 1 7812
i 23490 1 1 10204
i 21257 1 1 3906
i 1109 1 1 7812
i 1147 1 1 7812
i 554 60 60 62500
i 562 12 12 39062
end
npc 2025 # Greater demon (lvl 92)
g 25769 1 1
t 1 main
i 560 5 5 23438
i 554 37 37 7812
i 995 132 132 312500
i 995 44 44 226562
i 995 220 220 78125
i 995 11 11 54688
i 995 460 460 7812
i 361 1 1 23438
i 2357 1 1 15625
i 1734 10 10 7812
i 1311 1 1 31250
i 1353 1 1 23438
i 11941 1 1 333333
i 13501 1 1 25000
i 23083 1 1 8929
i 2722 1 1 7812
i 19677 1 1 3906
i 19679 1 1 2597
i 19681 1 1 2597
i 19683 1 1 2597
i 1365 1 1 23438
i 23490 1 1 10417
i 21257 1 1 4016
i 1197 1 1 7812
i 1073 1 1 7812
i 1163 1 1 7812
i 554 75 75 62500
i 562 15 15 23438
end
npc 2026 # Greater demon (lvl 92)
g 25769 1 1
t 1 main
i 560 5 5 23438
i 554 37 37 7812
i 995 132 132 312500
i 995 44 44 226562
i 995 220 220 78125
i 995 11 11 54688
i 995 460 460 7812
i 361 1 1 23438
i 2357 1 1 15625
i 1734 10 10 7812
i 1311 1 1 31250
i 1353 1 1 23438
i 11941 1 1 333333
i 13501 1 1 25000
i 23083 1 1 8929
i 2722 1 1 7812
i 19677 1 1 3906
i 19679 1 1 2597
i 19681 1 1 2597
i 19683 1 1 2597
i 1365 1 1 23438
i 23490 1 1 10417
i 21257 1 1 4016
i 1197 1 1 7812
i 1073 1 1 7812
i 1163 1 1 7812
i 554 75 75 62500
i 562 15 15 23438
end
npc 2027 # Greater demon (lvl 92)
g 25769 1 1
t 1 main
i 560 5 5 23438
i 554 37 37 7812
i 995 132 132 312500
i 995 44 44 226562
i 995 220 220 78125
i 995 11 11 54688
i 995 460 460 7812
i 361 1 1 23438
i 2357 1 1 15625
i 1734 10 10 7812
i 1311 1 1 31250
i 1353 1 1 23438
i 11941 1 1 333333
i 13501 1 1 25000
i 23083 1 1 8929
i 2722 1 1 7812
i 19677 1 1 3906
i 19679 1 1 2597
i 19681 1 1 2597
i 19683 1 1 2597
i 1365 1 1 23438
i 23490 1 1 10417
i 21257 1 1 4016
i 1197 1 1 7812
i 1073 1 1 7812
i 1163 1 1 7812
i 554 75 75 62500
i 562 15 15 23438
end
npc 2028 # Greater demon (lvl 92)
g 25769 1 1
t 1 main
i 560 5 5 23438
i 554 37 37 7812
i 995 132 132 312500
i 995 44 44 226562
i 995 220 220 78125
i 995 11 11 54688
i 995 460 460 7812
i 361 1 1 23438
i 2357 1 1 15625
i 1734 10 10 7812
i 1311 1 1 31250
i 1353 1 1 23438
i 11941 1 1 333333
i 13501 1 1 25000
i 23083 1 1 8929
i 2722 1 1 7812
i 19677 1 1 3906
i 19679 1 1 2597
i 19681 1 1 2597
i 19683 1 1 2597
i 1365 1 1 23438
i 23490 1 1 10417
i 21257 1 1 4016
i 1197 1 1 7812
i 1073 1 1 7812
i 1163 1 1 7812
i 554 75 75 62500
i 562 15 15 23438
end
npc 2029 # Greater demon (lvl 92)
g 25769 1 1
t 1 main
i 560 5 5 23438
i 554 37 37 7812
i 995 132 132 312500
i 995 44 44 226562
i 995 220 220 78125
i 995 11 11 54688
i 995 460 460 7812
i 361 1 1 23438
i 2357 1 1 15625
i 1734 10 10 7812
i 1311 1 1 31250
i 1353 1 1 23438
i 11941 1 1 333333
i 13501 1 1 25000
i 23083 1 1 8929
i 2722 1 1 7812
i 19677 1 1 3906
i 19679 1 1 2597
i 19681 1 1 2597
i 19683 1 1 2597
i 1365 1 1 23438
i 23490 1 1 10417
i 21257 1 1 4016
i 1197 1 1 7812
i 1073 1 1 7812
i 1163 1 1 7812
i 554 75 75 62500
i 562 15 15 23438
end
npc 2030 # Greater demon (lvl 92)
g 25769 1 1
t 1 main
i 560 5 5 23438
i 554 37 37 7812
i 995 132 132 312500
i 995 44 44 226562
i 995 220 220 78125
i 995 11 11 54688
i 995 460 460 7812
i 361 1 1 23438
i 2357 1 1 15625
i 1734 10 10 7812
i 1311 1 1 31250
i 1353 1 1 23438
i 11941 1 1 333333
i 13501 1 1 25000
i 23083 1 1 8929
i 2722 1 1 7812
i 19677 1 1 3906
i 19679 1 1 2597
i 19681 1 1 2597
i 19683 1 1 2597
i 1365 1 1 23438
i 23490 1 1 10417
i 21257 1 1 4016
i 1197 1 1 7812
i 1073 1 1 7812
i 1163 1 1 7812
i 554 75 75 62500
i 562 15 15 23438
end
npc 2031 # Greater demon (lvl 92)
g 25769 1 1
t 1 main
i 560 5 5 23438
i 554 37 37 7812
i 995 132 132 312500
i 995 44 44 226562
i 995 220 220 78125
i 995 11 11 54688
i 995 460 460 7812
i 361 1 1 23438
i 2357 1 1 15625
i 1734 10 10 7812
i 1311 1 1 31250
i 1353 1 1 23438
i 11941 1 1 333333
i 13501 1 1 25000
i 23083 1 1 8929
i 2722 1 1 7812
i 19677 1 1 3906
i 19679 1 1 2597
i 19681 1 1 2597
i 19683 1 1 2597
i 1365 1 1 23438
i 23490 1 1 10417
i 21257 1 1 4016
i 1197 1 1 7812
i 1073 1 1 7812
i 1163 1 1 7812
i 554 75 75 62500
i 562 15 15 23438
end
npc 2032 # Greater demon (lvl 92)
g 25769 1 1
t 1 main
i 560 5 5 23438
i 554 37 37 7812
i 995 132 132 312500
i 995 44 44 226562
i 995 220 220 78125
i 995 11 11 54688
i 995 460 460 7812
i 361 1 1 23438
i 2357 1 1 15625
i 1734 10 10 7812
i 1311 1 1 31250
i 1353 1 1 23438
i 11941 1 1 333333
i 13501 1 1 25000
i 23083 1 1 8929
i 2722 1 1 7812
i 19677 1 1 3906
i 19679 1 1 2597
i 19681 1 1 2597
i 19683 1 1 2597
i 1365 1 1 23438
i 23490 1 1 10417
i 21257 1 1 4016
i 1197 1 1 7812
i 1073 1 1 7812
i 1163 1 1 7812
i 554 75 75 62500
i 562 15 15 23438
end
npc 2042 # Zulrah (lvl 725)
g 12934 100 299
t 1 main
i 3204 1 1 8065
i 560 300 300 48387
i 563 200 200 48387
i 562 500 500 48387
i 3000 10 10 8065
i 267 30 30 8065
i 2998 25 25 8065
i 269 10 10 8065
i 5289 1 1 24194
i 5288 3 3 24194
i 12922 1 1 977
i 5290 2 2 24194
i 5316 1 1 16129
i 5296 2 2 8065
i 5300 1 1 8065
i 5303 2 2 8065
i 5304 1 1 8065
i 5317 1 1 4032
i 6289 35 35 44355
i 451 2 2 44355
i 7936 1500 1500 40323
i 12932 1 1 977
i 1779 1000 1000 40323
i 1515 35 35 40323
i 2361 20 20 32258
i 453 200 200 32258
i 536 12 12 32258
i 6332 50 50 32258
i 12938 4 4 60484
i 391 35 35 48387
i 5952 10 10 36290
i 9193 12 12 32258
i 12927 1 1 977
i 1987 250 250 24194
i 5974 20 20 24194
i 1939 1000 1000 20161
i 12934 500 500 20161
i 6571 1 1 977
i 13200 1 1 76
i 13201 1 1 76
i 23083 1 1 20000
i 12073 1 1 13333
i 12936 1 1 333
i 12921 1 1 250
i 1391 10 10 40323
i 1149 1 1 8065
end
npc 2043 # Zulrah (lvl 725)
g 12934 100 299
t 1 main
i 3204 1 1 8065
i 560 300 300 48387
i 563 200 200 48387
i 562 500 500 48387
i 3000 10 10 8065
i 267 30 30 8065
i 2998 25 25 8065
i 269 10 10 8065
i 5289 1 1 24194
i 5288 3 3 24194
i 12922 1 1 977
i 5290 2 2 24194
i 5316 1 1 16129
i 5296 2 2 8065
i 5300 1 1 8065
i 5303 2 2 8065
i 5304 1 1 8065
i 5317 1 1 4032
i 6289 35 35 44355
i 451 2 2 44355
i 7936 1500 1500 40323
i 12932 1 1 977
i 1779 1000 1000 40323
i 1515 35 35 40323
i 2361 20 20 32258
i 453 200 200 32258
i 536 12 12 32258
i 6332 50 50 32258
i 12938 4 4 60484
i 391 35 35 48387
i 5952 10 10 36290
i 9193 12 12 32258
i 12927 1 1 977
i 1987 250 250 24194
i 5974 20 20 24194
i 1939 1000 1000 20161
i 12934 500 500 20161
i 6571 1 1 977
i 13200 1 1 76
i 13201 1 1 76
i 23083 1 1 20000
i 12073 1 1 13333
i 12936 1 1 333
i 12921 1 1 250
i 1391 10 10 40323
i 1149 1 1 8065
end
npc 2044 # Zulrah (lvl 725)
g 12934 100 299
t 1 main
i 3204 1 1 8065
i 560 300 300 48387
i 563 200 200 48387
i 562 500 500 48387
i 3000 10 10 8065
i 267 30 30 8065
i 2998 25 25 8065
i 269 10 10 8065
i 5289 1 1 24194
i 5288 3 3 24194
i 12922 1 1 977
i 5290 2 2 24194
i 5316 1 1 16129
i 5296 2 2 8065
i 5300 1 1 8065
i 5303 2 2 8065
i 5304 1 1 8065
i 5317 1 1 4032
i 6289 35 35 44355
i 451 2 2 44355
i 7936 1500 1500 40323
i 12932 1 1 977
i 1779 1000 1000 40323
i 1515 35 35 40323
i 2361 20 20 32258
i 453 200 200 32258
i 536 12 12 32258
i 6332 50 50 32258
i 12938 4 4 60484
i 391 35 35 48387
i 5952 10 10 36290
i 9193 12 12 32258
i 12927 1 1 977
i 1987 250 250 24194
i 5974 20 20 24194
i 1939 1000 1000 20161
i 12934 500 500 20161
i 6571 1 1 977
i 13200 1 1 76
i 13201 1 1 76
i 23083 1 1 20000
i 12073 1 1 13333
i 12936 1 1 333
i 12921 1 1 250
i 1391 10 10 40323
i 1149 1 1 8065
end
npc 2048 # Black demon (lvl 172)
g 25772 1 1
t 1 main
i 565 7 7 31250
i 554 37 37 7812
i 563 3 3 7812
i 199 1 1 44843
i 201 1 1 33670
i 203 1 1 25253
i 205 1 1 19646
i 207 1 1 15432
i 209 1 1 11236
i 211 1 1 8425
i 1283 1 1 31250
i 213 1 1 7018
i 215 1 1 5615
i 2485 1 1 4212
i 217 1 1 4212
i 995 132 132 312500
i 995 30 30 54688
i 995 44 44 46875
i 995 220 220 46875
i 995 460 460 7812
i 379 1 1 23438
i 1365 1 1 23438
i 2361 1 1 15625
i 133 1 1 7812
i 1361 1 1 15625
i 1197 1 1 7812
i 11941 1 1 333333
i 1147 1 1 7812
i 13501 1 1 28571
i 23083 1 1 11765
i 2722 1 1 7812
i 19677 1 1 4425
i 19679 1 1 2941
i 19681 1 1 2941
i 19683 1 1 2941
i 23490 1 1 12195
i 21257 1 1 5128
i 1113 1 1 7812
i 556 50 50 62500
i 562 10 10 54688
end
npc 2049 # Black demon (lvl 172)
g 25772 1 1
t 1 main
i 565 7 7 31250
i 554 37 37 7812
i 563 3 3 7812
i 199 1 1 44843
i 201 1 1 33670
i 203 1 1 25253
i 205 1 1 19646
i 207 1 1 15432
i 209 1 1 11236
i 211 1 1 8425
i 1283 1 1 31250
i 213 1 1 7018
i 215 1 1 5615
i 2485 1 1 4212
i 217 1 1 4212
i 995 132 132 312500
i 995 30 30 54688
i 995 44 44 46875
i 995 220 220 46875
i 995 460 460 7812
i 379 1 1 23438
i 1365 1 1 23438
i 2361 1 1 15625
i 133 1 1 7812
i 1361 1 1 15625
i 1197 1 1 7812
i 11941 1 1 333333
i 1147 1 1 7812
i 13501 1 1 28571
i 23083 1 1 11765
i 2722 1 1 7812
i 19677 1 1 4425
i 19679 1 1 2941
i 19681 1 1 2941
i 19683 1 1 2941
i 23490 1 1 12195
i 21257 1 1 5128
i 1113 1 1 7812
i 556 50 50 62500
i 562 10 10 54688
end
npc 2050 # Black demon (lvl 172)
g 25772 1 1
t 1 main
i 565 7 7 31250
i 554 37 37 7812
i 563 3 3 7812
i 199 1 1 44843
i 201 1 1 33670
i 203 1 1 25253
i 205 1 1 19646
i 207 1 1 15432
i 209 1 1 11236
i 211 1 1 8425
i 1283 1 1 31250
i 213 1 1 7018
i 215 1 1 5615
i 2485 1 1 4212
i 217 1 1 4212
i 995 132 132 312500
i 995 30 30 54688
i 995 44 44 46875
i 995 220 220 46875
i 995 460 460 7812
i 379 1 1 23438
i 1365 1 1 23438
i 2361 1 1 15625
i 133 1 1 7812
i 1361 1 1 15625
i 1197 1 1 7812
i 11941 1 1 333333
i 1147 1 1 7812
i 13501 1 1 28571
i 23083 1 1 11765
i 2722 1 1 7812
i 19677 1 1 4425
i 19679 1 1 2941
i 19681 1 1 2941
i 19683 1 1 2941
i 23490 1 1 12195
i 21257 1 1 5128
i 1113 1 1 7812
i 556 50 50 62500
i 562 10 10 54688
end
npc 2051 # Black demon (lvl 172)
g 25772 1 1
t 1 main
i 565 7 7 31250
i 554 37 37 7812
i 563 3 3 7812
i 199 1 1 44843
i 201 1 1 33670
i 203 1 1 25253
i 205 1 1 19646
i 207 1 1 15432
i 209 1 1 11236
i 211 1 1 8425
i 1283 1 1 31250
i 213 1 1 7018
i 215 1 1 5615
i 2485 1 1 4212
i 217 1 1 4212
i 995 132 132 312500
i 995 30 30 54688
i 995 44 44 46875
i 995 220 220 46875
i 995 460 460 7812
i 379 1 1 23438
i 1365 1 1 23438
i 2361 1 1 15625
i 133 1 1 7812
i 1361 1 1 15625
i 1197 1 1 7812
i 11941 1 1 333333
i 1147 1 1 7812
i 13501 1 1 28571
i 23083 1 1 11765
i 2722 1 1 7812
i 19677 1 1 4425
i 19679 1 1 2941
i 19681 1 1 2941
i 19683 1 1 2941
i 23490 1 1 12195
i 21257 1 1 5128
i 1113 1 1 7812
i 556 50 50 62500
i 562 10 10 54688
end
npc 2052 # Black demon (lvl 172)
g 25772 1 1
t 1 main
i 565 7 7 31250
i 554 37 37 7812
i 563 3 3 7812
i 199 1 1 44843
i 201 1 1 33670
i 203 1 1 25253
i 205 1 1 19646
i 207 1 1 15432
i 209 1 1 11236
i 211 1 1 8425
i 1283 1 1 31250
i 213 1 1 7018
i 215 1 1 5615
i 2485 1 1 4212
i 217 1 1 4212
i 995 132 132 312500
i 995 30 30 54688
i 995 44 44 46875
i 995 220 220 46875
i 995 460 460 7812
i 379 1 1 23438
i 1365 1 1 23438
i 2361 1 1 15625
i 133 1 1 7812
i 1361 1 1 15625
i 1197 1 1 7812
i 11941 1 1 333333
i 1147 1 1 7812
i 13501 1 1 28571
i 23083 1 1 11765
i 2722 1 1 7812
i 19677 1 1 4425
i 19679 1 1 2941
i 19681 1 1 2941
i 19683 1 1 2941
i 23490 1 1 12195
i 21257 1 1 5128
i 1113 1 1 7812
i 556 50 50 62500
i 562 10 10 54688
end
npc 2054 # Chaos Elemental (lvl 305)
t 1 main
i 2297 3 3 100000
i 361 5 5 100000
i 11920 1 1 3906
i 1215 1 1 85938
i 7158 1 1 7812
i 556 500 500 78125
i 565 75 75 78125
i 562 250 250 78125
i 560 125 125 78125
i 809 300 300 78125
i 892 150 150 78125
i 534 2 2 100000
i 199 1 4 7812
i 201 1 4 5858
i 203 1 4 4394
i 205 1 4 3418
i 207 1 4 2685
i 209 1 4 1953
i 211 1 4 1465
i 213 1 4 1221
i 215 1 4 977
i 2485 1 4 732
i 530 5 5 100000
i 217 1 4 732
i 464 10 10 101562
i 5952 1 1 78125
i 5940 1 1 78125
i 995 7500 7500 62500
i 532 3 3 100000
i 526 4 4 100000
i 536 1 1 100000
i 11941 1 1 333333
i 23083 1 1 16949
i 12073 1 1 5000
i 11995 1 1 3333
i 23490 1 1 17241
i 21257 1 1 33333
i 2436 1 1 100000
i 2442 1 1 100000
i 2440 1 1 100000
end
npc 2056 # Dark wizard (lvl 23)
g 526 1 1
t 1 main
i 1379 1 1 31250
i 1017 1 1 46875
i 581 1 1 23438
i 557 36 36 31250
i 556 10 10 23438
i 555 10 10 23438
i 557 10 10 23438
i 554 10 10 23438
i 556 18 18 15625
i 555 18 18 15625
i 557 18 18 15625
i 554 18 18 15625
i 561 4 4 54688
i 562 4 4 46875
i 558 10 10 23438
i 559 10 10 23438
i 558 18 18 15625
i 559 18 18 15625
i 565 2 2 15625
i 564 2 2 7812
i 563 3 3 7812
i 995 1 1 132812
i 995 2 2 125000
i 995 4 4 70312
i 995 29 29 23438
i 995 30 30 7812
i 1444 1 1 15625
i 1442 1 1 15625
i 11941 1 1 142857
i 23182 1 1 28571
end
npc 2057 # Dark wizard (lvl 22)
g 526 1 1
t 1 main
i 1379 1 1 31250
i 1017 1 1 46875
i 581 1 1 23438
i 557 36 36 31250
i 556 10 10 23438
i 555 10 10 23438
i 557 10 10 23438
i 554 10 10 23438
i 556 18 18 15625
i 555 18 18 15625
i 557 18 18 15625
i 554 18 18 15625
i 561 4 4 54688
i 562 4 4 46875
i 558 10 10 23438
i 559 10 10 23438
i 558 18 18 15625
i 559 18 18 15625
i 565 2 2 15625
i 564 2 2 7812
i 563 3 3 7812
i 995 1 1 132812
i 995 2 2 125000
i 995 4 4 70312
i 995 29 29 23438
i 995 30 30 7812
i 1444 1 1 15625
i 1442 1 1 15625
i 11941 1 1 142857
i 23182 1 1 28571
end
npc 2058 # Dark wizard (lvl 11)
g 526 1 1
t 1 main
i 556 18 18 15625
i 555 18 18 15625
i 557 18 18 15625
i 554 18 18 15625
i 561 4 4 54688
i 562 5 5 46875
i 558 10 10 23438
i 559 10 10 23438
i 558 18 18 15625
i 559 18 18 15625
i 1379 1 1 62500
i 565 2 2 15625
i 564 2 2 7812
i 563 3 3 7812
i 995 1 1 132812
i 995 2 2 125000
i 995 4 4 54688
i 995 29 29 23438
i 995 30 30 7812
i 1444 1 1 7812
i 1442 1 1 7812
i 1017 1 1 46875
i 11941 1 1 66667
i 23182 1 1 20000
i 581 1 1 23438
i 557 36 36 31250
i 556 10 10 23438
i 555 10 10 23438
i 557 10 10 23438
i 554 10 10 23438
end
npc 2059 # Dark wizard (lvl 11)
g 526 1 1
t 1 main
i 556 18 18 15625
i 555 18 18 15625
i 557 18 18 15625
i 554 18 18 15625
i 561 4 4 54688
i 562 5 5 46875
i 558 10 10 23438
i 559 10 10 23438
i 558 18 18 15625
i 559 18 18 15625
i 1379 1 1 62500
i 565 2 2 15625
i 564 2 2 7812
i 563 3 3 7812
i 995 1 1 132812
i 995 2 2 125000
i 995 4 4 54688
i 995 29 29 23438
i 995 30 30 7812
i 1444 1 1 7812
i 1442 1 1 7812
i 1017 1 1 46875
i 11941 1 1 66667
i 23182 1 1 20000
i 581 1 1 23438
i 557 36 36 31250
i 556 10 10 23438
i 555 10 10 23438
i 557 10 10 23438
i 554 10 10 23438
end
npc 2062 # Oomlie bird (lvl 46)
g 526 1 1
g 2337 1 1
end
npc 2064 # Terrorbird (lvl 28)
g 526 1 1
t 1 main
i 7878 1 1 250000
end
npc 2065 # Terrorbird (lvl 28)
g 526 1 1
t 1 main
i 7878 1 1 250000
end
npc 2066 # Terrorbird (lvl 28)
g 526 1 1
t 1 main
i 7878 1 1 250000
end
npc 2067 # Mounted terrorbird gnome (lvl 31)
g 526 1 1
end
npc 2068 # Mounted terrorbird gnome (lvl 49)
g 526 1 1
end
npc 2075 # Fire giant (lvl 86)
g 532 1 1
t 1 main
i 554 37 37 7812
i 563 2 2 7812
i 199 1 1 37175
i 201 1 1 27855
i 203 1 1 20877
i 205 1 1 16234
i 207 1 1 12755
i 209 1 1 9276
i 211 1 1 6959
i 213 1 1 5797
i 1353 1 1 23438
i 215 1 1 4638
i 2485 1 1 3479
i 217 1 1 3479
i 995 60 60 312500
i 995 15 15 54688
i 995 25 25 46875
i 995 300 300 15625
i 995 50 50 7812
i 379 1 1 23438
i 2353 1 1 15625
i 1181 1 1 15625
i 117 1 1 7812
i 1393 1 1 7812
i 1333 1 1 7812
i 11941 1 1 333333
i 7872 1 1 250000
i 554 150 150 78125
i 13474 1 1 50000
i 23083 1 1 7194
i 10976 1 1 2500
i 6800 1 1 200
i 10977 1 1 200
i 23490 1 1 10204
i 562 5 5 54688
i 21257 1 1 4310
i 892 12 12 39062
i 565 5 5 31250
end
npc 2076 # Fire giant (lvl 86)
g 532 1 1
t 1 main
i 554 37 37 7812
i 563 2 2 7812
i 199 1 1 37175
i 201 1 1 27855
i 203 1 1 20877
i 205 1 1 16234
i 207 1 1 12755
i 209 1 1 9276
i 211 1 1 6959
i 213 1 1 5797
i 1353 1 1 23438
i 215 1 1 4638
i 2485 1 1 3479
i 217 1 1 3479
i 995 60 60 312500
i 995 15 15 54688
i 995 25 25 46875
i 995 300 300 15625
i 995 50 50 7812
i 379 1 1 23438
i 2353 1 1 15625
i 1181 1 1 15625
i 117 1 1 7812
i 1393 1 1 7812
i 1333 1 1 7812
i 11941 1 1 333333
i 7872 1 1 250000
i 554 150 150 78125
i 13474 1 1 50000
i 23083 1 1 7194
i 10976 1 1 2500
i 6800 1 1 200
i 10977 1 1 200
i 23490 1 1 10204
i 562 5 5 54688
i 21257 1 1 4310
i 892 12 12 39062
i 565 5 5 31250
end
npc 2077 # Fire giant (lvl 86)
g 532 1 1
t 1 main
i 554 37 37 7812
i 563 2 2 7812
i 199 1 1 37175
i 201 1 1 27855
i 203 1 1 20877
i 205 1 1 16234
i 207 1 1 12755
i 209 1 1 9276
i 211 1 1 6959
i 213 1 1 5797
i 1353 1 1 23438
i 215 1 1 4638
i 2485 1 1 3479
i 217 1 1 3479
i 995 60 60 312500
i 995 15 15 54688
i 995 25 25 46875
i 995 300 300 15625
i 995 50 50 7812
i 379 1 1 23438
i 2353 1 1 15625
i 1181 1 1 15625
i 117 1 1 7812
i 1393 1 1 7812
i 1333 1 1 7812
i 11941 1 1 333333
i 7872 1 1 250000
i 554 150 150 78125
i 13474 1 1 50000
i 23083 1 1 7194
i 10976 1 1 2500
i 6800 1 1 200
i 10977 1 1 200
i 23490 1 1 10204
i 562 5 5 54688
i 21257 1 1 4310
i 892 12 12 39062
i 565 5 5 31250
end
npc 2078 # Fire giant (lvl 86)
g 532 1 1
t 1 main
i 554 37 37 7812
i 563 2 2 7812
i 199 1 1 37175
i 201 1 1 27855
i 203 1 1 20877
i 205 1 1 16234
i 207 1 1 12755
i 209 1 1 9276
i 211 1 1 6959
i 213 1 1 5797
i 1353 1 1 23438
i 215 1 1 4638
i 2485 1 1 3479
i 217 1 1 3479
i 995 60 60 312500
i 995 15 15 54688
i 995 25 25 46875
i 995 300 300 15625
i 995 50 50 7812
i 379 1 1 23438
i 2353 1 1 15625
i 1181 1 1 15625
i 117 1 1 7812
i 1393 1 1 7812
i 1333 1 1 7812
i 11941 1 1 333333
i 7872 1 1 250000
i 554 150 150 78125
i 13474 1 1 50000
i 23083 1 1 7194
i 10976 1 1 2500
i 6800 1 1 200
i 10977 1 1 200
i 23490 1 1 10204
i 562 5 5 54688
i 21257 1 1 4310
i 892 12 12 39062
i 565 5 5 31250
end
npc 2079 # Fire giant (lvl 86)
g 532 1 1
t 1 main
i 554 37 37 7812
i 563 2 2 7812
i 199 1 1 37175
i 201 1 1 27855
i 203 1 1 20877
i 205 1 1 16234
i 207 1 1 12755
i 209 1 1 9276
i 211 1 1 6959
i 213 1 1 5797
i 1353 1 1 23438
i 215 1 1 4638
i 2485 1 1 3479
i 217 1 1 3479
i 995 60 60 312500
i 995 15 15 54688
i 995 25 25 46875
i 995 300 300 15625
i 995 50 50 7812
i 379 1 1 23438
i 2353 1 1 15625
i 1181 1 1 15625
i 117 1 1 7812
i 1393 1 1 7812
i 1333 1 1 7812
i 11941 1 1 333333
i 7872 1 1 250000
i 554 150 150 78125
i 13474 1 1 50000
i 23083 1 1 7194
i 10976 1 1 2500
i 6800 1 1 200
i 10977 1 1 200
i 23490 1 1 10204
i 562 5 5 54688
i 21257 1 1 4310
i 892 12 12 39062
i 565 5 5 31250
end
npc 2080 # Fire giant (lvl 86)
g 532 1 1
t 1 main
i 554 37 37 7812
i 563 2 2 7812
i 199 1 1 37175
i 201 1 1 27855
i 203 1 1 20877
i 205 1 1 16234
i 207 1 1 12755
i 209 1 1 9276
i 211 1 1 6959
i 213 1 1 5797
i 1353 1 1 23438
i 215 1 1 4638
i 2485 1 1 3479
i 217 1 1 3479
i 995 60 60 312500
i 995 15 15 54688
i 995 25 25 46875
i 995 300 300 15625
i 995 50 50 7812
i 379 1 1 23438
i 2353 1 1 15625
i 1181 1 1 15625
i 117 1 1 7812
i 1393 1 1 7812
i 1333 1 1 7812
i 11941 1 1 333333
i 7872 1 1 250000
i 554 150 150 78125
i 13474 1 1 50000
i 23083 1 1 7194
i 10976 1 1 2500
i 6800 1 1 200
i 10977 1 1 200
i 23490 1 1 10204
i 562 5 5 54688
i 21257 1 1 4310
i 892 12 12 39062
i 565 5 5 31250
end
npc 2081 # Fire giant (lvl 86)
g 532 1 1
t 1 main
i 554 37 37 7812
i 563 2 2 7812
i 199 1 1 37175
i 201 1 1 27855
i 203 1 1 20877
i 205 1 1 16234
i 207 1 1 12755
i 209 1 1 9276
i 211 1 1 6959
i 213 1 1 5797
i 1353 1 1 23438
i 215 1 1 4638
i 2485 1 1 3479
i 217 1 1 3479
i 995 60 60 312500
i 995 15 15 54688
i 995 25 25 46875
i 995 300 300 15625
i 995 50 50 7812
i 379 1 1 23438
i 2353 1 1 15625
i 1181 1 1 15625
i 117 1 1 7812
i 1393 1 1 7812
i 1333 1 1 7812
i 11941 1 1 333333
i 7872 1 1 250000
i 554 150 150 78125
i 13474 1 1 50000
i 23083 1 1 7194
i 10976 1 1 2500
i 6800 1 1 200
i 10977 1 1 200
i 23490 1 1 10204
i 562 5 5 54688
i 21257 1 1 4310
i 892 12 12 39062
i 565 5 5 31250
end
npc 2082 # Fire giant (lvl 86)
g 532 1 1
t 1 main
i 554 37 37 7812
i 563 2 2 7812
i 199 1 1 37175
i 201 1 1 27855
i 203 1 1 20877
i 205 1 1 16234
i 207 1 1 12755
i 209 1 1 9276
i 211 1 1 6959
i 213 1 1 5797
i 1353 1 1 23438
i 215 1 1 4638
i 2485 1 1 3479
i 217 1 1 3479
i 995 60 60 312500
i 995 15 15 54688
i 995 25 25 46875
i 995 300 300 15625
i 995 50 50 7812
i 379 1 1 23438
i 2353 1 1 15625
i 1181 1 1 15625
i 117 1 1 7812
i 1393 1 1 7812
i 1333 1 1 7812
i 11941 1 1 333333
i 7872 1 1 250000
i 554 150 150 78125
i 13474 1 1 50000
i 23083 1 1 7194
i 10976 1 1 2500
i 6800 1 1 200
i 10977 1 1 200
i 23490 1 1 10204
i 562 5 5 54688
i 21257 1 1 4310
i 892 12 12 39062
i 565 5 5 31250
end
npc 2083 # Fire giant (lvl 86)
g 532 1 1
t 1 main
i 554 37 37 7812
i 563 2 2 7812
i 199 1 1 37175
i 201 1 1 27855
i 203 1 1 20877
i 205 1 1 16234
i 207 1 1 12755
i 209 1 1 9276
i 211 1 1 6959
i 213 1 1 5797
i 1353 1 1 23438
i 215 1 1 4638
i 2485 1 1 3479
i 217 1 1 3479
i 995 60 60 312500
i 995 15 15 54688
i 995 25 25 46875
i 995 300 300 15625
i 995 50 50 7812
i 379 1 1 23438
i 2353 1 1 15625
i 1181 1 1 15625
i 117 1 1 7812
i 1393 1 1 7812
i 1333 1 1 7812
i 11941 1 1 333333
i 7872 1 1 250000
i 554 150 150 78125
i 13474 1 1 50000
i 23083 1 1 7194
i 10976 1 1 2500
i 6800 1 1 200
i 10977 1 1 200
i 23490 1 1 10204
i 562 5 5 54688
i 21257 1 1 4310
i 892 12 12 39062
i 565 5 5 31250
end
npc 2084 # Fire giant (lvl 86)
g 532 1 1
t 1 main
i 554 37 37 7812
i 563 2 2 7812
i 199 1 1 37175
i 201 1 1 27855
i 203 1 1 20877
i 205 1 1 16234
i 207 1 1 12755
i 209 1 1 9276
i 211 1 1 6959
i 213 1 1 5797
i 1353 1 1 23438
i 215 1 1 4638
i 2485 1 1 3479
i 217 1 1 3479
i 995 60 60 312500
i 995 15 15 54688
i 995 25 25 46875
i 995 300 300 15625
i 995 50 50 7812
i 379 1 1 23438
i 2353 1 1 15625
i 1181 1 1 15625
i 117 1 1 7812
i 1393 1 1 7812
i 1333 1 1 7812
i 11941 1 1 333333
i 7872 1 1 250000
i 554 150 150 78125
i 13474 1 1 50000
i 23083 1 1 7194
i 10976 1 1 2500
i 6800 1 1 200
i 10977 1 1 200
i 23490 1 1 10204
i 562 5 5 54688
i 21257 1 1 4310
i 892 12 12 39062
i 565 5 5 31250
end
npc 2085 # Ice giant (lvl 53)
g 532 1 1
t 1 main
i 1623 1 1 7812
i 1621 1 1 3906
i 1619 1 1 1953
i 1452 1 1 732
i 1462 1 1 732
i 1617 1 1 488
i 830 5 5 244
i 987 1 1 244
i 985 1 1 244
i 1247 1 1 15
i 2366 1 1 8
i 1249 1 1 6
i 5295 1 1 3779
i 5105 1 1 3295
i 5282 1 1 2811
i 5296 1 1 2616
i 5281 1 1 1744
i 5297 1 1 1744
i 5106 1 1 1260
i 5298 1 1 1163
i 5280 1 1 1163
i 5299 1 1 872
i 22873 1 1 775
i 5300 1 1 485
i 5301 1 1 388
i 5302 1 1 291
i 5303 1 1 194
i 5304 1 1 97
i 995 150 299 343750
i 995 200 399 78125
i 995 250 250 70312
i 995 100 100 54688
i 995 400 799 15625
i 1993 1 1 23438
i 447 3 3 7812
i 7946 1 1 7812
i 11941 1 1 333333
i 7875 1 1 250000
i 13474 1 1 47619
i 10976 1 1 2500
i 6800 1 1 200
i 10977 1 1 200
i 23490 1 1 7692
i 21257 1 1 4167
i 1355 1 1 31250
i 1287 1 1 31250
i 1071 1 1 7812
i 1211 1 1 7812
i 1430 1 1 7812
i 1183 1 1 7812
i 1199 1 1 7812
i 1213 1 1 7812
i 890 5 14 46875
i 561 6 6 31250
i 560 5 5 23438
i 563 3 3 15625
i 565 5 5 15625
i 564 4 4 7812
i 562 15 15 7812
i 560 3 3 7812
i 5100 1 1 13280
i 5323 1 1 12690
i 5292 1 1 12107
i 5104 1 1 8913
i 5293 1 1 8237
i 5311 1 1 8045
i 5321 1 1 6105
i 5294 1 1 5426
i 22879 1 1 3876
end
npc 2086 # Ice giant (lvl 53)
g 532 1 1
t 1 main
i 1623 1 1 7812
i 1621 1 1 3906
i 1619 1 1 1953
i 1452 1 1 732
i 1462 1 1 732
i 1617 1 1 488
i 830 5 5 244
i 987 1 1 244
i 985 1 1 244
i 1247 1 1 15
i 2366 1 1 8
i 1249 1 1 6
i 5295 1 1 3779
i 5105 1 1 3295
i 5282 1 1 2811
i 5296 1 1 2616
i 5281 1 1 1744
i 5297 1 1 1744
i 5106 1 1 1260
i 5298 1 1 1163
i 5280 1 1 1163
i 5299 1 1 872
i 22873 1 1 775
i 5300 1 1 485
i 5301 1 1 388
i 5302 1 1 291
i 5303 1 1 194
i 5304 1 1 97
i 995 150 299 343750
i 995 200 399 78125
i 995 250 250 70312
i 995 100 100 54688
i 995 400 799 15625
i 1993 1 1 23438
i 447 3 3 7812
i 7946 1 1 7812
i 11941 1 1 333333
i 7875 1 1 250000
i 13474 1 1 47619
i 10976 1 1 2500
i 6800 1 1 200
i 10977 1 1 200
i 23490 1 1 7692
i 21257 1 1 4167
i 1355 1 1 31250
i 1287 1 1 31250
i 1071 1 1 7812
i 1211 1 1 7812
i 1430 1 1 7812
i 1183 1 1 7812
i 1199 1 1 7812
i 1213 1 1 7812
i 890 5 14 46875
i 561 6 6 31250
i 560 5 5 23438
i 563 3 3 15625
i 565 5 5 15625
i 564 4 4 7812
i 562 15 15 7812
i 560 3 3 7812
i 5100 1 1 13280
i 5323 1 1 12690
i 5292 1 1 12107
i 5104 1 1 8913
i 5293 1 1 8237
i 5311 1 1 8045
i 5321 1 1 6105
i 5294 1 1 5426
i 22879 1 1 3876
end
npc 2087 # Ice giant (lvl 53)
g 532 1 1
t 1 main
i 1623 1 1 7812
i 1621 1 1 3906
i 1619 1 1 1953
i 1452 1 1 732
i 1462 1 1 732
i 1617 1 1 488
i 830 5 5 244
i 987 1 1 244
i 985 1 1 244
i 1247 1 1 15
i 2366 1 1 8
i 1249 1 1 6
i 5295 1 1 3779
i 5105 1 1 3295
i 5282 1 1 2811
i 5296 1 1 2616
i 5281 1 1 1744
i 5297 1 1 1744
i 5106 1 1 1260
i 5298 1 1 1163
i 5280 1 1 1163
i 5299 1 1 872
i 22873 1 1 775
i 5300 1 1 485
i 5301 1 1 388
i 5302 1 1 291
i 5303 1 1 194
i 5304 1 1 97
i 995 150 299 343750
i 995 200 399 78125
i 995 250 250 70312
i 995 100 100 54688
i 995 400 799 15625
i 1993 1 1 23438
i 447 3 3 7812
i 7946 1 1 7812
i 11941 1 1 333333
i 7875 1 1 250000
i 13474 1 1 47619
i 10976 1 1 2500
i 6800 1 1 200
i 10977 1 1 200
i 23490 1 1 7692
i 21257 1 1 4167
i 1355 1 1 31250
i 1287 1 1 31250
i 1071 1 1 7812
i 1211 1 1 7812
i 1430 1 1 7812
i 1183 1 1 7812
i 1199 1 1 7812
i 1213 1 1 7812
i 890 5 14 46875
i 561 6 6 31250
i 560 5 5 23438
i 563 3 3 15625
i 565 5 5 15625
i 564 4 4 7812
i 562 15 15 7812
i 560 3 3 7812
i 5100 1 1 13280
i 5323 1 1 12690
i 5292 1 1 12107
i 5104 1 1 8913
i 5293 1 1 8237
i 5311 1 1 8045
i 5321 1 1 6105
i 5294 1 1 5426
i 22879 1 1 3876
end
npc 2088 # Ice giant (lvl 53)
g 532 1 1
t 1 main
i 1623 1 1 7812
i 1621 1 1 3906
i 1619 1 1 1953
i 1452 1 1 732
i 1462 1 1 732
i 1617 1 1 488
i 830 5 5 244
i 987 1 1 244
i 985 1 1 244
i 1247 1 1 15
i 2366 1 1 8
i 1249 1 1 6
i 5295 1 1 3779
i 5105 1 1 3295
i 5282 1 1 2811
i 5296 1 1 2616
i 5281 1 1 1744
i 5297 1 1 1744
i 5106 1 1 1260
i 5298 1 1 1163
i 5280 1 1 1163
i 5299 1 1 872
i 22873 1 1 775
i 5300 1 1 485
i 5301 1 1 388
i 5302 1 1 291
i 5303 1 1 194
i 5304 1 1 97
i 995 150 299 343750
i 995 200 399 78125
i 995 250 250 70312
i 995 100 100 54688
i 995 400 799 15625
i 1993 1 1 23438
i 447 3 3 7812
i 7946 1 1 7812
i 11941 1 1 333333
i 7875 1 1 250000
i 13474 1 1 47619
i 10976 1 1 2500
i 6800 1 1 200
i 10977 1 1 200
i 23490 1 1 7692
i 21257 1 1 4167
i 1355 1 1 31250
i 1287 1 1 31250
i 1071 1 1 7812
i 1211 1 1 7812
i 1430 1 1 7812
i 1183 1 1 7812
i 1199 1 1 7812
i 1213 1 1 7812
i 890 5 14 46875
i 561 6 6 31250
i 560 5 5 23438
i 563 3 3 15625
i 565 5 5 15625
i 564 4 4 7812
i 562 15 15 7812
i 560 3 3 7812
i 5100 1 1 13280
i 5323 1 1 12690
i 5292 1 1 12107
i 5104 1 1 8913
i 5293 1 1 8237
i 5311 1 1 8045
i 5321 1 1 6105
i 5294 1 1 5426
i 22879 1 1 3876
end
npc 2089 # Ice giant (lvl 53)
g 532 1 1
t 1 main
i 1623 1 1 7812
i 1621 1 1 3906
i 1619 1 1 1953
i 1452 1 1 732
i 1462 1 1 732
i 1617 1 1 488
i 830 5 5 244
i 987 1 1 244
i 985 1 1 244
i 1247 1 1 15
i 2366 1 1 8
i 1249 1 1 6
i 5295 1 1 3779
i 5105 1 1 3295
i 5282 1 1 2811
i 5296 1 1 2616
i 5281 1 1 1744
i 5297 1 1 1744
i 5106 1 1 1260
i 5298 1 1 1163
i 5280 1 1 1163
i 5299 1 1 872
i 22873 1 1 775
i 5300 1 1 485
i 5301 1 1 388
i 5302 1 1 291
i 5303 1 1 194
i 5304 1 1 97
i 995 150 299 343750
i 995 200 399 78125
i 995 250 250 70312
i 995 100 100 54688
i 995 400 799 15625
i 1993 1 1 23438
i 447 3 3 7812
i 7946 1 1 7812
i 11941 1 1 333333
i 7875 1 1 250000
i 13474 1 1 47619
i 10976 1 1 2500
i 6800 1 1 200
i 10977 1 1 200
i 23490 1 1 7692
i 21257 1 1 4167
i 1355 1 1 31250
i 1287 1 1 31250
i 1071 1 1 7812
i 1211 1 1 7812
i 1430 1 1 7812
i 1183 1 1 7812
i 1199 1 1 7812
i 1213 1 1 7812
i 890 5 14 46875
i 561 6 6 31250
i 560 5 5 23438
i 563 3 3 15625
i 565 5 5 15625
i 564 4 4 7812
i 562 15 15 7812
i 560 3 3 7812
i 5100 1 1 13280
i 5323 1 1 12690
i 5292 1 1 12107
i 5104 1 1 8913
i 5293 1 1 8237
i 5311 1 1 8045
i 5321 1 1 6105
i 5294 1 1 5426
i 22879 1 1 3876
end
npc 2090 # Moss giant (lvl 42)
g 532 1 1
t 1 main
i 1623 1 1 7812
i 1621 1 1 3906
i 1619 1 1 1953
i 1452 1 1 732
i 1462 1 1 732
i 1617 1 1 488
i 830 5 5 244
i 987 1 1 244
i 985 1 1 244
i 1247 1 1 15
i 2366 1 1 8
i 1249 1 1 6
i 557 27 27 23438
i 562 7 7 23438
i 561 6 6 23438
i 564 3 3 15625
i 884 15 15 15625
i 886 30 30 7812
i 560 3 3 7812
i 565 1 1 7812
i 199 1 1 9766
i 201 1 1 7326
i 1179 1 1 39062
i 203 1 1 5495
i 205 1 1 4272
i 207 1 1 3357
i 209 1 1 2441
i 211 1 1 1831
i 213 1 1 1526
i 215 1 1 1221
i 2485 1 1 915
i 217 1 1 915
i 5100 1 1 35714
i 1389 1 1 15625
i 5323 1 1 34130
i 5292 1 1 32573
i 5104 1 1 23981
i 5293 1 1 22173
i 5311 1 1 21645
i 5321 1 1 16447
i 5294 1 1 14620
i 22879 1 1 10438
i 5295 1 1 10173
i 5105 1 1 8873
i 1141 1 1 15625
i 5282 1 1 7564
i 5296 1 1 7042
i 5281 1 1 4697
i 5297 1 1 4697
i 5106 1 1 3392
i 5298 1 1 3131
i 5280 1 1 3131
i 5299 1 1 2348
i 22873 1 1 2087
i 5300 1 1 1305
i 1285 1 1 15625
i 5301 1 1 1044
i 5302 1 1 783
i 5303 1 1 522
i 5304 1 1 261
i 995 5 5 273438
i 995 37 37 148438
i 995 2 2 85938
i 995 119 119 78125
i 995 10 10 39062
i 995 300 300 15625
i 1243 1 1 15625
i 2353 1 1 46875
i 453 1 1 7812
i 1969 1 1 7812
i 1193 1 1 7812
i 11941 1 1 333333
i 7869 1 1 250000
i 13474 1 1 41667
i 23182 1 1 22222
i 22374 1 1 6667
i 563 3 3 31250
i 10976 1 1 2500
i 6800 1 1 200
i 10977 1 1 200
i 19677 1 1 3413
i 19679 1 1 2273
i 19681 1 1 2273
i 19683 1 1 2273
i 23490 1 1 1876
i 21257 1 1 3676
i 556 18 18 23438
end
npc 2091 # Moss giant (lvl 42)
g 532 1 1
t 1 main
i 1623 1 1 7812
i 1621 1 1 3906
i 1619 1 1 1953
i 1452 1 1 732
i 1462 1 1 732
i 1617 1 1 488
i 830 5 5 244
i 987 1 1 244
i 985 1 1 244
i 1247 1 1 15
i 2366 1 1 8
i 1249 1 1 6
i 557 27 27 23438
i 562 7 7 23438
i 561 6 6 23438
i 564 3 3 15625
i 884 15 15 15625
i 886 30 30 7812
i 560 3 3 7812
i 565 1 1 7812
i 199 1 1 9766
i 201 1 1 7326
i 1179 1 1 39062
i 203 1 1 5495
i 205 1 1 4272
i 207 1 1 3357
i 209 1 1 2441
i 211 1 1 1831
i 213 1 1 1526
i 215 1 1 1221
i 2485 1 1 915
i 217 1 1 915
i 5100 1 1 35714
i 1389 1 1 15625
i 5323 1 1 34130
i 5292 1 1 32573
i 5104 1 1 23981
i 5293 1 1 22173
i 5311 1 1 21645
i 5321 1 1 16447
i 5294 1 1 14620
i 22879 1 1 10438
i 5295 1 1 10173
i 5105 1 1 8873
i 1141 1 1 15625
i 5282 1 1 7564
i 5296 1 1 7042
i 5281 1 1 4697
i 5297 1 1 4697
i 5106 1 1 3392
i 5298 1 1 3131
i 5280 1 1 3131
i 5299 1 1 2348
i 22873 1 1 2087
i 5300 1 1 1305
i 1285 1 1 15625
i 5301 1 1 1044
i 5302 1 1 783
i 5303 1 1 522
i 5304 1 1 261
i 995 5 5 273438
i 995 37 37 148438
i 995 2 2 85938
i 995 119 119 78125
i 995 10 10 39062
i 995 300 300 15625
i 1243 1 1 15625
i 2353 1 1 46875
i 453 1 1 7812
i 1969 1 1 7812
i 1193 1 1 7812
i 11941 1 1 333333
i 7869 1 1 250000
i 13474 1 1 41667
i 23182 1 1 22222
i 22374 1 1 6667
i 563 3 3 31250
i 10976 1 1 2500
i 6800 1 1 200
i 10977 1 1 200
i 19677 1 1 3413
i 19679 1 1 2273
i 19681 1 1 2273
i 19683 1 1 2273
i 23490 1 1 1876
i 21257 1 1 3676
i 556 18 18 23438
end
npc 2092 # Moss giant (lvl 42)
g 532 1 1
t 1 main
i 1623 1 1 7812
i 1621 1 1 3906
i 1619 1 1 1953
i 1452 1 1 732
i 1462 1 1 732
i 1617 1 1 488
i 830 5 5 244
i 987 1 1 244
i 985 1 1 244
i 1247 1 1 15
i 2366 1 1 8
i 1249 1 1 6
i 557 27 27 23438
i 562 7 7 23438
i 561 6 6 23438
i 564 3 3 15625
i 884 15 15 15625
i 886 30 30 7812
i 560 3 3 7812
i 565 1 1 7812
i 199 1 1 9766
i 201 1 1 7326
i 1179 1 1 39062
i 203 1 1 5495
i 205 1 1 4272
i 207 1 1 3357
i 209 1 1 2441
i 211 1 1 1831
i 213 1 1 1526
i 215 1 1 1221
i 2485 1 1 915
i 217 1 1 915
i 5100 1 1 35714
i 1389 1 1 15625
i 5323 1 1 34130
i 5292 1 1 32573
i 5104 1 1 23981
i 5293 1 1 22173
i 5311 1 1 21645
i 5321 1 1 16447
i 5294 1 1 14620
i 22879 1 1 10438
i 5295 1 1 10173
i 5105 1 1 8873
i 1141 1 1 15625
i 5282 1 1 7564
i 5296 1 1 7042
i 5281 1 1 4697
i 5297 1 1 4697
i 5106 1 1 3392
i 5298 1 1 3131
i 5280 1 1 3131
i 5299 1 1 2348
i 22873 1 1 2087
i 5300 1 1 1305
i 1285 1 1 15625
i 5301 1 1 1044
i 5302 1 1 783
i 5303 1 1 522
i 5304 1 1 261
i 995 5 5 273438
i 995 37 37 148438
i 995 2 2 85938
i 995 119 119 78125
i 995 10 10 39062
i 995 300 300 15625
i 1243 1 1 15625
i 2353 1 1 46875
i 453 1 1 7812
i 1969 1 1 7812
i 1193 1 1 7812
i 11941 1 1 333333
i 7869 1 1 250000
i 13474 1 1 41667
i 23182 1 1 22222
i 22374 1 1 6667
i 563 3 3 31250
i 10976 1 1 2500
i 6800 1 1 200
i 10977 1 1 200
i 19677 1 1 3413
i 19679 1 1 2273
i 19681 1 1 2273
i 19683 1 1 2273
i 23490 1 1 1876
i 21257 1 1 3676
i 556 18 18 23438
end
npc 2093 # Moss giant (lvl 42)
g 532 1 1
t 1 main
i 1623 1 1 7812
i 1621 1 1 3906
i 1619 1 1 1953
i 1452 1 1 732
i 1462 1 1 732
i 1617 1 1 488
i 830 5 5 244
i 987 1 1 244
i 985 1 1 244
i 1247 1 1 15
i 2366 1 1 8
i 1249 1 1 6
i 557 27 27 23438
i 562 7 7 23438
i 561 6 6 23438
i 564 3 3 15625
i 884 15 15 15625
i 886 30 30 7812
i 560 3 3 7812
i 565 1 1 7812
i 199 1 1 9766
i 201 1 1 7326
i 1179 1 1 39062
i 203 1 1 5495
i 205 1 1 4272
i 207 1 1 3357
i 209 1 1 2441
i 211 1 1 1831
i 213 1 1 1526
i 215 1 1 1221
i 2485 1 1 915
i 217 1 1 915
i 5100 1 1 35714
i 1389 1 1 15625
i 5323 1 1 34130
i 5292 1 1 32573
i 5104 1 1 23981
i 5293 1 1 22173
i 5311 1 1 21645
i 5321 1 1 16447
i 5294 1 1 14620
i 22879 1 1 10438
i 5295 1 1 10173
i 5105 1 1 8873
i 1141 1 1 15625
i 5282 1 1 7564
i 5296 1 1 7042
i 5281 1 1 4697
i 5297 1 1 4697
i 5106 1 1 3392
i 5298 1 1 3131
i 5280 1 1 3131
i 5299 1 1 2348
i 22873 1 1 2087
i 5300 1 1 1305
i 1285 1 1 15625
i 5301 1 1 1044
i 5302 1 1 783
i 5303 1 1 522
i 5304 1 1 261
i 995 5 5 273438
i 995 37 37 148438
i 995 2 2 85938
i 995 119 119 78125
i 995 10 10 39062
i 995 300 300 15625
i 1243 1 1 15625
i 2353 1 1 46875
i 453 1 1 7812
i 1969 1 1 7812
i 1193 1 1 7812
i 11941 1 1 333333
i 7869 1 1 250000
i 13474 1 1 41667
i 23182 1 1 22222
i 22374 1 1 6667
i 563 3 3 31250
i 10976 1 1 2500
i 6800 1 1 200
i 10977 1 1 200
i 19677 1 1 3413
i 19679 1 1 2273
i 19681 1 1 2273
i 19683 1 1 2273
i 23490 1 1 1876
i 21257 1 1 3676
i 556 18 18 23438
end
npc 2094 # Jogre (lvl 53)
g 3125 1 1
t 1 main
i 1623 1 1 1938
i 1621 1 1 969
i 1619 1 1 484
i 1452 1 1 182
i 1462 1 1 182
i 1617 1 1 121
i 830 5 5 61
i 987 1 1 61
i 985 1 1 61
i 1247 1 1 4
i 2366 1 1 2
i 1249 1 1 1
i 199 1 1 11628
i 201 1 1 8718
i 203 1 1 6540
i 205 1 1 5086
i 207 1 1 3997
i 209 1 1 2907
i 211 1 1 2180
i 213 1 1 1817
i 215 1 1 1453
i 2485 1 1 1090
i 1237 1 1 232558
i 217 1 1 1090
i 5100 1 1 15198
i 5323 1 1 14535
i 5292 1 1 13870
i 5104 1 1 10204
i 5293 1 1 9434
i 5311 1 1 9208
i 5321 1 1 6988
i 5294 1 1 6215
i 22879 1 1 4439
i 1239 1 1 31008
i 5295 1 1 4327
i 5105 1 1 3772
i 5282 1 1 3218
i 5296 1 1 2996
i 5281 1 1 1997
i 5297 1 1 1997
i 5106 1 1 1442
i 5298 1 1 1331
i 5280 1 1 1331
i 5299 1 1 999
i 561 2 2 77519
i 22873 1 1 888
i 5300 1 1 555
i 5301 1 1 444
i 5302 1 1 333
i 5303 1 1 222
i 5304 1 1 111
i 6306 22 22 209302
i 2114 2 2 62016
i 946 1 1 38760
i 526 1 1 23256
i 561 10 10 15504
i 532 1 1 23256
i 532 3 3 15504
i 526 1 1 15504
i 561 5 5 15504
i 7845 1 1 250000
i 2801 1 1 7752
i 6804 1 1 200
i 827 5 5 15504
i 1533 1 1 38760
i 1525 1 1 38760
end
npc 2095 # Ogre (lvl 53)
g 532 1 1
t 1 main
i 22879 1 1 5666
i 5295 1 1 5525
i 5105 1 1 4815
i 5282 1 1 4107
i 5296 1 1 3824
i 5281 1 1 2550
i 5297 1 1 2550
i 5106 1 1 1841
i 5298 1 1 1700
i 5280 1 1 1700
i 5100 1 1 19417
i 5299 1 1 1275
i 22873 1 1 1133
i 5300 1 1 708
i 5301 1 1 567
i 5302 1 1 425
i 5303 1 1 283
i 5304 1 1 142
i 11941 1 1 333333
i 7842 1 1 250000
i 13477 1 1 33333
i 5323 1 1 18553
i 11942 1 1 16667
i 10976 1 1 2500
i 10977 1 1 200
i 5292 1 1 17699
i 5104 1 1 13038
i 5293 1 1 12034
i 5311 1 1 11751
i 5321 1 1 8921
i 5294 1 1 7930
end
npc 2096 # Ogre (lvl 53)
g 532 1 1
t 1 main
i 22879 1 1 5666
i 5295 1 1 5525
i 5105 1 1 4815
i 5282 1 1 4107
i 5296 1 1 3824
i 5281 1 1 2550
i 5297 1 1 2550
i 5106 1 1 1841
i 5298 1 1 1700
i 5280 1 1 1700
i 5100 1 1 19417
i 5299 1 1 1275
i 22873 1 1 1133
i 5300 1 1 708
i 5301 1 1 567
i 5302 1 1 425
i 5303 1 1 283
i 5304 1 1 142
i 11941 1 1 333333
i 7842 1 1 250000
i 13477 1 1 33333
i 5323 1 1 18553
i 11942 1 1 16667
i 10976 1 1 2500
i 10977 1 1 200
i 5292 1 1 17699
i 5104 1 1 13038
i 5293 1 1 12034
i 5311 1 1 11751
i 5321 1 1 8921
i 5294 1 1 7930
end
npc 2097 # Cyclops (lvl 56)
g 532 1 1
t 1 main
i 1623 1 1 5859
i 1621 1 1 2930
i 1619 1 1 1465
i 1452 1 1 549
i 1462 1 1 549
i 1617 1 1 366
i 830 5 5 183
i 987 1 1 183
i 985 1 1 183
i 1247 1 1 11
i 2366 1 1 6
i 1249 1 1 4
i 1203 1 1 31250
i 1153 1 1 39062
i 1191 1 1 23438
i 1295 1 1 15625
i 884 3 3 46875
i 554 15 15 23438
i 555 7 7 23438
i 563 2 2 23438
i 886 10 10 15625
i 558 3 3 15625
i 564 2 2 15625
i 561 6 6 15625
i 562 2 2 7812
i 560 2 2 7812
i 199 1 1 13680
i 201 1 1 10256
i 203 1 1 7692
i 205 1 1 5981
i 207 1 1 4699
i 209 1 1 3418
i 211 1 1 2563
i 213 1 1 2136
i 215 1 1 1709
i 2485 1 1 1282
i 217 1 1 1282
i 5318 4 4 45455
i 5319 4 4 34483
i 5324 4 4 22727
i 5322 3 3 11236
i 5320 3 3 5587
i 5323 2 2 2786
i 5321 2 2 1330
i 22879 2 2 967
i 5305 4 4 4329
i 5307 3 3 4310
i 5308 3 3 3247
i 5306 2 2 3226
i 5309 2 2 2151
i 5310 2 2 1074
i 5311 1 1 546
i 995 38 38 109375
i 995 52 52 78125
i 995 15 15 62500
i 995 8 8 46875
i 995 88 88 15625
i 225 1 1 85938
i 1917 1 1 46875
i 1446 1 1 15625
i 20754 1 1 7812
i 13474 1 1 40000
i 23182 1 1 20000
i 10976 1 1 2500
i 6800 1 1 200
i 10977 1 1 200
end
npc 2098 # Hill Giant (lvl 28)
g 532 1 1
t 1 main
i 1623 1 1 5859
i 1621 1 1 2930
i 1619 1 1 1465
i 1452 1 1 549
i 1462 1 1 549
i 1617 1 1 366
i 830 5 5 183
i 987 1 1 183
i 985 1 1 183
i 1247 1 1 11
i 2366 1 1 6
i 1249 1 1 4
i 886 10 10 15625
i 558 3 3 15625
i 564 2 2 15625
i 561 6 6 15625
i 562 2 2 7812
i 560 2 2 7812
i 199 1 1 13680
i 201 1 1 10256
i 203 1 1 7692
i 205 1 1 5981
i 1203 1 1 31250
i 207 1 1 4699
i 209 1 1 3418
i 211 1 1 2563
i 213 1 1 2136
i 215 1 1 1709
i 2485 1 1 1282
i 217 1 1 1282
i 5318 4 4 52632
i 5319 4 4 40000
i 5324 4 4 26316
i 1153 1 1 39062
i 5322 3 3 12987
i 5320 3 3 6452
i 5323 2 2 3215
i 5321 2 2 1536
i 22879 2 2 1116
i 995 5 5 140625
i 995 38 38 109375
i 995 52 52 78125
i 995 15 15 62500
i 995 10 10 54688
i 1191 1 1 23438
i 995 8 8 46875
i 995 88 88 15625
i 225 1 1 85938
i 1917 1 1 46875
i 1446 1 1 15625
i 20754 1 1 7812
i 1295 1 1 15625
i 11941 1 1 200000
i 13474 1 1 40000
i 884 3 3 46875
i 23182 1 1 20000
i 10976 1 1 2500
i 6800 1 1 200
i 10977 1 1 200
i 554 15 15 23438
i 555 7 7 23438
i 563 2 2 23438
end
npc 2099 # Hill Giant (lvl 28)
g 532 1 1
t 1 main
i 1623 1 1 5859
i 1621 1 1 2930
i 1619 1 1 1465
i 1452 1 1 549
i 1462 1 1 549
i 1617 1 1 366
i 830 5 5 183
i 987 1 1 183
i 985 1 1 183
i 1247 1 1 11
i 2366 1 1 6
i 1249 1 1 4
i 886 10 10 15625
i 558 3 3 15625
i 564 2 2 15625
i 561 6 6 15625
i 562 2 2 7812
i 560 2 2 7812
i 199 1 1 13680
i 201 1 1 10256
i 203 1 1 7692
i 205 1 1 5981
i 1203 1 1 31250
i 207 1 1 4699
i 209 1 1 3418
i 211 1 1 2563
i 213 1 1 2136
i 215 1 1 1709
i 2485 1 1 1282
i 217 1 1 1282
i 5318 4 4 52632
i 5319 4 4 40000
i 5324 4 4 26316
i 1153 1 1 39062
i 5322 3 3 12987
i 5320 3 3 6452
i 5323 2 2 3215
i 5321 2 2 1536
i 22879 2 2 1116
i 995 5 5 140625
i 995 38 38 109375
i 995 52 52 78125
i 995 15 15 62500
i 995 10 10 54688
i 1191 1 1 23438
i 995 8 8 46875
i 995 88 88 15625
i 225 1 1 85938
i 1917 1 1 46875
i 1446 1 1 15625
i 20754 1 1 7812
i 1295 1 1 15625
i 11941 1 1 200000
i 13474 1 1 40000
i 884 3 3 46875
i 23182 1 1 20000
i 10976 1 1 2500
i 6800 1 1 200
i 10977 1 1 200
i 554 15 15 23438
i 555 7 7 23438
i 563 2 2 23438
end
npc 2100 # Hill Giant (lvl 28)
g 532 1 1
t 1 main
i 1623 1 1 5859
i 1621 1 1 2930
i 1619 1 1 1465
i 1452 1 1 549
i 1462 1 1 549
i 1617 1 1 366
i 830 5 5 183
i 987 1 1 183
i 985 1 1 183
i 1247 1 1 11
i 2366 1 1 6
i 1249 1 1 4
i 886 10 10 15625
i 558 3 3 15625
i 564 2 2 15625
i 561 6 6 15625
i 562 2 2 7812
i 560 2 2 7812
i 199 1 1 13680
i 201 1 1 10256
i 203 1 1 7692
i 205 1 1 5981
i 1203 1 1 31250
i 207 1 1 4699
i 209 1 1 3418
i 211 1 1 2563
i 213 1 1 2136
i 215 1 1 1709
i 2485 1 1 1282
i 217 1 1 1282
i 5318 4 4 52632
i 5319 4 4 40000
i 5324 4 4 26316
i 1153 1 1 39062
i 5322 3 3 12987
i 5320 3 3 6452
i 5323 2 2 3215
i 5321 2 2 1536
i 22879 2 2 1116
i 995 5 5 140625
i 995 38 38 109375
i 995 52 52 78125
i 995 15 15 62500
i 995 10 10 54688
i 1191 1 1 23438
i 995 8 8 46875
i 995 88 88 15625
i 225 1 1 85938
i 1917 1 1 46875
i 1446 1 1 15625
i 20754 1 1 7812
i 1295 1 1 15625
i 11941 1 1 200000
i 13474 1 1 40000
i 884 3 3 46875
i 23182 1 1 20000
i 10976 1 1 2500
i 6800 1 1 200
i 10977 1 1 200
i 554 15 15 23438
i 555 7 7 23438
i 563 2 2 23438
end
npc 2101 # Hill Giant (lvl 28)
g 532 1 1
t 1 main
i 1623 1 1 5859
i 1621 1 1 2930
i 1619 1 1 1465
i 1452 1 1 549
i 1462 1 1 549
i 1617 1 1 366
i 830 5 5 183
i 987 1 1 183
i 985 1 1 183
i 1247 1 1 11
i 2366 1 1 6
i 1249 1 1 4
i 886 10 10 15625
i 558 3 3 15625
i 564 2 2 15625
i 561 6 6 15625
i 562 2 2 7812
i 560 2 2 7812
i 199 1 1 13680
i 201 1 1 10256
i 203 1 1 7692
i 205 1 1 5981
i 1203 1 1 31250
i 207 1 1 4699
i 209 1 1 3418
i 211 1 1 2563
i 213 1 1 2136
i 215 1 1 1709
i 2485 1 1 1282
i 217 1 1 1282
i 5318 4 4 52632
i 5319 4 4 40000
i 5324 4 4 26316
i 1153 1 1 39062
i 5322 3 3 12987
i 5320 3 3 6452
i 5323 2 2 3215
i 5321 2 2 1536
i 22879 2 2 1116
i 995 5 5 140625
i 995 38 38 109375
i 995 52 52 78125
i 995 15 15 62500
i 995 10 10 54688
i 1191 1 1 23438
i 995 8 8 46875
i 995 88 88 15625
i 225 1 1 85938
i 1917 1 1 46875
i 1446 1 1 15625
i 20754 1 1 7812
i 1295 1 1 15625
i 11941 1 1 200000
i 13474 1 1 40000
i 884 3 3 46875
i 23182 1 1 20000
i 10976 1 1 2500
i 6800 1 1 200
i 10977 1 1 200
i 554 15 15 23438
i 555 7 7 23438
i 563 2 2 23438
end
npc 2102 # Hill Giant (lvl 28)
g 532 1 1
t 1 main
i 1623 1 1 5859
i 1621 1 1 2930
i 1619 1 1 1465
i 1452 1 1 549
i 1462 1 1 549
i 1617 1 1 366
i 830 5 5 183
i 987 1 1 183
i 985 1 1 183
i 1247 1 1 11
i 2366 1 1 6
i 1249 1 1 4
i 886 10 10 15625
i 558 3 3 15625
i 564 2 2 15625
i 561 6 6 15625
i 562 2 2 7812
i 560 2 2 7812
i 199 1 1 13680
i 201 1 1 10256
i 203 1 1 7692
i 205 1 1 5981
i 1203 1 1 31250
i 207 1 1 4699
i 209 1 1 3418
i 211 1 1 2563
i 213 1 1 2136
i 215 1 1 1709
i 2485 1 1 1282
i 217 1 1 1282
i 5318 4 4 52632
i 5319 4 4 40000
i 5324 4 4 26316
i 1153 1 1 39062
i 5322 3 3 12987
i 5320 3 3 6452
i 5323 2 2 3215
i 5321 2 2 1536
i 22879 2 2 1116
i 995 5 5 140625
i 995 38 38 109375
i 995 52 52 78125
i 995 15 15 62500
i 995 10 10 54688
i 1191 1 1 23438
i 995 8 8 46875
i 995 88 88 15625
i 225 1 1 85938
i 1917 1 1 46875
i 1446 1 1 15625
i 20754 1 1 7812
i 1295 1 1 15625
i 11941 1 1 200000
i 13474 1 1 40000
i 884 3 3 46875
i 23182 1 1 20000
i 10976 1 1 2500
i 6800 1 1 200
i 10977 1 1 200
i 554 15 15 23438
i 555 7 7 23438
i 563 2 2 23438
end
npc 2103 # Hill Giant (lvl 28)
g 532 1 1
t 1 main
i 1623 1 1 5859
i 1621 1 1 2930
i 1619 1 1 1465
i 1452 1 1 549
i 1462 1 1 549
i 1617 1 1 366
i 830 5 5 183
i 987 1 1 183
i 985 1 1 183
i 1247 1 1 11
i 2366 1 1 6
i 1249 1 1 4
i 886 10 10 15625
i 558 3 3 15625
i 564 2 2 15625
i 561 6 6 15625
i 562 2 2 7812
i 560 2 2 7812
i 199 1 1 13680
i 201 1 1 10256
i 203 1 1 7692
i 205 1 1 5981
i 1203 1 1 31250
i 207 1 1 4699
i 209 1 1 3418
i 211 1 1 2563
i 213 1 1 2136
i 215 1 1 1709
i 2485 1 1 1282
i 217 1 1 1282
i 5318 4 4 52632
i 5319 4 4 40000
i 5324 4 4 26316
i 1153 1 1 39062
i 5322 3 3 12987
i 5320 3 3 6452
i 5323 2 2 3215
i 5321 2 2 1536
i 22879 2 2 1116
i 995 5 5 140625
i 995 38 38 109375
i 995 52 52 78125
i 995 15 15 62500
i 995 10 10 54688
i 1191 1 1 23438
i 995 8 8 46875
i 995 88 88 15625
i 225 1 1 85938
i 1917 1 1 46875
i 1446 1 1 15625
i 20754 1 1 7812
i 1295 1 1 15625
i 11941 1 1 200000
i 13474 1 1 40000
i 884 3 3 46875
i 23182 1 1 20000
i 10976 1 1 2500
i 6800 1 1 200
i 10977 1 1 200
i 554 15 15 23438
i 555 7 7 23438
i 563 2 2 23438
end
npc 2120 # Market Guard (lvl 20)
g 526 1 1
t 1 main
i 1623 1 1 1953
i 1621 1 1 977
i 1619 1 1 488
i 1452 1 1 183
i 1462 1 1 183
i 1617 1 1 122
i 830 5 5 61
i 987 1 1 61
i 985 1 1 61
i 1247 1 1 4
i 2366 1 1 2
i 1249 1 1 1
i 201 1 1 2930
i 203 1 1 2197
i 205 1 1 1709
i 207 1 1 1343
i 209 1 1 977
i 211 1 1 732
i 213 1 1 610
i 215 1 1 488
i 2485 1 1 366
i 217 1 1 366
i 1337 1 1 23438
i 995 15 15 328125
i 995 17 17 39062
i 995 22 22 70312
i 995 27 27 23438
i 1929 1 1 7812
i 948 1 1 7812
i 3801 1 1 31250
i 436 5 5 15625
i 438 5 5 7812
i 440 2 2 23438
i 1335 1 1 46875
i 327 1 1 7812
i 1917 1 1 7812
i 1891 1 1 31250
i 1592 1 1 7812
i 1339 1 1 7812
i 2801 1 1 7812
i 1341 1 1 7812
i 3748 1 1 7812
i 3757 1 1 7812
i 3758 1 1 7812
i 199 1 1 3906
end
npc 2137 # Cyclops (lvl 106)
g 532 1 1
t 1 main
i 12954 1 1 10000
i 1163 1 1 10000
i 199 1 1 10000
i 201 1 1 7502
i 203 1 1 5624
i 205 1 1 4374
i 207 1 1 3438
i 209 1 1 2500
i 211 1 1 1875
i 213 1 1 1562
i 215 1 1 1250
i 2485 1 1 937
i 217 1 1 937
i 5100 1 1 3922
i 5323 1 1 3750
i 5292 1 1 3578
i 5104 1 1 2634
i 5293 1 1 2433
i 5311 1 1 2376
i 5321 1 1 1803
i 5294 1 1 1603
i 22879 1 1 1145
i 5295 1 1 1116
i 5105 1 1 973
i 5282 1 1 830
i 5296 1 1 773
i 5281 1 1 515
i 5297 1 1 515
i 5106 1 1 372
i 5298 1 1 344
i 5280 1 1 344
i 5299 1 1 258
i 22873 1 1 229
i 5300 1 1 143
i 5301 1 1 115
i 5302 1 1 86
i 5303 1 1 57
i 5304 1 1 29
i 995 96 96 100000
i 995 350 449 70000
i 379 1 1 70000
i 2722 1 1 3906
i 10976 1 1 2500
i 10977 1 1 200
i 1317 1 1 40000
i 809 12 12 60000
i 1211 1 1 50000
i 1165 1 1 50000
i 1426 1 1 50000
i 1329 1 1 50000
i 1197 1 1 50000
i 1119 1 1 50000
i 1105 1 1 70000
i 869 22 22 40000
i 1071 1 1 40000
i 1217 1 1 50000
i 1147 1 1 30000
i 1183 1 1 10000
end
npc 2138 # Cyclops (lvl 106)
g 532 1 1
t 1 main
i 12954 1 1 10000
i 1163 1 1 10000
i 199 1 1 10000
i 201 1 1 7502
i 203 1 1 5624
i 205 1 1 4374
i 207 1 1 3438
i 209 1 1 2500
i 211 1 1 1875
i 213 1 1 1562
i 215 1 1 1250
i 2485 1 1 937
i 217 1 1 937
i 5100 1 1 3922
i 5323 1 1 3750
i 5292 1 1 3578
i 5104 1 1 2634
i 5293 1 1 2433
i 5311 1 1 2376
i 5321 1 1 1803
i 5294 1 1 1603
i 22879 1 1 1145
i 5295 1 1 1116
i 5105 1 1 973
i 5282 1 1 830
i 5296 1 1 773
i 5281 1 1 515
i 5297 1 1 515
i 5106 1 1 372
i 5298 1 1 344
i 5280 1 1 344
i 5299 1 1 258
i 22873 1 1 229
i 5300 1 1 143
i 5301 1 1 115
i 5302 1 1 86
i 5303 1 1 57
i 5304 1 1 29
i 995 96 96 100000
i 995 350 449 70000
i 379 1 1 70000
i 2722 1 1 3906
i 10976 1 1 2500
i 10977 1 1 200
i 1317 1 1 40000
i 809 12 12 60000
i 1211 1 1 50000
i 1165 1 1 50000
i 1426 1 1 50000
i 1329 1 1 50000
i 1197 1 1 50000
i 1119 1 1 50000
i 1105 1 1 70000
i 869 22 22 40000
i 1071 1 1 40000
i 1217 1 1 50000
i 1147 1 1 30000
i 1183 1 1 10000
end
npc 2139 # Cyclops (lvl 106)
g 532 1 1
t 1 main
i 12954 1 1 10000
i 1163 1 1 10000
i 199 1 1 10000
i 201 1 1 7502
i 203 1 1 5624
i 205 1 1 4374
i 207 1 1 3438
i 209 1 1 2500
i 211 1 1 1875
i 213 1 1 1562
i 215 1 1 1250
i 2485 1 1 937
i 217 1 1 937
i 5100 1 1 3922
i 5323 1 1 3750
i 5292 1 1 3578
i 5104 1 1 2634
i 5293 1 1 2433
i 5311 1 1 2376
i 5321 1 1 1803
i 5294 1 1 1603
i 22879 1 1 1145
i 5295 1 1 1116
i 5105 1 1 973
i 5282 1 1 830
i 5296 1 1 773
i 5281 1 1 515
i 5297 1 1 515
i 5106 1 1 372
i 5298 1 1 344
i 5280 1 1 344
i 5299 1 1 258
i 22873 1 1 229
i 5300 1 1 143
i 5301 1 1 115
i 5302 1 1 86
i 5303 1 1 57
i 5304 1 1 29
i 995 96 96 100000
i 995 350 449 70000
i 379 1 1 70000
i 2722 1 1 3906
i 10976 1 1 2500
i 10977 1 1 200
i 1317 1 1 40000
i 809 12 12 60000
i 1211 1 1 50000
i 1165 1 1 50000
i 1426 1 1 50000
i 1329 1 1 50000
i 1197 1 1 50000
i 1119 1 1 50000
i 1105 1 1 70000
i 869 22 22 40000
i 1071 1 1 40000
i 1217 1 1 50000
i 1147 1 1 30000
i 1183 1 1 10000
end
npc 2140 # Cyclops (lvl 106)
g 532 1 1
t 1 main
i 12954 1 1 10000
i 1163 1 1 10000
i 199 1 1 10000
i 201 1 1 7502
i 203 1 1 5624
i 205 1 1 4374
i 207 1 1 3438
i 209 1 1 2500
i 211 1 1 1875
i 213 1 1 1562
i 215 1 1 1250
i 2485 1 1 937
i 217 1 1 937
i 5100 1 1 3922
i 5323 1 1 3750
i 5292 1 1 3578
i 5104 1 1 2634
i 5293 1 1 2433
i 5311 1 1 2376
i 5321 1 1 1803
i 5294 1 1 1603
i 22879 1 1 1145
i 5295 1 1 1116
i 5105 1 1 973
i 5282 1 1 830
i 5296 1 1 773
i 5281 1 1 515
i 5297 1 1 515
i 5106 1 1 372
i 5298 1 1 344
i 5280 1 1 344
i 5299 1 1 258
i 22873 1 1 229
i 5300 1 1 143
i 5301 1 1 115
i 5302 1 1 86
i 5303 1 1 57
i 5304 1 1 29
i 995 96 96 100000
i 995 350 449 70000
i 379 1 1 70000
i 2722 1 1 3906
i 10976 1 1 2500
i 10977 1 1 200
i 1317 1 1 40000
i 809 12 12 60000
i 1211 1 1 50000
i 1165 1 1 50000
i 1426 1 1 50000
i 1329 1 1 50000
i 1197 1 1 50000
i 1119 1 1 50000
i 1105 1 1 70000
i 869 22 22 40000
i 1071 1 1 40000
i 1217 1 1 50000
i 1147 1 1 30000
i 1183 1 1 10000
end
npc 2141 # Cyclops (lvl 106)
g 532 1 1
t 1 main
i 12954 1 1 10000
i 1163 1 1 10000
i 199 1 1 10000
i 201 1 1 7502
i 203 1 1 5624
i 205 1 1 4374
i 207 1 1 3438
i 209 1 1 2500
i 211 1 1 1875
i 213 1 1 1562
i 215 1 1 1250
i 2485 1 1 937
i 217 1 1 937
i 5100 1 1 3922
i 5323 1 1 3750
i 5292 1 1 3578
i 5104 1 1 2634
i 5293 1 1 2433
i 5311 1 1 2376
i 5321 1 1 1803
i 5294 1 1 1603
i 22879 1 1 1145
i 5295 1 1 1116
i 5105 1 1 973
i 5282 1 1 830
i 5296 1 1 773
i 5281 1 1 515
i 5297 1 1 515
i 5106 1 1 372
i 5298 1 1 344
i 5280 1 1 344
i 5299 1 1 258
i 22873 1 1 229
i 5300 1 1 143
i 5301 1 1 115
i 5302 1 1 86
i 5303 1 1 57
i 5304 1 1 29
i 995 96 96 100000
i 995 350 449 70000
i 379 1 1 70000
i 2722 1 1 3906
i 10976 1 1 2500
i 10977 1 1 200
i 1317 1 1 40000
i 809 12 12 60000
i 1211 1 1 50000
i 1165 1 1 50000
i 1426 1 1 50000
i 1329 1 1 50000
i 1197 1 1 50000
i 1119 1 1 50000
i 1105 1 1 70000
i 869 22 22 40000
i 1071 1 1 40000
i 1217 1 1 50000
i 1147 1 1 30000
i 1183 1 1 10000
end
npc 2142 # Cyclops (lvl 106)
g 532 1 1
t 1 main
i 12954 1 1 10000
i 1163 1 1 10000
i 199 1 1 10000
i 201 1 1 7502
i 203 1 1 5624
i 205 1 1 4374
i 207 1 1 3438
i 209 1 1 2500
i 211 1 1 1875
i 213 1 1 1562
i 215 1 1 1250
i 2485 1 1 937
i 217 1 1 937
i 5100 1 1 3922
i 5323 1 1 3750
i 5292 1 1 3578
i 5104 1 1 2634
i 5293 1 1 2433
i 5311 1 1 2376
i 5321 1 1 1803
i 5294 1 1 1603
i 22879 1 1 1145
i 5295 1 1 1116
i 5105 1 1 973
i 5282 1 1 830
i 5296 1 1 773
i 5281 1 1 515
i 5297 1 1 515
i 5106 1 1 372
i 5298 1 1 344
i 5280 1 1 344
i 5299 1 1 258
i 22873 1 1 229
i 5300 1 1 143
i 5301 1 1 115
i 5302 1 1 86
i 5303 1 1 57
i 5304 1 1 29
i 995 96 96 100000
i 995 350 449 70000
i 379 1 1 70000
i 2722 1 1 3906
i 10976 1 1 2500
i 10977 1 1 200
i 1317 1 1 40000
i 809 12 12 60000
i 1211 1 1 50000
i 1165 1 1 50000
i 1426 1 1 50000
i 1329 1 1 50000
i 1197 1 1 50000
i 1119 1 1 50000
i 1105 1 1 70000
i 869 22 22 40000
i 1071 1 1 40000
i 1217 1 1 50000
i 1147 1 1 30000
i 1183 1 1 10000
end
npc 2145 # Undead Druid (lvl 105)
g 526 1 1
t 1 main
i 1623 1 1 2500
i 1621 1 1 1250
i 1619 1 1 625
i 1452 1 1 234
i 1462 1 1 234
i 1617 1 1 156
i 830 5 5 78
i 987 1 1 78
i 985 1 1 78
i 1247 1 1 5
i 2366 1 1 2
i 1249 1 1 2
i 560 20 30 30000
i 561 20 30 30000
i 4698 30 70 30000
i 563 10 20 20000
i 199 1 3 54945
i 201 1 3 41322
i 203 1 3 30960
i 205 1 3 24038
i 207 1 3 18904
i 209 1 3 13755
i 1397 1 1 20000
i 211 1 3 10309
i 213 1 3 8591
i 215 1 3 6873
i 2485 1 3 5157
i 217 1 3 5157
i 5100 1 1 15699
i 5323 1 1 14993
i 5292 1 1 14306
i 5104 1 1 10537
i 5293 1 1 9737
i 1399 1 1 20000
i 5311 1 1 9506
i 5321 1 1 7215
i 5294 1 1 6410
i 22879 1 1 4581
i 5295 1 1 4466
i 5105 1 1 3893
i 5282 1 1 3321
i 5296 1 1 3091
i 5281 1 1 2061
i 5297 1 1 2061
i 23522 1 1 1000
i 5106 1 1 1489
i 5298 1 1 1374
i 5280 1 1 1374
i 5299 1 1 1031
i 22873 1 1 916
i 5300 1 1 573
i 5301 1 1 458
i 5302 1 1 344
i 5303 1 1 229
i 5304 1 1 115
i 556 200 300 50000
i 221 25 30 20000
i 3138 10 15 20000
i 239 10 15 20000
i 245 5 8 20000
i 995 1000 5000 60000
i 1729 1 1 50000
i 1727 1 1 50000
i 1725 1 1 50000
i 557 200 300 50000
i 23510 1 1 50000
i 565 20 30 30000
i 23512 1 1 50000
i 23514 1 1 50000
i 23499 1 1 13333
i 2722 1 1 10000
i 6807 1 1 200
i 562 50 80 30000
i 564 20 30 30000
end
npc 2161 # TzHaar-Hur (lvl 74)
t 1 main
i 1623 1 1 7812
i 1931 1 1 31250
i 6529 3 7 933333
i 1623 1 1 25641
i 1621 1 1 20513
i 1619 1 1 15385
i 1617 1 1 5128
i 1621 1 1 7812
i 1619 1 1 7812
i 1617 1 1 1953
i 6529 1 16 125000
i 1755 1 1 31250
i 2347 1 1 31250
i 1935 1 1 31250
i 946 1 1 31250
end
npc 2162 # TzHaar-Hur (lvl 74)
t 1 main
i 1623 1 1 7812
i 1931 1 1 31250
i 6529 3 7 933333
i 1623 1 1 25641
i 1621 1 1 20513
i 1619 1 1 15385
i 1617 1 1 5128
i 1621 1 1 7812
i 1619 1 1 7812
i 1617 1 1 1953
i 6529 1 16 125000
i 1755 1 1 31250
i 2347 1 1 31250
i 1935 1 1 31250
i 946 1 1 31250
end
npc 2163 # TzHaar-Hur (lvl 74)
t 1 main
i 1623 1 1 7812
i 1931 1 1 31250
i 6529 3 7 933333
i 1623 1 1 25641
i 1621 1 1 20513
i 1619 1 1 15385
i 1617 1 1 5128
i 1621 1 1 7812
i 1619 1 1 7812
i 1617 1 1 1953
i 6529 1 16 125000
i 1755 1 1 31250
i 2347 1 1 31250
i 1935 1 1 31250
i 946 1 1 31250
end
npc 2164 # TzHaar-Hur (lvl 74)
t 1 main
i 1623 1 1 7812
i 1931 1 1 31250
i 6529 3 7 933333
i 1623 1 1 25641
i 1621 1 1 20513
i 1619 1 1 15385
i 1617 1 1 5128
i 1621 1 1 7812
i 1619 1 1 7812
i 1617 1 1 1953
i 6529 1 16 125000
i 1755 1 1 31250
i 2347 1 1 31250
i 1935 1 1 31250
i 946 1 1 31250
end
npc 2165 # TzHaar-Hur (lvl 74)
t 1 main
i 1623 1 1 7812
i 1931 1 1 31250
i 6529 3 7 933333
i 1623 1 1 25641
i 1621 1 1 20513
i 1619 1 1 15385
i 1617 1 1 5128
i 1621 1 1 7812
i 1619 1 1 7812
i 1617 1 1 1953
i 6529 1 16 125000
i 1755 1 1 31250
i 2347 1 1 31250
i 1935 1 1 31250
i 946 1 1 31250
end
npc 2166 # TzHaar-Hur (lvl 74)
t 1 main
i 1623 1 1 7812
i 1931 1 1 31250
i 6529 3 7 933333
i 1623 1 1 25641
i 1621 1 1 20513
i 1619 1 1 15385
i 1617 1 1 5128
i 1621 1 1 7812
i 1619 1 1 7812
i 1617 1 1 1953
i 6529 1 16 125000
i 1755 1 1 31250
i 2347 1 1 31250
i 1935 1 1 31250
i 946 1 1 31250
end
npc 2167 # TzHaar-Xil (lvl 133)
t 1 main
i 6522 9 29 1953
i 6523 1 1 1953
i 6525 1 1 1953
i 6568 1 1 1953
i 6529 1 59 125000
i 1623 1 1 31250
i 1621 1 1 31250
i 1619 1 1 31250
i 1617 1 1 7812
end
npc 2168 # TzHaar-Xil (lvl 133)
t 1 main
i 6522 9 29 1953
i 6523 1 1 1953
i 6525 1 1 1953
i 6568 1 1 1953
i 6529 1 59 125000
i 1623 1 1 31250
i 1621 1 1 31250
i 1619 1 1 31250
i 1617 1 1 7812
end
npc 2169 # TzHaar-Xil (lvl 133)
t 1 main
i 6522 9 29 1953
i 6523 1 1 1953
i 6525 1 1 1953
i 6568 1 1 1953
i 6529 1 59 125000
i 1623 1 1 31250
i 1621 1 1 31250
i 1619 1 1 31250
i 1617 1 1 7812
end
npc 2170 # TzHaar-Xil (lvl 133)
t 1 main
i 6522 9 29 1953
i 6523 1 1 1953
i 6525 1 1 1953
i 6568 1 1 1953
i 6529 1 59 125000
i 1623 1 1 31250
i 1621 1 1 31250
i 1619 1 1 31250
i 1617 1 1 7812
end
npc 2171 # TzHaar-Xil (lvl 133)
t 1 main
i 6522 9 29 1953
i 6523 1 1 1953
i 6525 1 1 1953
i 6568 1 1 1953
i 6529 1 59 125000
i 1623 1 1 31250
i 1621 1 1 31250
i 1619 1 1 31250
i 1617 1 1 7812
end
npc 2172 # TzHaar-Xil (lvl 133)
t 1 main
i 6522 9 29 1953
i 6523 1 1 1953
i 6525 1 1 1953
i 6568 1 1 1953
i 6529 1 59 125000
i 1623 1 1 31250
i 1621 1 1 31250
i 1619 1 1 31250
i 1617 1 1 7812
end
npc 2173 # TzHaar-Ket (lvl 149)
t 1 main
i 6528 1 1 1953
i 13498 1 1 28571
i 6524 1 1 1953
i 6568 1 1 1953
i 1623 1 1 31250
i 1621 1 1 31250
i 1619 1 1 31250
i 1617 1 1 7812
i 9194 1 1 7812
i 6529 1 103 125000
end
npc 2174 # TzHaar-Ket (lvl 149)
t 1 main
i 6528 1 1 1953
i 13498 1 1 28571
i 6524 1 1 1953
i 6568 1 1 1953
i 1623 1 1 31250
i 1621 1 1 31250
i 1619 1 1 31250
i 1617 1 1 7812
i 9194 1 1 7812
i 6529 1 103 125000
end
npc 2175 # TzHaar-Ket (lvl 149)
t 1 main
i 6528 1 1 1953
i 13498 1 1 28571
i 6524 1 1 1953
i 6568 1 1 1953
i 1623 1 1 31250
i 1621 1 1 31250
i 1619 1 1 31250
i 1617 1 1 7812
i 9194 1 1 7812
i 6529 1 103 125000
end
npc 2176 # TzHaar-Ket (lvl 149)
t 1 main
i 6528 1 1 1953
i 13498 1 1 28571
i 6524 1 1 1953
i 6568 1 1 1953
i 1623 1 1 31250
i 1621 1 1 31250
i 1619 1 1 31250
i 1617 1 1 7812
i 9194 1 1 7812
i 6529 1 103 125000
end
npc 2177 # TzHaar-Ket (lvl 149)
t 1 main
i 6528 1 1 1953
i 13498 1 1 28571
i 6524 1 1 1953
i 6568 1 1 1953
i 1623 1 1 31250
i 1621 1 1 31250
i 1619 1 1 31250
i 1617 1 1 7812
i 9194 1 1 7812
i 6529 1 103 125000
end
npc 2178 # TzHaar-Ket (lvl 149)
t 1 main
i 6528 1 1 1953
i 13498 1 1 28571
i 6524 1 1 1953
i 6568 1 1 1953
i 1623 1 1 31250
i 1621 1 1 31250
i 1619 1 1 31250
i 1617 1 1 7812
i 9194 1 1 7812
i 6529 1 103 125000
end
npc 2179 # TzHaar-Ket (lvl 149)
t 1 main
i 6528 1 1 1953
i 13498 1 1 28571
i 6524 1 1 1953
i 6568 1 1 1953
i 1623 1 1 31250
i 1621 1 1 31250
i 1619 1 1 31250
i 1617 1 1 7812
i 9194 1 1 7812
i 6529 1 103 125000
end
npc 2186 # TzHaar-Ket (lvl 149)
t 1 main
i 6528 1 1 1953
i 13498 1 1 28571
i 6524 1 1 1953
i 6568 1 1 1953
i 1623 1 1 31250
i 1621 1 1 31250
i 1619 1 1 31250
i 1617 1 1 7812
i 9194 1 1 7812
i 6529 1 103 125000
end
npc 2187 # TzHaar-Ket (lvl 149)
t 1 main
i 6528 1 1 1953
i 13498 1 1 28571
i 6524 1 1 1953
i 6568 1 1 1953
i 1623 1 1 31250
i 1621 1 1 31250
i 1619 1 1 31250
i 1617 1 1 7812
i 9194 1 1 7812
i 6529 1 103 125000
end
npc 2205 # Commander Zilyana (lvl 596)
g 526 1 1
t 1 main
i 811 35 40 62992
i 1201 1 1 62992
i 1093 1 1 62992
i 2434 3 3 62992
i 6687 3 3 47244
i 3024 3 3 47244
i 163 3 3 62992
i 3042 3 3 62992
i 995 19500 20000 245669
i 1601 6 6 62992
i 11838 1 1 7874
i 563 95 100 62992
i 207 5 5 62992
i 5295 2 2 62992
i 5316 1 1 7874
i 1289 1 1 2461
i 13256 1 1 3937
i 11785 1 1 1969
i 23083 1 1 20000
i 11814 1 1 1969
i 12073 1 1 4000
i 12651 1 1 200
i 11818 1 1 1312
i 11820 1 1 1312
i 11822 1 1 1312
i 1123 1 1 62992
end
npc 2206 # Starlight (lvl 149)
g 526 1 1
t 1 main
i 563 5 10 62992
i 7946 3 3 62992
i 7218 1 1 62992
i 995 1300 1400 488189
i 207 1 1 62992
i 231 5 5 55118
i 237 6 6 62992
i 2722 1 1 7812
i 11838 1 1 186
i 995 1400 1500 7688
i 11818 1 1 656
i 11820 1 1 656
i 11822 1 1 656
i 995 1300 1400 5906
i 886 95 100 62992
i 808 95 100 62992
end
npc 2207 # Growler (lvl 139)
g 526 1 1
t 1 main
i 563 5 10 62992
i 7946 3 3 62992
i 7218 1 1 62992
i 995 1300 1400 488189
i 207 1 1 62992
i 231 5 5 55118
i 237 6 6 62992
i 2722 1 1 7812
i 11838 1 1 186
i 995 1400 1500 7688
i 11818 1 1 656
i 11820 1 1 656
i 11822 1 1 656
i 995 1300 1400 5906
i 886 95 100 62992
i 808 95 100 62992
end
npc 2208 # Bree (lvl 146)
g 526 1 1
t 1 main
i 563 5 10 62992
i 7946 3 3 62992
i 7218 1 1 62992
i 995 1300 1400 488189
i 207 1 1 62992
i 231 5 5 55118
i 237 6 6 62992
i 2722 1 1 7812
i 11838 1 1 186
i 995 1400 1500 7688
i 11818 1 1 656
i 11820 1 1 656
i 11822 1 1 656
i 995 1300 1400 5906
i 886 95 100 62992
i 808 95 100 62992
end
npc 2209 # Saradomin priest (lvl 113)
g 526 1 1
t 1 main
i 11941 1 1 333333
i 11942 1 1 16667
i 2722 1 1 7812
end
npc 2210 # Spiritual warrior (lvl 125)
t 1 main
i 1623 1 1 7874
i 1621 1 1 3937
i 1619 1 1 1969
i 1452 1 1 738
i 1462 1 1 738
i 1617 1 1 492
i 830 5 5 246
i 987 1 1 246
i 985 1 1 246
i 1247 1 1 15
i 2366 1 1 8
i 1249 1 1 6
i 1279 1 1 23622
i 1355 1 1 62992
i 1317 1 1 7874
i 1303 1 1 7874
i 3202 1 1 7874
i 1059 1 1 70866
i 1071 1 1 86614
i 1105 1 1 141732
i 1161 1 1 62992
i 1195 1 1 23622
i 1081 1 1 31496
i 1323 1 1 62992
i 1201 1 1 7874
i 1295 1 1 118110
i 11941 1 1 333333
i 11942 1 1 16667
i 2722 1 1 7812
i 23490 1 1 13699
i 21257 1 1 4132
i 1281 1 1 55118
i 1341 1 1 39370
i 1428 1 1 55118
i 1217 1 1 15748
i 1257 1 1 70866
i 1371 1 1 15748
end
npc 2211 # Spiritual ranger (lvl 122)
t 1 main
i 843 1 1 39062
i 559 12 12 31250
i 892 5 5 15625
i 890 12 12 7812
i 5626 3 3 23438
i 2538 4 4 15625
i 53 12 12 78125
i 40 5 5 85938
i 43 13 13 70312
i 1777 7 7 140625
i 687 1 1 7812
i 9179 1 1 23438
i 56 12 12 70312
i 11941 1 1 333333
i 11942 1 1 16667
i 2722 1 1 7812
i 23490 1 1 13699
i 21257 1 1 4016
i 851 1 1 31250
i 861 1 2 7812
i 5619 1 1 85938
i 886 12 12 31250
i 884 12 12 117188
i 882 16 16 101562
i 5616 1 1 7812
end
npc 2212 # Spiritual mage (lvl 120)
t 1 main
i 1623 1 1 3906
i 1621 1 1 1953
i 1619 1 1 977
i 1452 1 1 366
i 1462 1 1 366
i 1617 1 1 244
i 830 5 5 122
i 987 1 1 122
i 985 1 1 122
i 1247 1 1 8
i 2366 1 1 4
i 1249 1 1 3
i 11840 1 1 7812
i 562 10 10 140625
i 9075 15 15 70312
i 560 15 15 62500
i 561 25 25 54688
i 558 50 50 31250
i 561 18 18 31250
i 559 35 35 23438
i 563 15 15 15625
i 559 25 25 15625
i 565 10 10 15625
i 556 30 30 70312
i 562 25 25 7812
i 7936 90 90 46875
i 175 5 5 39062
i 555 15 15 62500
i 11941 1 1 333333
i 11942 1 1 16667
i 2722 1 1 7812
i 23490 1 1 13889
i 21257 1 1 3846
i 555 50 50 54688
i 556 50 50 15625
i 554 65 65 15625
i 4696 15 15 85938
i 4698 20 20 54688
i 4695 20 20 46875
end
npc 2213 # Knight of Saradomin (lvl 103)
g 526 1 1
t 1 main
i 11941 1 1 333333
i 11942 1 1 16667
i 2722 1 1 7812
end
npc 2214 # Knight of Saradomin (lvl 101)
g 526 1 1
t 1 main
i 11941 1 1 333333
i 11942 1 1 16667
i 2722 1 1 7812
end
npc 2215 # General Graardor (lvl 624)
g 532 1 1
t 1 main
i 1319 1 1 62992
i 1127 1 1 62992
i 1275 1 1 47244
i 995 19500 20000 249606
i 3051 3 3 62992
i 5300 1 1 62992
i 3024 3 3 62992
i 449 15 20 62992
i 453 115 120 62992
i 1513 15 20 62992
i 11832 1 1 2625
i 561 65 70 62992
i 995 20100 20600 9843
i 1289 1 1 2461
i 11834 1 1 2625
i 11836 1 1 2625
i 23083 1 1 20000
i 12073 1 1 4000
i 12073 1 1 4000
i 11812 1 1 1969
i 10976 1 1 2500
i 12650 1 1 200
i 10977 1 1 200
i 11818 1 1 1312
i 11820 1 1 1312
i 11822 1 1 1312
i 1303 1 1 62992
end
npc 2216 # Sergeant Strongstack (lvl 141)
g 526 1 1
t 1 main
i 886 95 100 55118
i 808 95 100 62992
i 561 15 20 62992
i 564 25 30 62992
i 385 2 2 62992
i 7054 3 3 62992
i 995 1400 1500 519685
i 225 5 5 62992
i 9741 1 1 15748
i 157 1 1 15748
i 11832 1 1 62
i 1971 1 1 166667
i 2722 1 1 7812
i 6801 1 1 200
i 11834 1 1 62
i 11836 1 1 62
i 995 1400 1500 7689
i 11818 1 1 656
i 11820 1 1 656
i 11822 1 1 656
i 995 1400 1500 5906
end
npc 2217 # Sergeant Steelwill (lvl 142)
g 526 1 1
t 1 main
i 886 95 100 55118
i 808 95 100 62992
i 561 15 20 62992
i 564 25 30 62992
i 385 2 2 62992
i 7054 3 3 62992
i 995 1400 1500 519685
i 225 5 5 62992
i 9741 1 1 15748
i 157 1 1 15748
i 11832 1 1 62
i 1917 1 1 166667
i 2722 1 1 7812
i 6801 1 1 200
i 11834 1 1 62
i 11836 1 1 62
i 995 1400 1500 7689
i 11818 1 1 656
i 11820 1 1 656
i 11822 1 1 656
i 995 1400 1500 5906
end
npc 2218 # Sergeant Grimspike (lvl 142)
g 526 1 1
t 1 main
i 886 95 100 55118
i 808 95 100 62992
i 561 15 20 62992
i 564 25 30 62992
i 385 2 2 62992
i 7054 3 3 62992
i 995 1400 1500 519685
i 225 5 5 62992
i 9741 1 1 15748
i 157 1 1 15748
i 11832 1 1 62
i 1025 1 1 166667
i 2722 1 1 7812
i 6801 1 1 200
i 11834 1 1 62
i 11836 1 1 62
i 995 1400 1500 7689
i 11818 1 1 656
i 11820 1 1 656
i 11822 1 1 656
i 995 1400 1500 5906
end
npc 2233 # Ogre (lvl 58)
g 532 1 1
t 1 main
i 22879 1 1 5666
i 5295 1 1 5525
i 5105 1 1 4815
i 5282 1 1 4107
i 5296 1 1 3824
i 5281 1 1 2550
i 5297 1 1 2550
i 5106 1 1 1841
i 5298 1 1 1700
i 5280 1 1 1700
i 5100 1 1 19417
i 5299 1 1 1275
i 22873 1 1 1133
i 5300 1 1 708
i 5301 1 1 567
i 5302 1 1 425
i 5303 1 1 283
i 5304 1 1 142
i 11941 1 1 333333
i 7842 1 1 250000
i 13477 1 1 33333
i 5323 1 1 18553
i 11942 1 1 16667
i 10976 1 1 2500
i 10977 1 1 200
i 5292 1 1 17699
i 5104 1 1 13038
i 5293 1 1 12034
i 5311 1 1 11751
i 5321 1 1 8921
i 5294 1 1 7930
end
npc 2234 # Jogre (lvl 58)
g 3125 1 1
t 1 main
i 1623 1 1 1938
i 1621 1 1 969
i 1619 1 1 484
i 1452 1 1 182
i 1462 1 1 182
i 1617 1 1 121
i 830 5 5 61
i 987 1 1 61
i 985 1 1 61
i 1247 1 1 4
i 2366 1 1 2
i 1249 1 1 1
i 199 1 1 11628
i 201 1 1 8718
i 203 1 1 6540
i 205 1 1 5086
i 207 1 1 3997
i 209 1 1 2907
i 211 1 1 2180
i 213 1 1 1817
i 215 1 1 1453
i 2485 1 1 1090
i 1237 1 1 232558
i 217 1 1 1090
i 5100 1 1 15198
i 5323 1 1 14535
i 5292 1 1 13870
i 5104 1 1 10204
i 5293 1 1 9434
i 5311 1 1 9208
i 5321 1 1 6988
i 5294 1 1 6215
i 22879 1 1 4439
i 1239 1 1 31008
i 5295 1 1 4327
i 5105 1 1 3772
i 5282 1 1 3218
i 5296 1 1 2996
i 5281 1 1 1997
i 5297 1 1 1997
i 5106 1 1 1442
i 5298 1 1 1331
i 5280 1 1 1331
i 5299 1 1 999
i 561 2 2 77519
i 22873 1 1 888
i 5300 1 1 555
i 5301 1 1 444
i 5302 1 1 333
i 5303 1 1 222
i 5304 1 1 111
i 6306 22 22 209302
i 2114 2 2 62016
i 946 1 1 38760
i 526 1 1 23256
i 561 10 10 15504
i 532 1 1 23256
i 532 3 3 15504
i 526 1 1 15504
i 561 5 5 15504
i 7845 1 1 250000
i 2801 1 1 7752
i 6804 1 1 200
i 827 5 5 15504
i 1533 1 1 38760
i 1525 1 1 38760
end
npc 2235 # Cyclops (lvl 81)
t 1 main
i 1311 1 1 20000
i 1295 1 1 20000
i 1141 1 1 20000
i 1313 1 1 10000
i 1209 1 1 10000
i 1299 1 1 10000
i 1430 1 1 10000
i 1283 1 1 10000
i 1297 1 1 10000
i 1217 1 1 10000
i 869 4 13 160000
i 1317 1 1 10000
i 1105 1 1 20000
i 1309 1 1 20000
i 1101 1 1 20000
i 1207 1 1 20000
i 1424 1 1 20000
i 1281 1 1 20000
i 19677 1 1 3534
i 19679 1 1 2353
i 19681 1 1 2353
i 19683 1 1 2353
i 1365 1 1 20000
end
npc 2236 # Cyclops (lvl 81)
t 1 main
i 1311 1 1 20000
i 1295 1 1 20000
i 1141 1 1 20000
i 1313 1 1 10000
i 1209 1 1 10000
i 1299 1 1 10000
i 1430 1 1 10000
i 1283 1 1 10000
i 1297 1 1 10000
i 1217 1 1 10000
i 869 4 13 160000
i 1317 1 1 10000
i 1105 1 1 20000
i 1309 1 1 20000
i 1101 1 1 20000
i 1207 1 1 20000
i 1424 1 1 20000
i 1281 1 1 20000
i 19677 1 1 3534
i 19679 1 1 2353
i 19681 1 1 2353
i 19683 1 1 2353
i 1365 1 1 20000
end
npc 2237 # Ork (lvl 107)
g 526 1 1
t 1 main
i 1420 1 1 39062
i 1323 1 1 39062
i 1353 1 1 39062
i 1207 1 1 39062
i 1424 1 1 39062
i 1239 1 1 31250
i 1321 1 1 7812
i 1139 1 1 39062
i 1155 1 1 39062
i 1075 1 1 39062
i 1307 1 1 39062
i 1101 1 1 39062
i 1141 1 1 39062
i 995 10 10 62500
i 995 5 5 39062
i 995 8 8 39062
i 995 12 12 39062
i 995 23 23 39062
i 946 1 1 39062
i 11941 1 1 333333
i 11942 1 1 16667
i 1375 1 1 39062
i 2677 1 1 7812
i 2722 1 1 7812
i 806 2 2 39062
i 3190 1 1 39062
i 1321 1 1 39062
i 1337 1 1 39062
i 807 2 2 39062
i 1293 1 1 39062
end
npc 2238 # Ork (lvl 107)
g 526 1 1
t 1 main
i 1420 1 1 39062
i 1323 1 1 39062
i 1353 1 1 39062
i 1207 1 1 39062
i 1424 1 1 39062
i 1239 1 1 31250
i 1321 1 1 7812
i 1139 1 1 39062
i 1155 1 1 39062
i 1075 1 1 39062
i 1307 1 1 39062
i 1101 1 1 39062
i 1141 1 1 39062
i 995 10 10 62500
i 995 5 5 39062
i 995 8 8 39062
i 995 12 12 39062
i 995 23 23 39062
i 946 1 1 39062
i 11941 1 1 333333
i 11942 1 1 16667
i 1375 1 1 39062
i 2677 1 1 7812
i 2722 1 1 7812
i 806 2 2 39062
i 3190 1 1 39062
i 1321 1 1 39062
i 1337 1 1 39062
i 807 2 2 39062
i 1293 1 1 39062
end
npc 2239 # Ork (lvl 107)
g 526 1 1
t 1 main
i 1420 1 1 39062
i 1323 1 1 39062
i 1353 1 1 39062
i 1207 1 1 39062
i 1424 1 1 39062
i 1239 1 1 31250
i 1321 1 1 7812
i 1139 1 1 39062
i 1155 1 1 39062
i 1075 1 1 39062
i 1307 1 1 39062
i 1101 1 1 39062
i 1141 1 1 39062
i 995 10 10 62500
i 995 5 5 39062
i 995 8 8 39062
i 995 12 12 39062
i 995 23 23 39062
i 946 1 1 39062
i 11941 1 1 333333
i 11942 1 1 16667
i 1375 1 1 39062
i 2677 1 1 7812
i 2722 1 1 7812
i 806 2 2 39062
i 3190 1 1 39062
i 1321 1 1 39062
i 1337 1 1 39062
i 807 2 2 39062
i 1293 1 1 39062
end
npc 2240 # Ork (lvl 107)
g 526 1 1
t 1 main
i 1420 1 1 39062
i 1323 1 1 39062
i 1353 1 1 39062
i 1207 1 1 39062
i 1424 1 1 39062
i 1239 1 1 31250
i 1321 1 1 7812
i 1139 1 1 39062
i 1155 1 1 39062
i 1075 1 1 39062
i 1307 1 1 39062
i 1101 1 1 39062
i 1141 1 1 39062
i 995 10 10 62500
i 995 5 5 39062
i 995 8 8 39062
i 995 12 12 39062
i 995 23 23 39062
i 946 1 1 39062
i 11941 1 1 333333
i 11942 1 1 16667
i 1375 1 1 39062
i 2677 1 1 7812
i 2722 1 1 7812
i 806 2 2 39062
i 3190 1 1 39062
i 1321 1 1 39062
i 1337 1 1 39062
i 807 2 2 39062
i 1293 1 1 39062
end
npc 2241 # Hobgoblin (lvl 47)
g 526 1 1
g 526 1 1
t 1 main
i 1623 1 1 3906
i 1621 1 1 1953
i 1619 1 1 977
i 1452 1 1 366
i 1462 1 1 366
i 1617 1 1 244
i 830 5 5 122
i 987 1 1 122
i 985 1 1 122
i 1247 1 1 8
i 2366 1 1 4
i 1249 1 1 3
i 554 7 7 15625
i 5282 1 1 2594
i 5296 1 1 2415
i 5281 1 1 1610
i 5297 1 1 1610
i 5106 1 1 1163
i 5298 1 1 1073
i 5280 1 1 1073
i 5299 1 1 805
i 22873 1 1 716
i 5300 1 1 447
i 559 6 6 15625
i 5301 1 1 358
i 5302 1 1 268
i 5303 1 1 179
i 5304 1 1 89
i 995 15 15 265625
i 995 5 5 187500
i 995 10 10 54688
i 995 28 28 31250
i 995 62 62 31250
i 995 42 42 23438
i 562 3 3 15625
i 995 1 1 23438
i 995 1 1 7812
i 225 1 1 164062
i 288 1 1 39062
i 561 4 4 15625
i 11941 1 1 333333
i 11942 1 1 16667
i 23182 1 1 14286
i 6802 1 1 200
i 564 2 2 7812
i 199 1 1 13680
i 201 1 1 10256
i 203 1 1 7692
i 205 1 1 5981
i 207 1 1 4699
i 1237 1 1 23438
i 209 1 1 3418
i 211 1 1 2563
i 213 1 1 2136
i 215 1 1 1709
i 2485 1 1 1282
i 217 1 1 1282
i 5318 4 4 52632
i 5319 4 4 40000
i 5324 4 4 26316
i 5322 3 3 12987
i 1279 1 1 23438
i 5320 3 3 6452
i 5323 2 2 3215
i 5321 2 2 1536
i 22879 2 2 1116
i 995 5 5 140625
i 995 15 15 125000
i 995 28 28 125000
i 995 5 5 93750
i 995 10 10 54688
i 995 62 62 31250
i 1207 1 1 23438
i 995 42 42 23438
i 995 1 1 7812
i 6306 1 1 7812
i 6306 5 5 93750
i 6306 15 15 125000
i 6306 28 28 125000
i 6306 42 42 23438
i 6306 62 62 31250
i 225 1 1 171875
i 288 1 1 39062
i 1239 1 1 15625
i 1241 1 1 15625
i 11941 1 1 200000
i 11942 1 1 16667
i 23182 1 1 14286
i 6802 1 1 200
i 1279 1 1 23438
i 1207 1 1 23438
i 1295 1 1 7812
i 1295 1 1 7812
i 563 2 2 23438
i 555 2 2 15625
i 554 7 7 15625
i 559 6 6 15625
i 562 3 3 15625
i 561 4 4 15625
i 564 2 2 7812
i 826 5 5 7812
i 199 1 1 13680
i 201 1 1 10256
i 563 2 2 23438
i 203 1 1 7692
i 205 1 1 5981
i 207 1 1 4699
i 209 1 1 3418
i 211 1 1 2563
i 213 1 1 2136
i 215 1 1 1709
i 2485 1 1 1282
i 217 1 1 1282
i 5100 1 1 12255
i 555 2 2 15625
i 5323 1 1 11723
i 5292 1 1 11186
i 5104 1 1 8230
i 5293 1 1 7605
i 5311 1 1 7424
i 5321 1 1 5637
i 5294 1 1 5010
i 22879 1 1 3578
i 5295 1 1 3489
i 5105 1 1 3041
end
npc 2242 # Spiritual ranger (lvl 115)
t 1 main
i 843 1 1 39062
i 559 12 12 31250
i 892 5 5 15625
i 890 12 12 7812
i 5626 3 3 23438
i 2538 4 4 15625
i 53 12 12 78125
i 40 5 5 85938
i 43 13 13 70312
i 1777 7 7 140625
i 687 1 1 7812
i 9179 1 1 23438
i 56 12 12 70312
i 11941 1 1 333333
i 11942 1 1 16667
i 2722 1 1 7812
i 23490 1 1 13699
i 21257 1 1 4016
i 851 1 1 31250
i 861 1 2 7812
i 5619 1 1 85938
i 886 12 12 31250
i 884 12 12 117188
i 882 16 16 101562
i 5616 1 1 7812
end
npc 2243 # Spiritual warrior (lvl 134)
t 1 main
i 1623 1 1 7874
i 1621 1 1 3937
i 1619 1 1 1969
i 1452 1 1 738
i 1462 1 1 738
i 1617 1 1 492
i 830 5 5 246
i 987 1 1 246
i 985 1 1 246
i 1247 1 1 15
i 2366 1 1 8
i 1249 1 1 6
i 1279 1 1 23622
i 1355 1 1 62992
i 1317 1 1 7874
i 1303 1 1 7874
i 3202 1 1 7874
i 1059 1 1 70866
i 1071 1 1 86614
i 1105 1 1 141732
i 1161 1 1 62992
i 1195 1 1 23622
i 1081 1 1 31496
i 1323 1 1 62992
i 1201 1 1 7874
i 1295 1 1 118110
i 11941 1 1 333333
i 11942 1 1 16667
i 2722 1 1 7812
i 23490 1 1 13699
i 21257 1 1 4132
i 1281 1 1 55118
i 1341 1 1 39370
i 1428 1 1 55118
i 1217 1 1 15748
i 1257 1 1 70866
i 1371 1 1 15748
end
npc 2244 # Spiritual mage (lvl 121)
t 1 main
i 1623 1 1 3906
i 1621 1 1 1953
i 1619 1 1 977
i 1452 1 1 366
i 1462 1 1 366
i 1617 1 1 244
i 830 5 5 122
i 987 1 1 122
i 985 1 1 122
i 1247 1 1 8
i 2366 1 1 4
i 1249 1 1 3
i 11840 1 1 7812
i 562 10 10 140625
i 9075 15 15 70312
i 560 15 15 62500
i 561 25 25 54688
i 558 50 50 31250
i 561 18 18 31250
i 559 35 35 23438
i 563 15 15 15625
i 559 25 25 15625
i 565 10 10 15625
i 556 30 30 70312
i 562 25 25 7812
i 7936 90 90 46875
i 175 5 5 39062
i 555 15 15 62500
i 11941 1 1 333333
i 11942 1 1 16667
i 2722 1 1 7812
i 23490 1 1 13889
i 21257 1 1 3846
i 555 50 50 54688
i 556 50 50 15625
i 554 65 65 15625
i 4696 15 15 85938
i 4698 20 20 54688
i 4695 20 20 46875
end
npc 2245 # Goblin (lvl 17)
g 526 1 1
t 1 main
i 995 15 15 23438
i 995 20 20 15625
i 995 1 1 7812
i 2347 1 1 117188
i 10999 1 1 15625
i 288 1 1 39062
i 1949 1 1 23438
i 1917 1 1 15625
i 1009 1 1 7812
i 1438 1 1 7812
i 1173 1 1 23438
i 7812 1 1 250000
i 13447 1 1 28571
i 11942 1 1 16667
i 23182 1 1 15625
i 2677 1 1 7812
i 6801 1 1 200
i 1237 1 1 31250
i 559 7 7 39062
i 555 6 6 46875
i 557 4 4 23438
i 877 8 8 23438
i 995 5 5 218750
i 995 9 9 23438
end
npc 2246 # Goblin (lvl 12)
g 526 1 1
t 1 main
i 995 15 15 23438
i 995 20 20 15625
i 995 1 1 7812
i 2347 1 1 117188
i 10999 1 1 15625
i 288 1 1 39062
i 1949 1 1 23438
i 1917 1 1 15625
i 1009 1 1 7812
i 1438 1 1 7812
i 1173 1 1 23438
i 7812 1 1 250000
i 13447 1 1 28571
i 11942 1 1 16667
i 23182 1 1 15625
i 2677 1 1 7812
i 6801 1 1 200
i 1237 1 1 31250
i 559 7 7 39062
i 555 6 6 46875
i 557 4 4 23438
i 877 8 8 23438
i 995 5 5 218750
i 995 9 9 23438
end
npc 2247 # Goblin (lvl 12)
g 526 1 1
t 1 main
i 995 15 15 23438
i 995 20 20 15625
i 995 1 1 7812
i 2347 1 1 117188
i 10999 1 1 15625
i 288 1 1 39062
i 1949 1 1 23438
i 1917 1 1 15625
i 1009 1 1 7812
i 1438 1 1 7812
i 1173 1 1 23438
i 7812 1 1 250000
i 13447 1 1 28571
i 11942 1 1 16667
i 23182 1 1 15625
i 2677 1 1 7812
i 6801 1 1 200
i 1237 1 1 31250
i 559 7 7 39062
i 555 6 6 46875
i 557 4 4 23438
i 877 8 8 23438
i 995 5 5 218750
i 995 9 9 23438
end
npc 2248 # Goblin (lvl 15)
g 526 1 1
t 1 main
i 995 15 15 23438
i 995 20 20 15625
i 995 1 1 7812
i 2347 1 1 117188
i 10999 1 1 15625
i 288 1 1 39062
i 1949 1 1 23438
i 1917 1 1 15625
i 1009 1 1 7812
i 1438 1 1 7812
i 1173 1 1 23438
i 7812 1 1 250000
i 13447 1 1 28571
i 11942 1 1 16667
i 23182 1 1 15625
i 2677 1 1 7812
i 6801 1 1 200
i 1237 1 1 31250
i 559 7 7 39062
i 555 6 6 46875
i 557 4 4 23438
i 877 8 8 23438
i 995 5 5 218750
i 995 9 9 23438
end
npc 2249 # Goblin (lvl 13)
g 526 1 1
t 1 main
i 995 15 15 23438
i 995 20 20 15625
i 995 1 1 7812
i 2347 1 1 117188
i 10999 1 1 15625
i 288 1 1 39062
i 1949 1 1 23438
i 1917 1 1 15625
i 1009 1 1 7812
i 1438 1 1 7812
i 1173 1 1 23438
i 7812 1 1 250000
i 13447 1 1 28571
i 11942 1 1 16667
i 23182 1 1 15625
i 2677 1 1 7812
i 6801 1 1 200
i 1237 1 1 31250
i 559 7 7 39062
i 555 6 6 46875
i 557 4 4 23438
i 877 8 8 23438
i 995 5 5 218750
i 995 9 9 23438
end
npc 2261 # Giant Rock Crab (lvl 137)
g 526 1 1
t 1 main
i 1623 1 1 1953
i 1621 1 1 977
i 1619 1 1 488
i 1452 1 1 183
i 1462 1 1 183
i 1617 1 1 122
i 830 5 5 61
i 987 1 1 61
i 985 1 1 61
i 1247 1 1 4
i 2366 1 1 2
i 1249 1 1 1
i 555 1 40 78125
i 557 1 40 78125
i 199 1 1 15625
i 201 1 1 11723
i 203 1 1 8787
i 205 1 1 6835
i 207 1 1 5371
i 209 1 1 3906
i 211 1 1 2930
i 213 1 1 2441
i 1119 1 1 39062
i 215 1 1 1953
i 2485 1 1 1465
i 217 1 1 1465
i 5296 1 1 1556
i 5297 1 1 1059
i 5281 1 1 1026
i 5106 1 1 728
i 5298 1 1 728
i 5280 1 1 695
i 22873 1 1 497
i 3098 1 1 39062
i 5299 1 1 497
i 5300 1 1 331
i 5301 1 1 232
i 5302 1 1 166
i 22879 3 3 132
i 5303 1 1 99
i 5304 1 1 66
i 1438 1 1 11161
i 1446 1 1 11161
i 1440 1 1 11161
i 1125 1 1 39062
i 1442 1 1 11161
i 1448 1 1 11161
i 1444 1 1 11161
i 1454 1 1 4464
i 1452 1 1 3348
i 1462 1 1 3348
i 995 1 140 78125
i 377 1 1 78125
i 363 1 1 78125
i 590 1 1 78125
i 1355 1 1 78125
i 405 1 1 15625
i 6161 1 1 15625
i 6157 1 1 15625
i 6159 1 1 15625
i 6151 1 1 15625
i 2801 1 1 7812
i 6145 1 1 15625
i 1341 1 1 39062
i 1301 1 1 39062
end
npc 2264 # Dagannoth fledgeling (lvl 70)
g 526 1 1
t 1 main
i 23083 1 1 3571
end
npc 2265 # Dagannoth Supreme (lvl 303)
g 6729 1 1
g 6155 1 1
t 1 main
i 3758 1 1 7812
i 3748 1 1 7812
i 6724 1 1 7812
i 6739 1 1 7812
i 3749 1 1 7812
i 6133 1 1 7812
i 6135 1 1 7812
i 6733 1 1 7812
i 886 50 250 39062
i 9144 2 12 39062
i 884 200 700 31250
i 5296 1 1 10893
i 5297 1 1 7413
i 5281 1 1 7184
i 5106 1 1 5097
i 5298 1 1 5097
i 5280 1 1 4866
i 22873 1 1 3476
i 5299 1 1 3476
i 5300 1 1 2317
i 866 25 50 78125
i 5301 1 1 1622
i 5302 1 1 1159
i 22879 3 3 927
i 5303 1 1 695
i 5304 1 1 463
i 1438 1 1 1116
i 1446 1 1 1116
i 1440 1 1 1116
i 1442 1 1 1116
i 1448 1 1 1116
i 2489 1 1 54688
i 1444 1 1 1116
i 1454 1 1 446
i 1452 1 1 335
i 1462 1 1 335
i 995 500 1109 78125
i 413 1 1 46875
i 45 10 30 39062
i 385 5 5 39062
i 1515 50 150 39062
i 207 1 1 39062
i 805 5 10 39062
i 1517 15 65 23438
i 9431 1 1 15625
i 314 250 500 7812
i 810 10 25 39062
i 863 200 500 39062
i 13492 1 1 50000
i 865 50 150 39062
i 2722 1 1 23810
i 23083 1 1 16949
i 12073 1 1 1333
i 12643 1 1 200
i 3757 1 1 7812
end
npc 2266 # Dagannoth Prime (lvl 303)
g 6729 1 1
g 6155 1 1
t 1 main
i 6562 1 1 7812
i 6739 1 1 7812
i 3755 1 1 7812
i 6139 1 1 7812
i 6141 1 1 7812
i 6731 1 1 7812
i 556 100 200 46875
i 557 50 100 39062
i 565 25 75 15625
i 563 10 75 15625
i 561 25 50 15625
i 4698 25 75 15625
i 560 25 85 15625
i 5296 1 1 10893
i 5297 1 1 7413
i 5281 1 1 7184
i 5106 1 1 5097
i 5298 1 1 5097
i 5280 1 1 4866
i 22873 1 1 3476
i 1399 1 1 78125
i 5299 1 1 3476
i 5300 1 1 2317
i 5301 1 1 1622
i 5302 1 1 1159
i 22879 3 3 927
i 5303 1 1 695
i 5304 1 1 463
i 1438 1 1 1116
i 1446 1 1 1116
i 1440 1 1 1116
i 1395 1 1 39062
i 1442 1 1 1116
i 1448 1 1 1116
i 1444 1 1 1116
i 1454 1 1 446
i 1452 1 1 335
i 1462 1 1 335
i 1440 25 75 78125
i 1438 25 75 54688
i 1444 1 76 54688
i 385 5 5 78125
i 1397 1 1 31250
i 995 500 1109 23438
i 413 1 1 39062
i 7936 150 150 39062
i 207 1 1 39062
i 1391 1 10 7812
i 3757 1 1 7812
i 3758 1 1 7812
i 13492 1 1 50000
i 2722 1 1 23810
i 23083 1 1 16949
i 12073 1 1 1333
i 12644 1 1 200
i 3748 1 1 7812
end
npc 2267 # Dagannoth Rex (lvl 303)
g 6729 1 1
g 6155 1 1
t 1 main
i 1359 1 1 7812
i 3758 1 1 7812
i 3748 1 1 7812
i 1315 1 1 7812
i 6739 1 1 7812
i 2570 1 1 7812
i 6129 1 1 7812
i 6130 1 1 7812
i 6737 1 1 7812
i 6735 1 1 7812
i 2456 1 1 7812
i 141 1 1 7812
i 129 1 1 7812
i 147 1 1 7812
i 159 1 1 7812
i 165 1 1 7812
i 191 1 1 7812
i 447 25 25 78125
i 2361 1 1 23438
i 453 100 100 15625
i 1193 1 1 132812
i 440 150 150 7812
i 2353 15 30 7812
i 1438 1 1 1116
i 1446 1 1 1116
i 1440 1 1 1116
i 1442 1 1 1116
i 1448 1 1 1116
i 1444 1 1 1116
i 1454 1 1 446
i 1452 1 1 335
i 1343 1 1 85938
i 1462 1 1 335
i 995 100 1209 78125
i 207 1 1 54688
i 365 5 5 54688
i 373 5 5 31250
i 385 5 5 7812
i 1357 1 1 54688
i 1119 1 1 31250
i 1273 1 1 23438
i 13492 1 1 50000
i 2722 1 1 23810
i 23083 1 1 16949
i 12073 1 1 1333
i 12645 1 1 200
i 1123 1 1 15625
i 3757 1 1 15625
end
npc 2316 # Guard (lvl 26)
g 526 1 1
g 995 30 30
t 1 main
i 561 1 1 7812
i 886 5 5 7812
i 5318 4 4 52632
i 5319 4 4 40000
i 5324 4 4 26316
i 5322 3 3 12987
i 5320 3 3 6452
i 5323 2 2 3215
i 5321 2 2 1536
i 22879 2 2 1116
i 9140 2 12 78125
i 995 1 1 148438
i 995 7 7 125000
i 995 5 5 140625
i 995 12 12 70312
i 995 4 4 62500
i 995 25 25 31250
i 995 17 17 31250
i 995 30 30 15625
i 1203 1 1 46875
i 1446 1 1 23438
i 886 1 1 31250
i 1947 1 1 7812
i 440 1 1 7812
i 2801 1 1 7812
i 882 1 1 23438
i 556 6 6 15625
i 557 3 3 15625
i 554 2 2 15625
i 565 1 1 7812
i 562 1 1 7812
end
npc 2317 # Guard (lvl 24)
g 526 1 1
g 995 30 30
t 1 main
i 561 1 1 7812
i 886 5 5 7812
i 5318 4 4 52632
i 5319 4 4 40000
i 5324 4 4 26316
i 5322 3 3 12987
i 5320 3 3 6452
i 5323 2 2 3215
i 5321 2 2 1536
i 22879 2 2 1116
i 9140 2 12 78125
i 995 1 1 148438
i 995 7 7 125000
i 995 5 5 140625
i 995 12 12 70312
i 995 4 4 62500
i 995 25 25 31250
i 995 17 17 31250
i 995 30 30 15625
i 1203 1 1 46875
i 1446 1 1 23438
i 886 1 1 31250
i 1947 1 1 7812
i 440 1 1 7812
i 2801 1 1 7812
i 882 1 1 23438
i 556 6 6 15625
i 557 3 3 15625
i 554 2 2 15625
i 565 1 1 7812
i 562 1 1 7812
end
npc 2450 # Animated Bronze Armour (lvl 11)
g 8851 5 5
t 1 main
i 1155 1 1 900000
i 1117 1 1 900000
i 1075 1 1 900000
end
npc 2451 # Animated Iron Armour (lvl 23)
g 8851 10 10
g 1153 1 1
g 1115 1 1
t 1 main
i 1067 1 1 900000
end
npc 2452 # Animated Steel Armour (lvl 46)
g 8851 15 15
g 1119 1 1
g 1069 1 1
t 1 main
i 1157 1 1 900000
end
npc 2453 # Animated Black Armour (lvl 69)
g 8851 20 20
g 1165 1 1
g 1125 1 1
g 1077 1 1
end
npc 2454 # Animated Mithril Armour (lvl 92)
g 8851 25 25
g 1159 1 1
g 1121 1 1
g 1071 1 1
end
npc 2455 # Animated Adamant Armour (lvl 113)
g 8851 30 30
g 1161 1 1
g 1123 1 1
g 1073 1 1
end
npc 2456 # Animated Rune Armour (lvl 138)
g 8851 40 40
g 1163 1 1
g 1127 1 1
g 1079 1 1
end
npc 2463 # Cyclops (lvl 56)
t 1 main
i 8844 1 1 20000
i 8845 1 1 20000
i 8846 1 1 20000
i 8847 1 1 20000
i 8848 1 1 20000
i 8849 1 1 20000
i 8850 1 1 20000
end
npc 2464 # Cyclops (lvl 76)
t 1 main
i 8844 1 1 20000
i 8845 1 1 20000
i 8846 1 1 20000
i 8847 1 1 20000
i 8848 1 1 20000
i 8849 1 1 20000
i 8850 1 1 20000
end
npc 2465 # Cyclops (lvl 56)
t 1 main
i 8844 1 1 20000
i 8845 1 1 20000
i 8846 1 1 20000
i 8847 1 1 20000
i 8848 1 1 20000
i 8849 1 1 20000
i 8850 1 1 20000
end
npc 2466 # Cyclops (lvl 76)
t 1 main
i 8844 1 1 20000
i 8845 1 1 20000
i 8846 1 1 20000
i 8847 1 1 20000
i 8848 1 1 20000
i 8849 1 1 20000
i 8850 1 1 20000
end
npc 2467 # Cyclops (lvl 56)
t 1 main
i 8844 1 1 20000
i 8845 1 1 20000
i 8846 1 1 20000
i 8847 1 1 20000
i 8848 1 1 20000
i 8849 1 1 20000
i 8850 1 1 20000
end
npc 2468 # Cyclops (lvl 76)
t 1 main
i 8844 1 1 20000
i 8845 1 1 20000
i 8846 1 1 20000
i 8847 1 1 20000
i 8848 1 1 20000
i 8849 1 1 20000
i 8850 1 1 20000
end
npc 2474 # Catablepon (lvl 49)
g 526 1 1
t 1 main
i 1623 1 1 4950
i 1621 1 1 2475
i 1619 1 1 1238
i 1452 1 1 464
i 1462 1 1 464
i 1617 1 1 309
i 830 5 5 155
i 987 1 1 155
i 985 1 1 155
i 1247 1 1 10
i 2366 1 1 5
i 1249 1 1 4
i 201 1 1 5568
i 203 1 1 4177
i 205 1 1 3249
i 207 1 1 2552
i 209 1 1 1856
i 211 1 1 1392
i 213 1 1 1160
i 215 1 1 928
i 2485 1 1 696
i 217 1 1 696
i 1145 1 1 9901
i 5318 1 4 4950
i 5319 1 3 2475
i 5324 1 3 1238
i 5322 1 2 619
i 5320 1 2 309
i 5323 1 1 155
i 5321 1 1 77
i 22879 1 1 77
i 1436 15 15 49505
i 7936 15 15 49505
i 554 15 15 69307
i 221 1 1 69307
i 453 3 7 19802
i 995 10 10 39604
i 995 15 15 59406
i 995 44 44 118812
i 995 5 104 99010
i 333 1 1 19802
i 595 1 1 89109
i 9010 1 1 29703
i 555 7 7 59406
i 562 7 7 9901
i 2801 1 1 9901
i 563 2 2 39604
i 564 2 2 29703
i 888 5 14 39604
i 199 1 1 7424
end
npc 2475 # Catablepon (lvl 64)
g 526 1 1
t 1 main
i 1623 1 1 4950
i 1621 1 1 2475
i 1619 1 1 1238
i 1452 1 1 464
i 1462 1 1 464
i 1617 1 1 309
i 830 5 5 155
i 987 1 1 155
i 985 1 1 155
i 1247 1 1 10
i 2366 1 1 5
i 1249 1 1 4
i 201 1 1 5568
i 203 1 1 4177
i 205 1 1 3249
i 207 1 1 2552
i 209 1 1 1856
i 211 1 1 1392
i 213 1 1 1160
i 215 1 1 928
i 2485 1 1 696
i 217 1 1 696
i 1145 1 1 9901
i 5318 1 4 4950
i 5319 1 3 2475
i 5324 1 3 1238
i 5322 1 2 619
i 5320 1 2 309
i 5323 1 1 155
i 5321 1 1 77
i 22879 1 1 77
i 1436 15 15 49505
i 7936 15 15 49505
i 554 15 15 69307
i 221 1 1 69307
i 453 3 7 19802
i 995 10 10 39604
i 995 15 15 59406
i 995 44 44 118812
i 995 5 104 99010
i 333 1 1 19802
i 595 1 1 89109
i 9010 1 1 29703
i 555 7 7 59406
i 562 7 7 9901
i 2801 1 1 9901
i 563 2 2 39604
i 564 2 2 29703
i 888 5 14 39604
i 199 1 1 7424
end
npc 2476 # Catablepon (lvl 68)
g 526 1 1
t 1 main
i 1623 1 1 4950
i 1621 1 1 2475
i 1619 1 1 1238
i 1452 1 1 464
i 1462 1 1 464
i 1617 1 1 309
i 830 5 5 155
i 987 1 1 155
i 985 1 1 155
i 1247 1 1 10
i 2366 1 1 5
i 1249 1 1 4
i 201 1 1 5568
i 203 1 1 4177
i 205 1 1 3249
i 207 1 1 2552
i 209 1 1 1856
i 211 1 1 1392
i 213 1 1 1160
i 215 1 1 928
i 2485 1 1 696
i 217 1 1 696
i 1145 1 1 9901
i 5318 1 4 4950
i 5319 1 3 2475
i 5324 1 3 1238
i 5322 1 2 619
i 5320 1 2 309
i 5323 1 1 155
i 5321 1 1 77
i 22879 1 1 77
i 1436 15 15 49505
i 7936 15 15 49505
i 554 15 15 69307
i 221 1 1 69307
i 453 3 7 19802
i 995 10 10 39604
i 995 15 15 59406
i 995 44 44 118812
i 995 5 104 99010
i 333 1 1 19802
i 595 1 1 89109
i 9010 1 1 29703
i 555 7 7 59406
i 562 7 7 9901
i 2801 1 1 9901
i 563 2 2 39604
i 564 2 2 29703
i 888 5 14 39604
i 199 1 1 7424
end
npc 2477 # Giant spider (lvl 50)
t 1 main
i 11941 1 1 66667
i 23182 1 1 7812
i 23490 1 1 519
i 21257 1 1 3165
end
npc 2478 # Spider (lvl 24)
t 1 main
i 11941 1 1 66667
i 23182 1 1 7812
i 23490 1 1 507
i 21257 1 1 3135
end
npc 2479 # Scorpion (lvl 59)
g 4569 1 1
t 1 main
i 11941 1 1 100000
i 13459 1 1 40000
i 23182 1 1 10000
i 23490 1 1 711
i 21257 1 1 3257
end
npc 2480 # Scorpion (lvl 37)
g 4569 1 1
t 1 main
i 11941 1 1 100000
i 13459 1 1 40000
i 23182 1 1 10000
i 23490 1 1 711
i 21257 1 1 3257
end
npc 2481 # Minotaur (lvl 12)
g 526 1 1
t 1 main
i 1623 1 1 2475
i 1621 1 1 1238
i 1619 1 1 619
i 1452 1 1 232
i 1462 1 1 232
i 1617 1 1 155
i 830 5 5 77
i 987 1 1 77
i 985 1 1 77
i 1247 1 1 5
i 2366 1 1 2
i 1249 1 1 2
i 995 5 84 69307
i 436 1 1 59406
i 438 1 1 59406
i 7936 15 15 49505
i 1436 5 5 49505
i 2142 1 1 29703
i 9007 1 1 29703
i 884 5 14 99010
i 13456 1 1 20000
i 23182 1 1 16667
i 1237 1 1 99010
i 2677 1 1 9901
i 1155 1 1 99010
i 882 3 3 29703
i 1205 1 1 39604
i 558 1 1 9901
i 995 2 2 108911
i 995 7 7 198020
end
npc 2482 # Minotaur (lvl 19)
g 526 1 1
t 1 main
i 1623 1 1 2475
i 1621 1 1 1238
i 1619 1 1 619
i 1452 1 1 232
i 1462 1 1 232
i 1617 1 1 155
i 830 5 5 77
i 987 1 1 77
i 985 1 1 77
i 1247 1 1 5
i 2366 1 1 2
i 1249 1 1 2
i 995 5 84 69307
i 436 1 1 59406
i 438 1 1 59406
i 7936 15 15 49505
i 1436 5 5 49505
i 2142 1 1 29703
i 9007 1 1 29703
i 884 5 14 99010
i 13456 1 1 20000
i 23182 1 1 16667
i 1237 1 1 99010
i 2677 1 1 9901
i 1155 1 1 99010
i 882 3 3 29703
i 1205 1 1 39604
i 558 1 1 9901
i 995 2 2 108911
i 995 7 7 198020
end
npc 2483 # Minotaur (lvl 27)
g 526 1 1
t 1 main
i 1623 1 1 2475
i 1621 1 1 1238
i 1619 1 1 619
i 1452 1 1 232
i 1462 1 1 232
i 1617 1 1 155
i 830 5 5 77
i 987 1 1 77
i 985 1 1 77
i 1247 1 1 5
i 2366 1 1 2
i 1249 1 1 2
i 995 5 84 69307
i 436 1 1 59406
i 438 1 1 59406
i 7936 15 15 49505
i 1436 5 5 49505
i 2142 1 1 29703
i 9007 1 1 29703
i 884 5 14 99010
i 13456 1 1 20000
i 23182 1 1 16667
i 1237 1 1 99010
i 2677 1 1 9901
i 1155 1 1 99010
i 882 3 3 29703
i 1205 1 1 39604
i 558 1 1 9901
i 995 2 2 108911
i 995 7 7 198020
end
npc 2484 # Goblin (lvl 5)
g 526 1 1
t 1 main
i 995 15 15 23438
i 995 20 20 15625
i 995 1 1 7812
i 2347 1 1 117188
i 10999 1 1 15625
i 288 1 1 39062
i 1949 1 1 23438
i 1917 1 1 15625
i 1009 1 1 7812
i 1438 1 1 7812
i 1173 1 1 23438
i 7812 1 1 250000
i 13447 1 1 28571
i 11942 1 1 16667
i 23182 1 1 15625
i 2677 1 1 7812
i 6801 1 1 200
i 1237 1 1 31250
i 559 7 7 39062
i 555 6 6 46875
i 557 4 4 23438
i 877 8 8 23438
i 995 5 5 218750
i 995 9 9 23438
end
npc 2485 # Goblin (lvl 13)
g 526 1 1
t 1 main
i 995 15 15 23438
i 995 20 20 15625
i 995 1 1 7812
i 2347 1 1 117188
i 10999 1 1 15625
i 288 1 1 39062
i 1949 1 1 23438
i 1917 1 1 15625
i 1009 1 1 7812
i 1438 1 1 7812
i 1173 1 1 23438
i 7812 1 1 250000
i 13447 1 1 28571
i 11942 1 1 16667
i 23182 1 1 15625
i 2677 1 1 7812
i 6801 1 1 200
i 1237 1 1 31250
i 559 7 7 39062
i 555 6 6 46875
i 557 4 4 23438
i 877 8 8 23438
i 995 5 5 218750
i 995 9 9 23438
end
npc 2486 # Goblin (lvl 11)
g 526 1 1
t 1 main
i 995 15 15 23438
i 995 20 20 15625
i 995 1 1 7812
i 2347 1 1 117188
i 10999 1 1 15625
i 288 1 1 39062
i 1949 1 1 23438
i 1917 1 1 15625
i 1009 1 1 7812
i 1438 1 1 7812
i 1173 1 1 23438
i 7812 1 1 250000
i 13447 1 1 28571
i 11942 1 1 16667
i 23182 1 1 15625
i 2677 1 1 7812
i 6801 1 1 200
i 1237 1 1 31250
i 559 7 7 39062
i 555 6 6 46875
i 557 4 4 23438
i 877 8 8 23438
i 995 5 5 218750
i 995 9 9 23438
end
npc 2487 # Goblin (lvl 16)
g 526 1 1
t 1 main
i 995 15 15 23438
i 995 20 20 15625
i 995 1 1 7812
i 2347 1 1 117188
i 10999 1 1 15625
i 288 1 1 39062
i 1949 1 1 23438
i 1917 1 1 15625
i 1009 1 1 7812
i 1438 1 1 7812
i 1173 1 1 23438
i 7812 1 1 250000
i 13447 1 1 28571
i 11942 1 1 16667
i 23182 1 1 15625
i 2677 1 1 7812
i 6801 1 1 200
i 1237 1 1 31250
i 559 7 7 39062
i 555 6 6 46875
i 557 4 4 23438
i 877 8 8 23438
i 995 5 5 218750
i 995 9 9 23438
end
npc 2488 # Goblin (lvl 25)
g 526 1 1
t 1 main
i 995 15 15 23438
i 995 20 20 15625
i 995 1 1 7812
i 2347 1 1 117188
i 10999 1 1 15625
i 288 1 1 39062
i 1949 1 1 23438
i 1917 1 1 15625
i 1009 1 1 7812
i 1438 1 1 7812
i 1173 1 1 23438
i 7812 1 1 250000
i 13447 1 1 28571
i 11942 1 1 16667
i 23182 1 1 15625
i 2677 1 1 7812
i 6801 1 1 200
i 1237 1 1 31250
i 559 7 7 39062
i 555 6 6 46875
i 557 4 4 23438
i 877 8 8 23438
i 995 5 5 218750
i 995 9 9 23438
end
npc 2489 # Goblin (lvl 16)
g 526 1 1
t 1 main
i 995 15 15 23438
i 995 20 20 15625
i 995 1 1 7812
i 2347 1 1 117188
i 10999 1 1 15625
i 288 1 1 39062
i 1949 1 1 23438
i 1917 1 1 15625
i 1009 1 1 7812
i 1438 1 1 7812
i 1173 1 1 23438
i 7812 1 1 250000
i 13447 1 1 28571
i 11942 1 1 16667
i 23182 1 1 15625
i 2677 1 1 7812
i 6801 1 1 200
i 1237 1 1 31250
i 559 7 7 39062
i 555 6 6 46875
i 557 4 4 23438
i 877 8 8 23438
i 995 5 5 218750
i 995 9 9 23438
end
npc 2490 # Wolf (lvl 14)
g 2859 1 1
t 1 main
i 7830 1 1 250000
i 11941 1 1 166667
i 23182 1 1 7812
end
npc 2491 # Wolf (lvl 11)
g 2859 1 1
t 1 main
i 7830 1 1 250000
i 11941 1 1 166667
i 23182 1 1 7812
end
npc 2492 # Rat (lvl 1)
g 526 1 1
g 300 1 1
t 1 main
i 7836 1 1 250000
i 11941 1 1 66667
end
npc 2498 # Flesh Crawler (lvl 28)
t 1 main
i 1623 1 1 5000
i 1621 1 1 2500
i 1619 1 1 1250
i 1452 1 1 469
i 1462 1 1 469
i 1617 1 1 312
i 830 5 5 156
i 987 1 1 156
i 985 1 1 156
i 1247 1 1 10
i 2366 1 1 5
i 1249 1 1 4
i 559 3 12 170000
i 209 1 1 10627
i 211 1 1 7968
i 213 1 1 6640
i 215 1 1 5313
i 2485 1 1 3984
i 217 1 1 3984
i 995 10 10 170000
i 995 5 84 70000
i 440 1 1 50000
i 440 3 10 50000
i 554 42 42 20000
i 592 1 1 40000
i 9011 1 1 30000
i 2355 1 1 10000
i 4696 3 9 40000
i 561 5 5 20000
i 199 1 1 42553
i 201 1 1 31847
i 203 1 1 23923
i 205 1 1 18587
i 207 1 1 14620
end
npc 2499 # Flesh Crawler (lvl 35)
t 1 main
i 1623 1 1 5000
i 1621 1 1 2500
i 1619 1 1 1250
i 1452 1 1 469
i 1462 1 1 469
i 1617 1 1 312
i 830 5 5 156
i 987 1 1 156
i 985 1 1 156
i 1247 1 1 10
i 2366 1 1 5
i 1249 1 1 4
i 559 3 12 170000
i 209 1 1 10627
i 211 1 1 7968
i 213 1 1 6640
i 215 1 1 5313
i 2485 1 1 3984
i 217 1 1 3984
i 995 10 10 170000
i 995 5 84 70000
i 440 1 1 50000
i 440 3 10 50000
i 554 42 42 20000
i 592 1 1 40000
i 9011 1 1 30000
i 2355 1 1 10000
i 4696 3 9 40000
i 561 5 5 20000
i 199 1 1 42553
i 201 1 1 31847
i 203 1 1 23923
i 205 1 1 18587
i 207 1 1 14620
end
npc 2500 # Flesh Crawler (lvl 41)
t 1 main
i 1623 1 1 5000
i 1621 1 1 2500
i 1619 1 1 1250
i 1452 1 1 469
i 1462 1 1 469
i 1617 1 1 312
i 830 5 5 156
i 987 1 1 156
i 985 1 1 156
i 1247 1 1 10
i 2366 1 1 5
i 1249 1 1 4
i 559 3 12 170000
i 209 1 1 10627
i 211 1 1 7968
i 213 1 1 6640
i 215 1 1 5313
i 2485 1 1 3984
i 217 1 1 3984
i 995 10 10 170000
i 995 5 84 70000
i 440 1 1 50000
i 440 3 10 50000
i 554 42 42 20000
i 592 1 1 40000
i 9011 1 1 30000
i 2355 1 1 10000
i 4696 3 9 40000
i 561 5 5 20000
i 199 1 1 42553
i 201 1 1 31847
i 203 1 1 23923
i 205 1 1 18587
i 207 1 1 14620
end
npc 2501 # Zombie (lvl 30)
g 526 1 1
g 526 1 1
g 526 1 1
g 526 1 1
g 526 1 1
t 1 main
i 1623 1 1 5000
i 1621 1 1 2500
i 1619 1 1 1250
i 1452 1 1 469
i 1462 1 1 469
i 1617 1 1 312
i 830 5 5 156
i 987 1 1 156
i 985 1 1 156
i 1247 1 1 10
i 2366 1 1 5
i 1249 1 1 4
i 1623 1 1 1953
i 1621 1 1 977
i 1619 1 1 488
i 1452 1 1 183
i 1462 1 1 183
i 1617 1 1 122
i 830 5 5 61
i 987 1 1 61
i 985 1 1 61
i 1247 1 1 4
i 2366 1 1 2
i 1249 1 1 1
i 884 5 5 54688
i 217 1 1 2380
i 995 10 10 148438
i 995 26 26 39062
i 995 35 35 31250
i 995 1 1 15625
i 995 18 18 7812
i 313 3 3 328125
i 11940 3 3 328125
i 313 4 4 195312
i 11940 4 4 195312
i 559 6 6 39062
i 313 7 7 23438
i 11940 7 7 23438
i 221 1 1 15625
i 590 1 1 7812
i 558 5 5 39062
i 7863 1 1 250000
i 6807 1 1 200
i 23490 1 1 798
i 21257 1 1 3322
i 556 13 13 31250
i 886 5 14 200000
i 559 7 7 100000
i 199 1 1 10000
i 201 1 1 7502
i 203 1 1 5624
i 205 1 1 4374
i 207 1 1 3438
i 209 1 1 2500
i 211 1 1 1875
i 213 1 1 1562
i 884 8 8 31250
i 215 1 1 1250
i 2485 1 1 937
i 217 1 1 937
i 995 5 84 100000
i 995 10 10 40000
i 1917 1 1 100000
i 592 1 1 40000
i 886 5 5 15625
i 6807 1 1 200
i 561 6 6 7812
i 199 1 1 48780
i 201 1 1 36630
i 203 1 1 27473
i 7863 1 1 250000
i 205 1 1 21368
i 207 1 1 16779
i 209 1 1 12210
i 211 1 1 9158
i 213 1 1 7628
i 215 1 1 6105
i 2485 1 1 4577
i 217 1 1 4577
i 995 10 10 281250
i 995 4 4 31250
i 6807 1 1 200
i 995 18 18 23438
i 995 13 13 15625
i 995 28 28 15625
i 313 5 5 289062
i 436 1 1 15625
i 7863 1 1 250000
i 6807 1 1 200
i 1420 1 1 23438
i 1203 1 1 15625
i 23490 1 1 798
i 1189 1 1 7812
i 888 1 1 23438
i 559 3 3 15625
i 556 4 4 23438
i 562 4 4 7812
i 564 2 2 7812
i 554 7 7 7812
i 199 1 1 58480
i 201 1 1 43860
i 203 1 1 33003
i 21257 1 1 3322
i 205 1 1 25641
i 207 1 1 20161
i 209 1 1 14641
i 211 1 1 10989
i 213 1 1 9158
i 215 1 1 7326
i 2485 1 1 5495
i 217 1 1 5495
i 995 10 10 312500
i 995 18 18 164062
i 995 26 26 62500
i 995 35 35 46875
i 995 1 1 15625
i 313 7 7 203125
i 590 1 1 15625
i 221 1 1 7812
i 438 1 1 7812
i 1139 1 1 31250
i 7863 1 1 250000
i 1291 1 1 7812
i 6807 1 1 200
i 1189 1 1 15625
i 1203 1 1 15625
i 1420 1 1 7812
i 564 2 2 46875
i 562 4 4 39062
i 556 3 3 23438
i 559 3 3 23438
i 554 7 7 7812
i 1349 1 1 7812
i 199 1 1 25381
i 201 1 1 19048
i 203 1 1 14286
i 205 1 1 11111
i 207 1 1 8726
i 209 1 1 6349
i 211 1 1 4760
i 213 1 1 3967
i 215 1 1 3174
i 2485 1 1 2380
end
npc 2502 # Zombie (lvl 30)
g 526 1 1
g 526 1 1
g 526 1 1
g 526 1 1
g 526 1 1
t 1 main
i 1623 1 1 5000
i 1621 1 1 2500
i 1619 1 1 1250
i 1452 1 1 469
i 1462 1 1 469
i 1617 1 1 312
i 830 5 5 156
i 987 1 1 156
i 985 1 1 156
i 1247 1 1 10
i 2366 1 1 5
i 1249 1 1 4
i 1623 1 1 1953
i 1621 1 1 977
i 1619 1 1 488
i 1452 1 1 183
i 1462 1 1 183
i 1617 1 1 122
i 830 5 5 61
i 987 1 1 61
i 985 1 1 61
i 1247 1 1 4
i 2366 1 1 2
i 1249 1 1 1
i 884 5 5 54688
i 217 1 1 2380
i 995 10 10 148438
i 995 26 26 39062
i 995 35 35 31250
i 995 1 1 15625
i 995 18 18 7812
i 313 3 3 328125
i 11940 3 3 328125
i 313 4 4 195312
i 11940 4 4 195312
i 559 6 6 39062
i 313 7 7 23438
i 11940 7 7 23438
i 221 1 1 15625
i 590 1 1 7812
i 558 5 5 39062
i 7863 1 1 250000
i 6807 1 1 200
i 23490 1 1 798
i 21257 1 1 3322
i 556 13 13 31250
i 886 5 14 200000
i 559 7 7 100000
i 199 1 1 10000
i 201 1 1 7502
i 203 1 1 5624
i 205 1 1 4374
i 207 1 1 3438
i 209 1 1 2500
i 211 1 1 1875
i 213 1 1 1562
i 884 8 8 31250
i 215 1 1 1250
i 2485 1 1 937
i 217 1 1 937
i 995 5 84 100000
i 995 10 10 40000
i 1917 1 1 100000
i 592 1 1 40000
i 886 5 5 15625
i 6807 1 1 200
i 561 6 6 7812
i 199 1 1 48780
i 201 1 1 36630
i 203 1 1 27473
i 7863 1 1 250000
i 205 1 1 21368
i 207 1 1 16779
i 209 1 1 12210
i 211 1 1 9158
i 213 1 1 7628
i 215 1 1 6105
i 2485 1 1 4577
i 217 1 1 4577
i 995 10 10 281250
i 995 4 4 31250
i 6807 1 1 200
i 995 18 18 23438
i 995 13 13 15625
i 995 28 28 15625
i 313 5 5 289062
i 436 1 1 15625
i 7863 1 1 250000
i 6807 1 1 200
i 1420 1 1 23438
i 1203 1 1 15625
i 23490 1 1 798
i 1189 1 1 7812
i 888 1 1 23438
i 559 3 3 15625
i 556 4 4 23438
i 562 4 4 7812
i 564 2 2 7812
i 554 7 7 7812
i 199 1 1 58480
i 201 1 1 43860
i 203 1 1 33003
i 21257 1 1 3322
i 205 1 1 25641
i 207 1 1 20161
i 209 1 1 14641
i 211 1 1 10989
i 213 1 1 9158
i 215 1 1 7326
i 2485 1 1 5495
i 217 1 1 5495
i 995 10 10 312500
i 995 18 18 164062
i 995 26 26 62500
i 995 35 35 46875
i 995 1 1 15625
i 313 7 7 203125
i 590 1 1 15625
i 221 1 1 7812
i 438 1 1 7812
i 1139 1 1 31250
i 7863 1 1 250000
i 1291 1 1 7812
i 6807 1 1 200
i 1189 1 1 15625
i 1203 1 1 15625
i 1420 1 1 7812
i 564 2 2 46875
i 562 4 4 39062
i 556 3 3 23438
i 559 3 3 23438
i 554 7 7 7812
i 1349 1 1 7812
i 199 1 1 25381
i 201 1 1 19048
i 203 1 1 14286
i 205 1 1 11111
i 207 1 1 8726
i 209 1 1 6349
i 211 1 1 4760
i 213 1 1 3967
i 215 1 1 3174
i 2485 1 1 2380
end
npc 2503 # Zombie (lvl 30)
g 526 1 1
g 526 1 1
g 526 1 1
g 526 1 1
g 526 1 1
t 1 main
i 1623 1 1 5000
i 1621 1 1 2500
i 1619 1 1 1250
i 1452 1 1 469
i 1462 1 1 469
i 1617 1 1 312
i 830 5 5 156
i 987 1 1 156
i 985 1 1 156
i 1247 1 1 10
i 2366 1 1 5
i 1249 1 1 4
i 1623 1 1 1953
i 1621 1 1 977
i 1619 1 1 488
i 1452 1 1 183
i 1462 1 1 183
i 1617 1 1 122
i 830 5 5 61
i 987 1 1 61
i 985 1 1 61
i 1247 1 1 4
i 2366 1 1 2
i 1249 1 1 1
i 884 5 5 54688
i 217 1 1 2380
i 995 10 10 148438
i 995 26 26 39062
i 995 35 35 31250
i 995 1 1 15625
i 995 18 18 7812
i 313 3 3 328125
i 11940 3 3 328125
i 313 4 4 195312
i 11940 4 4 195312
i 559 6 6 39062
i 313 7 7 23438
i 11940 7 7 23438
i 221 1 1 15625
i 590 1 1 7812
i 558 5 5 39062
i 7863 1 1 250000
i 6807 1 1 200
i 23490 1 1 798
i 21257 1 1 3322
i 556 13 13 31250
i 886 5 14 200000
i 559 7 7 100000
i 199 1 1 10000
i 201 1 1 7502
i 203 1 1 5624
i 205 1 1 4374
i 207 1 1 3438
i 209 1 1 2500
i 211 1 1 1875
i 213 1 1 1562
i 884 8 8 31250
i 215 1 1 1250
i 2485 1 1 937
i 217 1 1 937
i 995 5 84 100000
i 995 10 10 40000
i 1917 1 1 100000
i 592 1 1 40000
i 886 5 5 15625
i 6807 1 1 200
i 561 6 6 7812
i 199 1 1 48780
i 201 1 1 36630
i 203 1 1 27473
i 7863 1 1 250000
i 205 1 1 21368
i 207 1 1 16779
i 209 1 1 12210
i 211 1 1 9158
i 213 1 1 7628
i 215 1 1 6105
i 2485 1 1 4577
i 217 1 1 4577
i 995 10 10 281250
i 995 4 4 31250
i 6807 1 1 200
i 995 18 18 23438
i 995 13 13 15625
i 995 28 28 15625
i 313 5 5 289062
i 436 1 1 15625
i 7863 1 1 250000
i 6807 1 1 200
i 1420 1 1 23438
i 1203 1 1 15625
i 23490 1 1 798
i 1189 1 1 7812
i 888 1 1 23438
i 559 3 3 15625
i 556 4 4 23438
i 562 4 4 7812
i 564 2 2 7812
i 554 7 7 7812
i 199 1 1 58480
i 201 1 1 43860
i 203 1 1 33003
i 21257 1 1 3322
i 205 1 1 25641
i 207 1 1 20161
i 209 1 1 14641
i 211 1 1 10989
i 213 1 1 9158
i 215 1 1 7326
i 2485 1 1 5495
i 217 1 1 5495
i 995 10 10 312500
i 995 18 18 164062
i 995 26 26 62500
i 995 35 35 46875
i 995 1 1 15625
i 313 7 7 203125
i 590 1 1 15625
i 221 1 1 7812
i 438 1 1 7812
i 1139 1 1 31250
i 7863 1 1 250000
i 1291 1 1 7812
i 6807 1 1 200
i 1189 1 1 15625
i 1203 1 1 15625
i 1420 1 1 7812
i 564 2 2 46875
i 562 4 4 39062
i 556 3 3 23438
i 559 3 3 23438
i 554 7 7 7812
i 1349 1 1 7812
i 199 1 1 25381
i 201 1 1 19048
i 203 1 1 14286
i 205 1 1 11111
i 207 1 1 8726
i 209 1 1 6349
i 211 1 1 4760
i 213 1 1 3967
i 215 1 1 3174
i 2485 1 1 2380
end
npc 2504 # Zombie (lvl 44)
g 526 1 1
g 526 1 1
g 526 1 1
g 526 1 1
g 526 1 1
t 1 main
i 1623 1 1 5000
i 1621 1 1 2500
i 1619 1 1 1250
i 1452 1 1 469
i 1462 1 1 469
i 1617 1 1 312
i 830 5 5 156
i 987 1 1 156
i 985 1 1 156
i 1247 1 1 10
i 2366 1 1 5
i 1249 1 1 4
i 1623 1 1 1953
i 1621 1 1 977
i 1619 1 1 488
i 1452 1 1 183
i 1462 1 1 183
i 1617 1 1 122
i 830 5 5 61
i 987 1 1 61
i 985 1 1 61
i 1247 1 1 4
i 2366 1 1 2
i 1249 1 1 1
i 884 5 5 54688
i 217 1 1 2380
i 995 10 10 148438
i 995 26 26 39062
i 995 35 35 31250
i 995 1 1 15625
i 995 18 18 7812
i 313 3 3 328125
i 11940 3 3 328125
i 313 4 4 195312
i 11940 4 4 195312
i 559 6 6 39062
i 313 7 7 23438
i 11940 7 7 23438
i 221 1 1 15625
i 590 1 1 7812
i 558 5 5 39062
i 7863 1 1 250000
i 6807 1 1 200
i 23490 1 1 798
i 21257 1 1 3322
i 556 13 13 31250
i 886 5 14 200000
i 559 7 7 100000
i 199 1 1 10000
i 201 1 1 7502
i 203 1 1 5624
i 205 1 1 4374
i 207 1 1 3438
i 209 1 1 2500
i 211 1 1 1875
i 213 1 1 1562
i 884 8 8 31250
i 215 1 1 1250
i 2485 1 1 937
i 217 1 1 937
i 995 5 84 100000
i 995 10 10 40000
i 1917 1 1 100000
i 592 1 1 40000
i 886 5 5 15625
i 6807 1 1 200
i 561 6 6 7812
i 199 1 1 48780
i 201 1 1 36630
i 203 1 1 27473
i 7863 1 1 250000
i 205 1 1 21368
i 207 1 1 16779
i 209 1 1 12210
i 211 1 1 9158
i 213 1 1 7628
i 215 1 1 6105
i 2485 1 1 4577
i 217 1 1 4577
i 995 10 10 281250
i 995 4 4 31250
i 6807 1 1 200
i 995 18 18 23438
i 995 13 13 15625
i 995 28 28 15625
i 313 5 5 289062
i 436 1 1 15625
i 7863 1 1 250000
i 6807 1 1 200
i 1420 1 1 23438
i 1203 1 1 15625
i 23490 1 1 798
i 1189 1 1 7812
i 888 1 1 23438
i 559 3 3 15625
i 556 4 4 23438
i 562 4 4 7812
i 564 2 2 7812
i 554 7 7 7812
i 199 1 1 58480
i 201 1 1 43860
i 203 1 1 33003
i 21257 1 1 3322
i 205 1 1 25641
i 207 1 1 20161
i 209 1 1 14641
i 211 1 1 10989
i 213 1 1 9158
i 215 1 1 7326
i 2485 1 1 5495
i 217 1 1 5495
i 995 10 10 312500
i 995 18 18 164062
i 995 26 26 62500
i 995 35 35 46875
i 995 1 1 15625
i 313 7 7 203125
i 590 1 1 15625
i 221 1 1 7812
i 438 1 1 7812
i 1139 1 1 31250
i 7863 1 1 250000
i 1291 1 1 7812
i 6807 1 1 200
i 1189 1 1 15625
i 1203 1 1 15625
i 1420 1 1 7812
i 564 2 2 46875
i 562 4 4 39062
i 556 3 3 23438
i 559 3 3 23438
i 554 7 7 7812
i 1349 1 1 7812
i 199 1 1 25381
i 201 1 1 19048
i 203 1 1 14286
i 205 1 1 11111
i 207 1 1 8726
i 209 1 1 6349
i 211 1 1 4760
i 213 1 1 3967
i 215 1 1 3174
i 2485 1 1 2380
end
npc 2505 # Zombie (lvl 44)
g 526 1 1
g 526 1 1
g 526 1 1
g 526 1 1
g 526 1 1
t 1 main
i 1623 1 1 5000
i 1621 1 1 2500
i 1619 1 1 1250
i 1452 1 1 469
i 1462 1 1 469
i 1617 1 1 312
i 830 5 5 156
i 987 1 1 156
i 985 1 1 156
i 1247 1 1 10
i 2366 1 1 5
i 1249 1 1 4
i 1623 1 1 1953
i 1621 1 1 977
i 1619 1 1 488
i 1452 1 1 183
i 1462 1 1 183
i 1617 1 1 122
i 830 5 5 61
i 987 1 1 61
i 985 1 1 61
i 1247 1 1 4
i 2366 1 1 2
i 1249 1 1 1
i 884 5 5 54688
i 217 1 1 2380
i 995 10 10 148438
i 995 26 26 39062
i 995 35 35 31250
i 995 1 1 15625
i 995 18 18 7812
i 313 3 3 328125
i 11940 3 3 328125
i 313 4 4 195312
i 11940 4 4 195312
i 559 6 6 39062
i 313 7 7 23438
i 11940 7 7 23438
i 221 1 1 15625
i 590 1 1 7812
i 558 5 5 39062
i 7863 1 1 250000
i 6807 1 1 200
i 23490 1 1 798
i 21257 1 1 3322
i 556 13 13 31250
i 886 5 14 200000
i 559 7 7 100000
i 199 1 1 10000
i 201 1 1 7502
i 203 1 1 5624
i 205 1 1 4374
i 207 1 1 3438
i 209 1 1 2500
i 211 1 1 1875
i 213 1 1 1562
i 884 8 8 31250
i 215 1 1 1250
i 2485 1 1 937
i 217 1 1 937
i 995 5 84 100000
i 995 10 10 40000
i 1917 1 1 100000
i 592 1 1 40000
i 886 5 5 15625
i 6807 1 1 200
i 561 6 6 7812
i 199 1 1 48780
i 201 1 1 36630
i 203 1 1 27473
i 7863 1 1 250000
i 205 1 1 21368
i 207 1 1 16779
i 209 1 1 12210
i 211 1 1 9158
i 213 1 1 7628
i 215 1 1 6105
i 2485 1 1 4577
i 217 1 1 4577
i 995 10 10 281250
i 995 4 4 31250
i 6807 1 1 200
i 995 18 18 23438
i 995 13 13 15625
i 995 28 28 15625
i 313 5 5 289062
i 436 1 1 15625
i 7863 1 1 250000
i 6807 1 1 200
i 1420 1 1 23438
i 1203 1 1 15625
i 23490 1 1 798
i 1189 1 1 7812
i 888 1 1 23438
i 559 3 3 15625
i 556 4 4 23438
i 562 4 4 7812
i 564 2 2 7812
i 554 7 7 7812
i 199 1 1 58480
i 201 1 1 43860
i 203 1 1 33003
i 21257 1 1 3322
i 205 1 1 25641
i 207 1 1 20161
i 209 1 1 14641
i 211 1 1 10989
i 213 1 1 9158
i 215 1 1 7326
i 2485 1 1 5495
i 217 1 1 5495
i 995 10 10 312500
i 995 18 18 164062
i 995 26 26 62500
i 995 35 35 46875
i 995 1 1 15625
i 313 7 7 203125
i 590 1 1 15625
i 221 1 1 7812
i 438 1 1 7812
i 1139 1 1 31250
i 7863 1 1 250000
i 1291 1 1 7812
i 6807 1 1 200
i 1189 1 1 15625
i 1203 1 1 15625
i 1420 1 1 7812
i 564 2 2 46875
i 562 4 4 39062
i 556 3 3 23438
i 559 3 3 23438
i 554 7 7 7812
i 1349 1 1 7812
i 199 1 1 25381
i 201 1 1 19048
i 203 1 1 14286
i 205 1 1 11111
i 207 1 1 8726
i 209 1 1 6349
i 211 1 1 4760
i 213 1 1 3967
i 215 1 1 3174
i 2485 1 1 2380
end
npc 2506 # Zombie (lvl 44)
g 526 1 1
g 526 1 1
g 526 1 1
g 526 1 1
g 526 1 1
t 1 main
i 1623 1 1 5000
i 1621 1 1 2500
i 1619 1 1 1250
i 1452 1 1 469
i 1462 1 1 469
i 1617 1 1 312
i 830 5 5 156
i 987 1 1 156
i 985 1 1 156
i 1247 1 1 10
i 2366 1 1 5
i 1249 1 1 4
i 1623 1 1 1953
i 1621 1 1 977
i 1619 1 1 488
i 1452 1 1 183
i 1462 1 1 183
i 1617 1 1 122
i 830 5 5 61
i 987 1 1 61
i 985 1 1 61
i 1247 1 1 4
i 2366 1 1 2
i 1249 1 1 1
i 884 5 5 54688
i 217 1 1 2380
i 995 10 10 148438
i 995 26 26 39062
i 995 35 35 31250
i 995 1 1 15625
i 995 18 18 7812
i 313 3 3 328125
i 11940 3 3 328125
i 313 4 4 195312
i 11940 4 4 195312
i 559 6 6 39062
i 313 7 7 23438
i 11940 7 7 23438
i 221 1 1 15625
i 590 1 1 7812
i 558 5 5 39062
i 7863 1 1 250000
i 6807 1 1 200
i 23490 1 1 798
i 21257 1 1 3322
i 556 13 13 31250
i 886 5 14 200000
i 559 7 7 100000
i 199 1 1 10000
i 201 1 1 7502
i 203 1 1 5624
i 205 1 1 4374
i 207 1 1 3438
i 209 1 1 2500
i 211 1 1 1875
i 213 1 1 1562
i 884 8 8 31250
i 215 1 1 1250
i 2485 1 1 937
i 217 1 1 937
i 995 5 84 100000
i 995 10 10 40000
i 1917 1 1 100000
i 592 1 1 40000
i 886 5 5 15625
i 6807 1 1 200
i 561 6 6 7812
i 199 1 1 48780
i 201 1 1 36630
i 203 1 1 27473
i 7863 1 1 250000
i 205 1 1 21368
i 207 1 1 16779
i 209 1 1 12210
i 211 1 1 9158
i 213 1 1 7628
i 215 1 1 6105
i 2485 1 1 4577
i 217 1 1 4577
i 995 10 10 281250
i 995 4 4 31250
i 6807 1 1 200
i 995 18 18 23438
i 995 13 13 15625
i 995 28 28 15625
i 313 5 5 289062
i 436 1 1 15625
i 7863 1 1 250000
i 6807 1 1 200
i 1420 1 1 23438
i 1203 1 1 15625
i 23490 1 1 798
i 1189 1 1 7812
i 888 1 1 23438
i 559 3 3 15625
i 556 4 4 23438
i 562 4 4 7812
i 564 2 2 7812
i 554 7 7 7812
i 199 1 1 58480
i 201 1 1 43860
i 203 1 1 33003
i 21257 1 1 3322
i 205 1 1 25641
i 207 1 1 20161
i 209 1 1 14641
i 211 1 1 10989
i 213 1 1 9158
i 215 1 1 7326
i 2485 1 1 5495
i 217 1 1 5495
i 995 10 10 312500
i 995 18 18 164062
i 995 26 26 62500
i 995 35 35 46875
i 995 1 1 15625
i 313 7 7 203125
i 590 1 1 15625
i 221 1 1 7812
i 438 1 1 7812
i 1139 1 1 31250
i 7863 1 1 250000
i 1291 1 1 7812
i 6807 1 1 200
i 1189 1 1 15625
i 1203 1 1 15625
i 1420 1 1 7812
i 564 2 2 46875
i 562 4 4 39062
i 556 3 3 23438
i 559 3 3 23438
i 554 7 7 7812
i 1349 1 1 7812
i 199 1 1 25381
i 201 1 1 19048
i 203 1 1 14286
i 205 1 1 11111
i 207 1 1 8726
i 209 1 1 6349
i 211 1 1 4760
i 213 1 1 3967
i 215 1 1 3174
i 2485 1 1 2380
end
npc 2507 # Zombie (lvl 53)
g 526 1 1
g 526 1 1
g 526 1 1
g 526 1 1
g 526 1 1
t 1 main
i 1623 1 1 5000
i 1621 1 1 2500
i 1619 1 1 1250
i 1452 1 1 469
i 1462 1 1 469
i 1617 1 1 312
i 830 5 5 156
i 987 1 1 156
i 985 1 1 156
i 1247 1 1 10
i 2366 1 1 5
i 1249 1 1 4
i 1623 1 1 1953
i 1621 1 1 977
i 1619 1 1 488
i 1452 1 1 183
i 1462 1 1 183
i 1617 1 1 122
i 830 5 5 61
i 987 1 1 61
i 985 1 1 61
i 1247 1 1 4
i 2366 1 1 2
i 1249 1 1 1
i 884 5 5 54688
i 217 1 1 2380
i 995 10 10 148438
i 995 26 26 39062
i 995 35 35 31250
i 995 1 1 15625
i 995 18 18 7812
i 313 3 3 328125
i 11940 3 3 328125
i 313 4 4 195312
i 11940 4 4 195312
i 559 6 6 39062
i 313 7 7 23438
i 11940 7 7 23438
i 221 1 1 15625
i 590 1 1 7812
i 558 5 5 39062
i 7863 1 1 250000
i 6807 1 1 200
i 23490 1 1 798
i 21257 1 1 3322
i 556 13 13 31250
i 886 5 14 200000
i 559 7 7 100000
i 199 1 1 10000
i 201 1 1 7502
i 203 1 1 5624
i 205 1 1 4374
i 207 1 1 3438
i 209 1 1 2500
i 211 1 1 1875
i 213 1 1 1562
i 884 8 8 31250
i 215 1 1 1250
i 2485 1 1 937
i 217 1 1 937
i 995 5 84 100000
i 995 10 10 40000
i 1917 1 1 100000
i 592 1 1 40000
i 886 5 5 15625
i 6807 1 1 200
i 561 6 6 7812
i 199 1 1 48780
i 201 1 1 36630
i 203 1 1 27473
i 7863 1 1 250000
i 205 1 1 21368
i 207 1 1 16779
i 209 1 1 12210
i 211 1 1 9158
i 213 1 1 7628
i 215 1 1 6105
i 2485 1 1 4577
i 217 1 1 4577
i 995 10 10 281250
i 995 4 4 31250
i 6807 1 1 200
i 995 18 18 23438
i 995 13 13 15625
i 995 28 28 15625
i 313 5 5 289062
i 436 1 1 15625
i 7863 1 1 250000
i 6807 1 1 200
i 1420 1 1 23438
i 1203 1 1 15625
i 23490 1 1 798
i 1189 1 1 7812
i 888 1 1 23438
i 559 3 3 15625
i 556 4 4 23438
i 562 4 4 7812
i 564 2 2 7812
i 554 7 7 7812
i 199 1 1 58480
i 201 1 1 43860
i 203 1 1 33003
i 21257 1 1 3322
i 205 1 1 25641
i 207 1 1 20161
i 209 1 1 14641
i 211 1 1 10989
i 213 1 1 9158
i 215 1 1 7326
i 2485 1 1 5495
i 217 1 1 5495
i 995 10 10 312500
i 995 18 18 164062
i 995 26 26 62500
i 995 35 35 46875
i 995 1 1 15625
i 313 7 7 203125
i 590 1 1 15625
i 221 1 1 7812
i 438 1 1 7812
i 1139 1 1 31250
i 7863 1 1 250000
i 1291 1 1 7812
i 6807 1 1 200
i 1189 1 1 15625
i 1203 1 1 15625
i 1420 1 1 7812
i 564 2 2 46875
i 562 4 4 39062
i 556 3 3 23438
i 559 3 3 23438
i 554 7 7 7812
i 1349 1 1 7812
i 199 1 1 25381
i 201 1 1 19048
i 203 1 1 14286
i 205 1 1 11111
i 207 1 1 8726
i 209 1 1 6349
i 211 1 1 4760
i 213 1 1 3967
i 215 1 1 3174
i 2485 1 1 2380
end
npc 2508 # Zombie (lvl 53)
g 526 1 1
g 526 1 1
g 526 1 1
g 526 1 1
g 526 1 1
t 1 main
i 1623 1 1 5000
i 1621 1 1 2500
i 1619 1 1 1250
i 1452 1 1 469
i 1462 1 1 469
i 1617 1 1 312
i 830 5 5 156
i 987 1 1 156
i 985 1 1 156
i 1247 1 1 10
i 2366 1 1 5
i 1249 1 1 4
i 1623 1 1 1953
i 1621 1 1 977
i 1619 1 1 488
i 1452 1 1 183
i 1462 1 1 183
i 1617 1 1 122
i 830 5 5 61
i 987 1 1 61
i 985 1 1 61
i 1247 1 1 4
i 2366 1 1 2
i 1249 1 1 1
i 884 5 5 54688
i 217 1 1 2380
i 995 10 10 148438
i 995 26 26 39062
i 995 35 35 31250
i 995 1 1 15625
i 995 18 18 7812
i 313 3 3 328125
i 11940 3 3 328125
i 313 4 4 195312
i 11940 4 4 195312
i 559 6 6 39062
i 313 7 7 23438
i 11940 7 7 23438
i 221 1 1 15625
i 590 1 1 7812
i 558 5 5 39062
i 7863 1 1 250000
i 6807 1 1 200
i 23490 1 1 798
i 21257 1 1 3322
i 556 13 13 31250
i 886 5 14 200000
i 559 7 7 100000
i 199 1 1 10000
i 201 1 1 7502
i 203 1 1 5624
i 205 1 1 4374
i 207 1 1 3438
i 209 1 1 2500
i 211 1 1 1875
i 213 1 1 1562
i 884 8 8 31250
i 215 1 1 1250
i 2485 1 1 937
i 217 1 1 937
i 995 5 84 100000
i 995 10 10 40000
i 1917 1 1 100000
i 592 1 1 40000
i 886 5 5 15625
i 6807 1 1 200
i 561 6 6 7812
i 199 1 1 48780
i 201 1 1 36630
i 203 1 1 27473
i 7863 1 1 250000
i 205 1 1 21368
i 207 1 1 16779
i 209 1 1 12210
i 211 1 1 9158
i 213 1 1 7628
i 215 1 1 6105
i 2485 1 1 4577
i 217 1 1 4577
i 995 10 10 281250
i 995 4 4 31250
i 6807 1 1 200
i 995 18 18 23438
i 995 13 13 15625
i 995 28 28 15625
i 313 5 5 289062
i 436 1 1 15625
i 7863 1 1 250000
i 6807 1 1 200
i 1420 1 1 23438
i 1203 1 1 15625
i 23490 1 1 798
i 1189 1 1 7812
i 888 1 1 23438
i 559 3 3 15625
i 556 4 4 23438
i 562 4 4 7812
i 564 2 2 7812
i 554 7 7 7812
i 199 1 1 58480
i 201 1 1 43860
i 203 1 1 33003
i 21257 1 1 3322
i 205 1 1 25641
i 207 1 1 20161
i 209 1 1 14641
i 211 1 1 10989
i 213 1 1 9158
i 215 1 1 7326
i 2485 1 1 5495
i 217 1 1 5495
i 995 10 10 312500
i 995 18 18 164062
i 995 26 26 62500
i 995 35 35 46875
i 995 1 1 15625
i 313 7 7 203125
i 590 1 1 15625
i 221 1 1 7812
i 438 1 1 7812
i 1139 1 1 31250
i 7863 1 1 250000
i 1291 1 1 7812
i 6807 1 1 200
i 1189 1 1 15625
i 1203 1 1 15625
i 1420 1 1 7812
i 564 2 2 46875
i 562 4 4 39062
i 556 3 3 23438
i 559 3 3 23438
i 554 7 7 7812
i 1349 1 1 7812
i 199 1 1 25381
i 201 1 1 19048
i 203 1 1 14286
i 205 1 1 11111
i 207 1 1 8726
i 209 1 1 6349
i 211 1 1 4760
i 213 1 1 3967
i 215 1 1 3174
i 2485 1 1 2380
end
npc 2509 # Zombie (lvl 53)
g 526 1 1
g 526 1 1
g 526 1 1
g 526 1 1
g 526 1 1
t 1 main
i 1623 1 1 5000
i 1621 1 1 2500
i 1619 1 1 1250
i 1452 1 1 469
i 1462 1 1 469
i 1617 1 1 312
i 830 5 5 156
i 987 1 1 156
i 985 1 1 156
i 1247 1 1 10
i 2366 1 1 5
i 1249 1 1 4
i 1623 1 1 1953
i 1621 1 1 977
i 1619 1 1 488
i 1452 1 1 183
i 1462 1 1 183
i 1617 1 1 122
i 830 5 5 61
i 987 1 1 61
i 985 1 1 61
i 1247 1 1 4
i 2366 1 1 2
i 1249 1 1 1
i 884 5 5 54688
i 217 1 1 2380
i 995 10 10 148438
i 995 26 26 39062
i 995 35 35 31250
i 995 1 1 15625
i 995 18 18 7812
i 313 3 3 328125
i 11940 3 3 328125
i 313 4 4 195312
i 11940 4 4 195312
i 559 6 6 39062
i 313 7 7 23438
i 11940 7 7 23438
i 221 1 1 15625
i 590 1 1 7812
i 558 5 5 39062
i 7863 1 1 250000
i 6807 1 1 200
i 23490 1 1 798
i 21257 1 1 3322
i 556 13 13 31250
i 886 5 14 200000
i 559 7 7 100000
i 199 1 1 10000
i 201 1 1 7502
i 203 1 1 5624
i 205 1 1 4374
i 207 1 1 3438
i 209 1 1 2500
i 211 1 1 1875
i 213 1 1 1562
i 884 8 8 31250
i 215 1 1 1250
i 2485 1 1 937
i 217 1 1 937
i 995 5 84 100000
i 995 10 10 40000
i 1917 1 1 100000
i 592 1 1 40000
i 886 5 5 15625
i 6807 1 1 200
i 561 6 6 7812
i 199 1 1 48780
i 201 1 1 36630
i 203 1 1 27473
i 7863 1 1 250000
i 205 1 1 21368
i 207 1 1 16779
i 209 1 1 12210
i 211 1 1 9158
i 213 1 1 7628
i 215 1 1 6105
i 2485 1 1 4577
i 217 1 1 4577
i 995 10 10 281250
i 995 4 4 31250
i 6807 1 1 200
i 995 18 18 23438
i 995 13 13 15625
i 995 28 28 15625
i 313 5 5 289062
i 436 1 1 15625
i 7863 1 1 250000
i 6807 1 1 200
i 1420 1 1 23438
i 1203 1 1 15625
i 23490 1 1 798
i 1189 1 1 7812
i 888 1 1 23438
i 559 3 3 15625
i 556 4 4 23438
i 562 4 4 7812
i 564 2 2 7812
i 554 7 7 7812
i 199 1 1 58480
i 201 1 1 43860
i 203 1 1 33003
i 21257 1 1 3322
i 205 1 1 25641
i 207 1 1 20161
i 209 1 1 14641
i 211 1 1 10989
i 213 1 1 9158
i 215 1 1 7326
i 2485 1 1 5495
i 217 1 1 5495
i 995 10 10 312500
i 995 18 18 164062
i 995 26 26 62500
i 995 35 35 46875
i 995 1 1 15625
i 313 7 7 203125
i 590 1 1 15625
i 221 1 1 7812
i 438 1 1 7812
i 1139 1 1 31250
i 7863 1 1 250000
i 1291 1 1 7812
i 6807 1 1 200
i 1189 1 1 15625
i 1203 1 1 15625
i 1420 1 1 7812
i 564 2 2 46875
i 562 4 4 39062
i 556 3 3 23438
i 559 3 3 23438
i 554 7 7 7812
i 1349 1 1 7812
i 199 1 1 25381
i 201 1 1 19048
i 203 1 1 14286
i 205 1 1 11111
i 207 1 1 8726
i 209 1 1 6349
i 211 1 1 4760
i 213 1 1 3967
i 215 1 1 3174
i 2485 1 1 2380
end
npc 2510 # Giant rat (lvl 26)
g 526 1 1
g 2134 1 1
g 7824 1 1
t 1 main
i 11941 1 1 66667
i 23182 1 1 7812
end
npc 2511 # Giant rat (lvl 26)
g 526 1 1
g 2134 1 1
g 7824 1 1
t 1 main
i 11941 1 1 66667
i 23182 1 1 7812
end
npc 2512 # Giant rat (lvl 26)
g 526 1 1
g 2134 1 1
g 7824 1 1
t 1 main
i 11941 1 1 66667
i 23182 1 1 7812
end
npc 2513 # Rat (lvl 1)
g 526 1 1
g 300 1 1
t 1 main
i 7836 1 1 250000
i 11941 1 1 66667
end
npc 2514 # Ankou (lvl 75)
g 526 1 1
g 20543 1 1
t 1 main
i 1623 1 1 5000
i 1621 1 1 2500
i 1619 1 1 1250
i 1452 1 1 469
i 1462 1 1 469
i 1617 1 1 312
i 830 5 5 156
i 987 1 1 156
i 985 1 1 156
i 1247 1 1 10
i 2366 1 1 5
i 1249 1 1 4
i 201 1 1 5624
i 203 1 1 4219
i 205 1 1 3281
i 207 1 1 2578
i 209 1 1 1875
i 211 1 1 1406
i 213 1 1 1172
i 215 1 1 937
i 2485 1 1 703
i 217 1 1 703
i 869 1 1 10000
i 5100 1 1 1307
i 5323 1 1 1250
i 5292 1 1 1193
i 5104 1 1 878
i 5293 1 1 811
i 5311 1 1 792
i 5321 1 1 601
i 5294 1 1 534
i 22879 1 1 382
i 5295 1 1 372
i 581 1 1 10000
i 5105 1 1 324
i 5282 1 1 277
i 5296 1 1 258
i 5281 1 1 172
i 5297 1 1 172
i 5106 1 1 124
i 5298 1 1 115
i 5280 1 1 115
i 5299 1 1 86
i 22873 1 1 76
i 890 5 14 40000
i 5300 1 1 48
i 5301 1 1 38
i 5302 1 1 29
i 5303 1 1 19
i 5304 1 1 10
i 7936 15 15 50000
i 1436 15 15 50000
i 447 3 7 20000
i 995 8 8 330000
i 995 5 204 100000
i 560 10 10 100000
i 995 10 10 30000
i 995 5 5 10000
i 11940 60 60 330000
i 313 60 60 330000
i 9008 1 1 30000
i 365 1 1 20000
i 187 1 1 20000
i 7082 1 1 10000
i 565 11 11 60000
i 563 2 2 60000
i 23083 1 1 4444
i 2722 1 1 1953
i 19677 1 1 3413
i 19679 1 1 2273
i 19681 1 1 2273
i 19683 1 1 2273
i 565 5 5 30000
i 199 1 1 7502
end
npc 2515 # Ankou (lvl 82)
g 526 1 1
g 20543 1 1
t 1 main
i 1623 1 1 5000
i 1621 1 1 2500
i 1619 1 1 1250
i 1452 1 1 469
i 1462 1 1 469
i 1617 1 1 312
i 830 5 5 156
i 987 1 1 156
i 985 1 1 156
i 1247 1 1 10
i 2366 1 1 5
i 1249 1 1 4
i 201 1 1 5624
i 203 1 1 4219
i 205 1 1 3281
i 207 1 1 2578
i 209 1 1 1875
i 211 1 1 1406
i 213 1 1 1172
i 215 1 1 937
i 2485 1 1 703
i 217 1 1 703
i 869 1 1 10000
i 5100 1 1 1307
i 5323 1 1 1250
i 5292 1 1 1193
i 5104 1 1 878
i 5293 1 1 811
i 5311 1 1 792
i 5321 1 1 601
i 5294 1 1 534
i 22879 1 1 382
i 5295 1 1 372
i 581 1 1 10000
i 5105 1 1 324
i 5282 1 1 277
i 5296 1 1 258
i 5281 1 1 172
i 5297 1 1 172
i 5106 1 1 124
i 5298 1 1 115
i 5280 1 1 115
i 5299 1 1 86
i 22873 1 1 76
i 890 5 14 40000
i 5300 1 1 48
i 5301 1 1 38
i 5302 1 1 29
i 5303 1 1 19
i 5304 1 1 10
i 7936 15 15 50000
i 1436 15 15 50000
i 447 3 7 20000
i 995 8 8 330000
i 995 5 204 100000
i 560 10 10 100000
i 995 10 10 30000
i 995 5 5 10000
i 11940 60 60 330000
i 313 60 60 330000
i 9008 1 1 30000
i 365 1 1 20000
i 187 1 1 20000
i 7082 1 1 10000
i 565 11 11 60000
i 563 2 2 60000
i 23083 1 1 4444
i 2722 1 1 1953
i 19677 1 1 3413
i 19679 1 1 2273
i 19681 1 1 2273
i 19683 1 1 2273
i 565 5 5 30000
i 199 1 1 7502
end
npc 2516 # Ankou (lvl 86)
g 526 1 1
g 20543 1 1
t 1 main
i 1623 1 1 5000
i 1621 1 1 2500
i 1619 1 1 1250
i 1452 1 1 469
i 1462 1 1 469
i 1617 1 1 312
i 830 5 5 156
i 987 1 1 156
i 985 1 1 156
i 1247 1 1 10
i 2366 1 1 5
i 1249 1 1 4
i 201 1 1 5624
i 203 1 1 4219
i 205 1 1 3281
i 207 1 1 2578
i 209 1 1 1875
i 211 1 1 1406
i 213 1 1 1172
i 215 1 1 937
i 2485 1 1 703
i 217 1 1 703
i 869 1 1 10000
i 5100 1 1 1307
i 5323 1 1 1250
i 5292 1 1 1193
i 5104 1 1 878
i 5293 1 1 811
i 5311 1 1 792
i 5321 1 1 601
i 5294 1 1 534
i 22879 1 1 382
i 5295 1 1 372
i 581 1 1 10000
i 5105 1 1 324
i 5282 1 1 277
i 5296 1 1 258
i 5281 1 1 172
i 5297 1 1 172
i 5106 1 1 124
i 5298 1 1 115
i 5280 1 1 115
i 5299 1 1 86
i 22873 1 1 76
i 890 5 14 40000
i 5300 1 1 48
i 5301 1 1 38
i 5302 1 1 29
i 5303 1 1 19
i 5304 1 1 10
i 7936 15 15 50000
i 1436 15 15 50000
i 447 3 7 20000
i 995 8 8 330000
i 995 5 204 100000
i 560 10 10 100000
i 995 10 10 30000
i 995 5 5 10000
i 11940 60 60 330000
i 313 60 60 330000
i 9008 1 1 30000
i 365 1 1 20000
i 187 1 1 20000
i 7082 1 1 10000
i 565 11 11 60000
i 563 2 2 60000
i 23083 1 1 4444
i 2722 1 1 1953
i 19677 1 1 3413
i 19679 1 1 2273
i 19681 1 1 2273
i 19683 1 1 2273
i 565 5 5 30000
i 199 1 1 7502
end
npc 2517 # Ankou (lvl 75)
g 526 1 1
g 20543 1 1
t 1 main
i 1623 1 1 5000
i 1621 1 1 2500
i 1619 1 1 1250
i 1452 1 1 469
i 1462 1 1 469
i 1617 1 1 312
i 830 5 5 156
i 987 1 1 156
i 985 1 1 156
i 1247 1 1 10
i 2366 1 1 5
i 1249 1 1 4
i 201 1 1 5624
i 203 1 1 4219
i 205 1 1 3281
i 207 1 1 2578
i 209 1 1 1875
i 211 1 1 1406
i 213 1 1 1172
i 215 1 1 937
i 2485 1 1 703
i 217 1 1 703
i 869 1 1 10000
i 5100 1 1 1307
i 5323 1 1 1250
i 5292 1 1 1193
i 5104 1 1 878
i 5293 1 1 811
i 5311 1 1 792
i 5321 1 1 601
i 5294 1 1 534
i 22879 1 1 382
i 5295 1 1 372
i 581 1 1 10000
i 5105 1 1 324
i 5282 1 1 277
i 5296 1 1 258
i 5281 1 1 172
i 5297 1 1 172
i 5106 1 1 124
i 5298 1 1 115
i 5280 1 1 115
i 5299 1 1 86
i 22873 1 1 76
i 890 5 14 40000
i 5300 1 1 48
i 5301 1 1 38
i 5302 1 1 29
i 5303 1 1 19
i 5304 1 1 10
i 7936 15 15 50000
i 1436 15 15 50000
i 447 3 7 20000
i 995 8 8 330000
i 995 5 204 100000
i 560 10 10 100000
i 995 10 10 30000
i 995 5 5 10000
i 11940 60 60 330000
i 313 60 60 330000
i 9008 1 1 30000
i 365 1 1 20000
i 187 1 1 20000
i 7082 1 1 10000
i 565 11 11 60000
i 563 2 2 60000
i 23083 1 1 4444
i 2722 1 1 1953
i 19677 1 1 3413
i 19679 1 1 2273
i 19681 1 1 2273
i 19683 1 1 2273
i 565 5 5 30000
i 199 1 1 7502
end
npc 2518 # Ankou (lvl 82)
g 526 1 1
g 20543 1 1
t 1 main
i 1623 1 1 5000
i 1621 1 1 2500
i 1619 1 1 1250
i 1452 1 1 469
i 1462 1 1 469
i 1617 1 1 312
i 830 5 5 156
i 987 1 1 156
i 985 1 1 156
i 1247 1 1 10
i 2366 1 1 5
i 1249 1 1 4
i 201 1 1 5624
i 203 1 1 4219
i 205 1 1 3281
i 207 1 1 2578
i 209 1 1 1875
i 211 1 1 1406
i 213 1 1 1172
i 215 1 1 937
i 2485 1 1 703
i 217 1 1 703
i 869 1 1 10000
i 5100 1 1 1307
i 5323 1 1 1250
i 5292 1 1 1193
i 5104 1 1 878
i 5293 1 1 811
i 5311 1 1 792
i 5321 1 1 601
i 5294 1 1 534
i 22879 1 1 382
i 5295 1 1 372
i 581 1 1 10000
i 5105 1 1 324
i 5282 1 1 277
i 5296 1 1 258
i 5281 1 1 172
i 5297 1 1 172
i 5106 1 1 124
i 5298 1 1 115
i 5280 1 1 115
i 5299 1 1 86
i 22873 1 1 76
i 890 5 14 40000
i 5300 1 1 48
i 5301 1 1 38
i 5302 1 1 29
i 5303 1 1 19
i 5304 1 1 10
i 7936 15 15 50000
i 1436 15 15 50000
i 447 3 7 20000
i 995 8 8 330000
i 995 5 204 100000
i 560 10 10 100000
i 995 10 10 30000
i 995 5 5 10000
i 11940 60 60 330000
i 313 60 60 330000
i 9008 1 1 30000
i 365 1 1 20000
i 187 1 1 20000
i 7082 1 1 10000
i 565 11 11 60000
i 563 2 2 60000
i 23083 1 1 4444
i 2722 1 1 1953
i 19677 1 1 3413
i 19679 1 1 2273
i 19681 1 1 2273
i 19683 1 1 2273
i 565 5 5 30000
i 199 1 1 7502
end
npc 2519 # Ankou (lvl 86)
g 526 1 1
g 20543 1 1
t 1 main
i 1623 1 1 5000
i 1621 1 1 2500
i 1619 1 1 1250
i 1452 1 1 469
i 1462 1 1 469
i 1617 1 1 312
i 830 5 5 156
i 987 1 1 156
i 985 1 1 156
i 1247 1 1 10
i 2366 1 1 5
i 1249 1 1 4
i 201 1 1 5624
i 203 1 1 4219
i 205 1 1 3281
i 207 1 1 2578
i 209 1 1 1875
i 211 1 1 1406
i 213 1 1 1172
i 215 1 1 937
i 2485 1 1 703
i 217 1 1 703
i 869 1 1 10000
i 5100 1 1 1307
i 5323 1 1 1250
i 5292 1 1 1193
i 5104 1 1 878
i 5293 1 1 811
i 5311 1 1 792
i 5321 1 1 601
i 5294 1 1 534
i 22879 1 1 382
i 5295 1 1 372
i 581 1 1 10000
i 5105 1 1 324
i 5282 1 1 277
i 5296 1 1 258
i 5281 1 1 172
i 5297 1 1 172
i 5106 1 1 124
i 5298 1 1 115
i 5280 1 1 115
i 5299 1 1 86
i 22873 1 1 76
i 890 5 14 40000
i 5300 1 1 48
i 5301 1 1 38
i 5302 1 1 29
i 5303 1 1 19
i 5304 1 1 10
i 7936 15 15 50000
i 1436 15 15 50000
i 447 3 7 20000
i 995 8 8 330000
i 995 5 204 100000
i 560 10 10 100000
i 995 10 10 30000
i 995 5 5 10000
i 11940 60 60 330000
i 313 60 60 330000
i 9008 1 1 30000
i 365 1 1 20000
i 187 1 1 20000
i 7082 1 1 10000
i 565 11 11 60000
i 563 2 2 60000
i 23083 1 1 4444
i 2722 1 1 1953
i 19677 1 1 3413
i 19679 1 1 2273
i 19681 1 1 2273
i 19683 1 1 2273
i 565 5 5 30000
i 199 1 1 7502
end
npc 2520 # Skeleton (lvl 68)
g 526 1 1
t 1 main
i 1623 1 1 1953
i 1621 1 1 977
i 1619 1 1 488
i 1452 1 1 183
i 1462 1 1 183
i 1617 1 1 122
i 830 5 5 61
i 987 1 1 61
i 985 1 1 61
i 1247 1 1 4
i 2366 1 1 2
i 1249 1 1 1
i 556 12 12 15625
i 557 3 3 15625
i 554 2 2 15625
i 562 3 3 15625
i 561 3 3 7812
i 886 1 1 7812
i 995 10 10 164062
i 995 2 2 140625
i 995 12 12 117188
i 995 4 4 54688
i 995 16 16 31250
i 995 25 25 31250
i 995 33 33 31250
i 995 48 48 7812
i 1203 1 1 46875
i 1442 1 1 15625
i 440 1 1 7812
i 1947 1 1 7812
i 11941 1 1 71429
i 23182 1 1 10000
i 6806 1 1 200
i 19677 1 1 3185
i 19679 1 1 2123
i 19681 1 1 2123
i 19683 1 1 2123
i 23490 1 1 902
i 21257 1 1 3322
i 882 2 2 54688
i 882 5 5 31250
i 884 1 1 31250
end
npc 2521 # Skeleton (lvl 60)
g 526 1 1
t 1 main
i 1623 1 1 1953
i 1621 1 1 977
i 1619 1 1 488
i 1452 1 1 183
i 1462 1 1 183
i 1617 1 1 122
i 830 5 5 61
i 987 1 1 61
i 985 1 1 61
i 1247 1 1 4
i 2366 1 1 2
i 1249 1 1 1
i 556 12 12 15625
i 557 3 3 15625
i 554 2 2 15625
i 562 3 3 15625
i 561 3 3 7812
i 886 1 1 7812
i 995 10 10 164062
i 995 2 2 140625
i 995 12 12 117188
i 995 4 4 54688
i 995 16 16 31250
i 995 25 25 31250
i 995 33 33 31250
i 995 48 48 7812
i 1203 1 1 46875
i 1442 1 1 15625
i 440 1 1 7812
i 1947 1 1 7812
i 11941 1 1 71429
i 23182 1 1 10000
i 6806 1 1 200
i 19677 1 1 3185
i 19679 1 1 2123
i 19681 1 1 2123
i 19683 1 1 2123
i 23490 1 1 902
i 21257 1 1 3322
i 882 2 2 54688
i 882 5 5 31250
i 884 1 1 31250
end
npc 2522 # Skeleton (lvl 60)
g 526 1 1
t 1 main
i 1623 1 1 1953
i 1621 1 1 977
i 1619 1 1 488
i 1452 1 1 183
i 1462 1 1 183
i 1617 1 1 122
i 830 5 5 61
i 987 1 1 61
i 985 1 1 61
i 1247 1 1 4
i 2366 1 1 2
i 1249 1 1 1
i 556 12 12 15625
i 557 3 3 15625
i 554 2 2 15625
i 562 3 3 15625
i 561 3 3 7812
i 886 1 1 7812
i 995 10 10 164062
i 995 2 2 140625
i 995 12 12 117188
i 995 4 4 54688
i 995 16 16 31250
i 995 25 25 31250
i 995 33 33 31250
i 995 48 48 7812
i 1203 1 1 46875
i 1442 1 1 15625
i 440 1 1 7812
i 1947 1 1 7812
i 11941 1 1 71429
i 23182 1 1 10000
i 6806 1 1 200
i 19677 1 1 3185
i 19679 1 1 2123
i 19681 1 1 2123
i 19683 1 1 2123
i 23490 1 1 902
i 21257 1 1 3322
i 882 2 2 54688
i 882 5 5 31250
i 884 1 1 31250
end
npc 2523 # Skeleton (lvl 60)
g 526 1 1
t 1 main
i 1623 1 1 1953
i 1621 1 1 977
i 1619 1 1 488
i 1452 1 1 183
i 1462 1 1 183
i 1617 1 1 122
i 830 5 5 61
i 987 1 1 61
i 985 1 1 61
i 1247 1 1 4
i 2366 1 1 2
i 1249 1 1 1
i 556 12 12 15625
i 557 3 3 15625
i 554 2 2 15625
i 562 3 3 15625
i 561 3 3 7812
i 886 1 1 7812
i 995 10 10 164062
i 995 2 2 140625
i 995 12 12 117188
i 995 4 4 54688
i 995 16 16 31250
i 995 25 25 31250
i 995 33 33 31250
i 995 48 48 7812
i 1203 1 1 46875
i 1442 1 1 15625
i 440 1 1 7812
i 1947 1 1 7812
i 11941 1 1 71429
i 23182 1 1 10000
i 6806 1 1 200
i 19677 1 1 3185
i 19679 1 1 2123
i 19681 1 1 2123
i 19683 1 1 2123
i 23490 1 1 902
i 21257 1 1 3322
i 882 2 2 54688
i 882 5 5 31250
i 884 1 1 31250
end
npc 2524 # Skeleton (lvl 85)
g 526 1 1
t 1 main
i 1623 1 1 3906
i 1621 1 1 1953
i 1619 1 1 977
i 1452 1 1 366
i 1462 1 1 366
i 1617 1 1 244
i 830 5 5 122
i 987 1 1 122
i 985 1 1 122
i 1247 1 1 8
i 2366 1 1 4
i 1249 1 1 3
i 11941 1 1 71429
i 23182 1 1 10000
i 6806 1 1 200
i 23490 1 1 874
i 21257 1 1 3322
i 1137 1 1 46875
i 1279 1 1 31250
i 1349 1 1 15625
i 1323 1 1 7812
i 556 15 15 23438
i 555 9 9 23438
i 562 5 5 23438
i 884 12 12 15625
i 563 2 2 15625
i 564 2 2 7812
i 995 10 10 343750
i 995 5 5 195312
i 995 25 25 62500
i 995 45 45 31250
i 995 65 65 23438
i 995 1 1 15625
i 2349 1 1 39062
end
npc 2525 # Skeleton (lvl 85)
g 526 1 1
t 1 main
i 1623 1 1 3906
i 1621 1 1 1953
i 1619 1 1 977
i 1452 1 1 366
i 1462 1 1 366
i 1617 1 1 244
i 830 5 5 122
i 987 1 1 122
i 985 1 1 122
i 1247 1 1 8
i 2366 1 1 4
i 1249 1 1 3
i 11941 1 1 71429
i 23182 1 1 10000
i 6806 1 1 200
i 23490 1 1 874
i 21257 1 1 3322
i 1137 1 1 46875
i 1279 1 1 31250
i 1349 1 1 15625
i 1323 1 1 7812
i 556 15 15 23438
i 555 9 9 23438
i 562 5 5 23438
i 884 12 12 15625
i 563 2 2 15625
i 564 2 2 7812
i 995 10 10 343750
i 995 5 5 195312
i 995 25 25 62500
i 995 45 45 31250
i 995 65 65 23438
i 995 1 1 15625
i 2349 1 1 39062
end
npc 2526 # Skeleton (lvl 85)
g 526 1 1
t 1 main
i 1623 1 1 3906
i 1621 1 1 1953
i 1619 1 1 977
i 1452 1 1 366
i 1462 1 1 366
i 1617 1 1 244
i 830 5 5 122
i 987 1 1 122
i 985 1 1 122
i 1247 1 1 8
i 2366 1 1 4
i 1249 1 1 3
i 11941 1 1 71429
i 23182 1 1 10000
i 6806 1 1 200
i 23490 1 1 874
i 21257 1 1 3322
i 1137 1 1 46875
i 1279 1 1 31250
i 1349 1 1 15625
i 1323 1 1 7812
i 556 15 15 23438
i 555 9 9 23438
i 562 5 5 23438
i 884 12 12 15625
i 563 2 2 15625
i 564 2 2 7812
i 995 10 10 343750
i 995 5 5 195312
i 995 25 25 62500
i 995 45 45 31250
i 995 65 65 23438
i 995 1 1 15625
i 2349 1 1 39062
end
npc 2527 # Ghost (lvl 77)
t 1 main
i 23182 1 1 11111
end
npc 2528 # Ghost (lvl 77)
t 1 main
i 23182 1 1 11111
end
npc 2529 # Ghost (lvl 77)
t 1 main
i 23182 1 1 11111
end
npc 2530 # Ghost (lvl 77)
t 1 main
i 23182 1 1 11111
end
npc 2531 # Ghost (lvl 76)
t 1 main
i 23182 1 1 11111
end
npc 2532 # Ghost (lvl 76)
t 1 main
i 23182 1 1 11111
end
npc 2533 # Ghost (lvl 76)
t 1 main
i 23182 1 1 11111
end
npc 2534 # Ghost (lvl 76)
t 1 main
i 23182 1 1 11111
end
npc 2536 # H.A.M. Guard (lvl 12)
g 526 1 1
t 1 main
i 1207 1 1 18182
i 1353 1 1 18182
i 1269 1 1 18182
i 4310 1 1 18182
i 4298 1 1 12091
i 4300 1 1 12091
i 4306 1 1 12091
i 4302 1 1 9091
i 4304 1 1 9091
i 882 1 12 24182
i 1351 1 1 27273
i 886 1 10 18182
i 199 1 1 9091
i 201 1 1 4545
i 203 1 1 3000
i 5318 4 4 32258
i 5319 4 4 23810
i 5324 4 4 15873
i 5322 3 3 7937
i 5320 3 3 3953
i 5323 2 2 1972
i 1205 1 1 27273
i 5321 2 2 943
i 22879 2 2 686
i 1739 1 3 27273
i 1511 1 3 27273
i 1625 1 1 18182
i 1627 1 1 18182
i 440 1 1 18182
i 453 1 1 18182
i 321 1 3 18182
i 2138 1 3 18182
i 1265 1 1 27273
i 995 1 20 122727
i 697 1 1 36364
i 686 1 1 36364
i 314 1 6 27273
i 1734 1 10 18182
i 946 1 1 18182
i 1733 1 1 18182
i 590 1 1 18182
i 2677 1 1 18182
i 1349 1 1 27273
i 1267 1 1 27273
i 1203 1 1 27273
i 1129 1 1 27273
i 4308 1 1 22727
end
npc 2537 # H.A.M. Guard (lvl 18)
g 526 1 1
t 1 main
i 1207 1 1 18182
i 1353 1 1 18182
i 1269 1 1 18182
i 4310 1 1 18182
i 4298 1 1 12091
i 4300 1 1 12091
i 4306 1 1 12091
i 4302 1 1 9091
i 4304 1 1 9091
i 882 1 12 24182
i 1351 1 1 27273
i 886 1 10 18182
i 199 1 1 9091
i 201 1 1 4545
i 203 1 1 3000
i 5318 4 4 32258
i 5319 4 4 23810
i 5324 4 4 15873
i 5322 3 3 7937
i 5320 3 3 3953
i 5323 2 2 1972
i 1205 1 1 27273
i 5321 2 2 943
i 22879 2 2 686
i 1739 1 3 27273
i 1511 1 3 27273
i 1625 1 1 18182
i 1627 1 1 18182
i 440 1 1 18182
i 453 1 1 18182
i 321 1 3 18182
i 2138 1 3 18182
i 1265 1 1 27273
i 995 1 20 122727
i 697 1 1 36364
i 686 1 1 36364
i 314 1 6 27273
i 1734 1 10 18182
i 946 1 1 18182
i 1733 1 1 18182
i 590 1 1 18182
i 2677 1 1 18182
i 1349 1 1 27273
i 1267 1 1 27273
i 1203 1 1 27273
i 1129 1 1 27273
i 4308 1 1 22727
end
npc 2538 # H.A.M. Guard (lvl 22)
g 526 1 1
t 1 main
i 1207 1 1 18182
i 1353 1 1 18182
i 1269 1 1 18182
i 4310 1 1 18182
i 4298 1 1 12091
i 4300 1 1 12091
i 4306 1 1 12091
i 4302 1 1 9091
i 4304 1 1 9091
i 882 1 12 24182
i 1351 1 1 27273
i 886 1 10 18182
i 199 1 1 9091
i 201 1 1 4545
i 203 1 1 3000
i 5318 4 4 32258
i 5319 4 4 23810
i 5324 4 4 15873
i 5322 3 3 7937
i 5320 3 3 3953
i 5323 2 2 1972
i 1205 1 1 27273
i 5321 2 2 943
i 22879 2 2 686
i 1739 1 3 27273
i 1511 1 3 27273
i 1625 1 1 18182
i 1627 1 1 18182
i 440 1 1 18182
i 453 1 1 18182
i 321 1 3 18182
i 2138 1 3 18182
i 1265 1 1 27273
i 995 1 20 122727
i 697 1 1 36364
i 686 1 1 36364
i 314 1 6 27273
i 1734 1 10 18182
i 946 1 1 18182
i 1733 1 1 18182
i 590 1 1 18182
i 2677 1 1 18182
i 1349 1 1 27273
i 1267 1 1 27273
i 1203 1 1 27273
i 1129 1 1 27273
i 4308 1 1 22727
end
npc 2579 # Monk (lvl 5)
g 526 1 1
end
npc 2584 # Abyssal leech (lvl 41)
g 592 1 1
t 1 main
i 1462 1 1 7812
i 5516 1 1 3906
i 5509 1 1 23810
i 5510 1 1 23810
i 5512 1 1 23810
i 5514 1 1 23810
i 7936 1 1 140625
i 7936 1 1 132812
i 7936 5 5 15625
i 7936 10 10 15625
i 1438 1 1 19531
i 7936 15 15 15625
i 5521 1 1 11719
i 2801 1 1 3906
i 1444 1 1 19531
i 1440 1 1 19531
i 1442 1 1 19531
i 1448 1 1 19531
i 1446 1 1 19531
i 1454 1 1 7812
i 1452 1 1 7812
end
npc 2585 # Abyssal guardian (lvl 59)
g 592 1 1
t 1 main
i 1462 1 1 7812
i 5516 1 1 3906
i 5509 1 1 23810
i 5510 1 1 23810
i 5512 1 1 23810
i 5514 1 1 23810
i 7936 1 1 140625
i 7936 1 1 132812
i 7936 5 5 15625
i 7936 10 10 15625
i 1438 1 1 19531
i 7936 15 15 15625
i 5521 1 1 11719
i 2801 1 1 3906
i 1444 1 1 19531
i 1440 1 1 19531
i 1442 1 1 19531
i 1448 1 1 19531
i 1446 1 1 19531
i 1454 1 1 7812
i 1452 1 1 7812
end
npc 2586 # Abyssal walker (lvl 81)
g 592 1 1
t 1 main
i 1462 1 1 7812
i 5516 1 1 3906
i 5509 1 1 23810
i 5510 1 1 23810
i 5512 1 1 23810
i 5514 1 1 23810
i 7936 1 1 140625
i 7936 1 1 132812
i 7936 5 5 15625
i 7936 10 10 15625
i 1438 1 1 19531
i 7936 15 15 15625
i 5521 1 1 11719
i 13507 1 1 25000
i 2801 1 1 3906
i 1444 1 1 19531
i 1440 1 1 19531
i 1442 1 1 19531
i 1448 1 1 19531
i 1446 1 1 19531
i 1454 1 1 7812
i 1452 1 1 7812
end
npc 2592 # Mogre (lvl 60)
g 532 1 1
t 1 main
i 5311 1 1 8045
i 5321 1 1 6105
i 5294 1 1 5426
i 22879 1 1 3876
i 5295 1 1 3779
i 5105 1 1 3295
i 5282 1 1 2811
i 5296 1 1 2616
i 5281 1 1 1744
i 5297 1 1 1744
i 555 5 5 31250
i 5106 1 1 1260
i 5298 1 1 1163
i 5280 1 1 1163
i 5299 1 1 872
i 22873 1 1 775
i 5300 1 1 485
i 5301 1 1 388
i 5302 1 1 291
i 5303 1 1 194
i 5304 1 1 97
i 555 7 7 31250
i 371 1 1 156250
i 359 1 1 70312
i 349 1 1 54688
i 331 1 1 31250
i 345 1 1 23438
i 327 1 1 23438
i 383 1 1 23438
i 313 5 5 234375
i 313 15 15 78125
i 6665 1 1 39062
i 555 14 14 31250
i 407 1 1 23438
i 6666 1 1 15625
i 401 1 1 15625
i 1383 1 1 7812
i 6668 1 1 7812
i 7851 1 1 250000
i 10976 1 1 2500
i 10977 1 1 200
i 5100 1 1 13280
i 5323 1 1 12690
i 5292 1 1 12107
i 5104 1 1 8913
i 5293 1 1 8237
end
npc 2593 # Werewolf (lvl 88)
g 2859 1 1
t 1 main
i 203 1 1 824
i 205 1 1 641
i 207 1 1 504
i 209 1 1 366
i 211 1 1 275
i 213 1 1 229
i 215 1 1 183
i 2485 1 1 137
i 217 1 1 137
i 2138 5 5 19531
i 1353 1 1 48828
i 2132 5 5 19531
i 2136 5 5 19531
i 1993 1 1 39062
i 995 10 10 156250
i 995 90 90 39062
i 995 120 120 39062
i 995 222 222 39062
i 995 364 364 39062
i 958 1 1 195312
i 6814 1 1 195312
i 1325 1 1 62500
i 1623 1 1 7812
i 1157 1 1 29297
i 7866 1 1 250000
i 11941 1 1 333333
i 11942 1 1 16667
i 2677 1 1 7812
i 2801 1 1 1953
i 1109 1 1 19531
i 1181 1 1 19531
i 1147 1 1 5859
i 199 1 1 1465
i 201 1 1 1099
end
npc 2594 # Werewolf (lvl 88)
g 2859 1 1
t 1 main
i 203 1 1 824
i 205 1 1 641
i 207 1 1 504
i 209 1 1 366
i 211 1 1 275
i 213 1 1 229
i 215 1 1 183
i 2485 1 1 137
i 217 1 1 137
i 2138 5 5 19531
i 1353 1 1 48828
i 2132 5 5 19531
i 2136 5 5 19531
i 1993 1 1 39062
i 995 10 10 156250
i 995 90 90 39062
i 995 120 120 39062
i 995 222 222 39062
i 995 364 364 39062
i 958 1 1 195312
i 6814 1 1 195312
i 1325 1 1 62500
i 1623 1 1 7812
i 1157 1 1 29297
i 7866 1 1 250000
i 11941 1 1 333333
i 11942 1 1 16667
i 2677 1 1 7812
i 2801 1 1 1953
i 1109 1 1 19531
i 1181 1 1 19531
i 1147 1 1 5859
i 199 1 1 1465
i 201 1 1 1099
end
npc 2595 # Werewolf (lvl 88)
g 2859 1 1
t 1 main
i 203 1 1 824
i 205 1 1 641
i 207 1 1 504
i 209 1 1 366
i 211 1 1 275
i 213 1 1 229
i 215 1 1 183
i 2485 1 1 137
i 217 1 1 137
i 2138 5 5 19531
i 1353 1 1 48828
i 2132 5 5 19531
i 2136 5 5 19531
i 1993 1 1 39062
i 995 10 10 156250
i 995 90 90 39062
i 995 120 120 39062
i 995 222 222 39062
i 995 364 364 39062
i 958 1 1 195312
i 6814 1 1 195312
i 1325 1 1 62500
i 1623 1 1 7812
i 1157 1 1 29297
i 7866 1 1 250000
i 11941 1 1 333333
i 11942 1 1 16667
i 2677 1 1 7812
i 2801 1 1 1953
i 1109 1 1 19531
i 1181 1 1 19531
i 1147 1 1 5859
i 199 1 1 1465
i 201 1 1 1099
end
npc 2596 # Werewolf (lvl 88)
g 2859 1 1
t 1 main
i 203 1 1 824
i 205 1 1 641
i 207 1 1 504
i 209 1 1 366
i 211 1 1 275
i 213 1 1 229
i 215 1 1 183
i 2485 1 1 137
i 217 1 1 137
i 2138 5 5 19531
i 1353 1 1 48828
i 2132 5 5 19531
i 2136 5 5 19531
i 1993 1 1 39062
i 995 10 10 156250
i 995 90 90 39062
i 995 120 120 39062
i 995 222 222 39062
i 995 364 364 39062
i 958 1 1 195312
i 6814 1 1 195312
i 1325 1 1 62500
i 1623 1 1 7812
i 1157 1 1 29297
i 7866 1 1 250000
i 11941 1 1 333333
i 11942 1 1 16667
i 2677 1 1 7812
i 2801 1 1 1953
i 1109 1 1 19531
i 1181 1 1 19531
i 1147 1 1 5859
i 199 1 1 1465
i 201 1 1 1099
end
npc 2597 # Werewolf (lvl 88)
g 2859 1 1
t 1 main
i 203 1 1 824
i 205 1 1 641
i 207 1 1 504
i 209 1 1 366
i 211 1 1 275
i 213 1 1 229
i 215 1 1 183
i 2485 1 1 137
i 217 1 1 137
i 2138 5 5 19531
i 1353 1 1 48828
i 2132 5 5 19531
i 2136 5 5 19531
i 1993 1 1 39062
i 995 10 10 156250
i 995 90 90 39062
i 995 120 120 39062
i 995 222 222 39062
i 995 364 364 39062
i 958 1 1 195312
i 6814 1 1 195312
i 1325 1 1 62500
i 1623 1 1 7812
i 1157 1 1 29297
i 7866 1 1 250000
i 11941 1 1 333333
i 11942 1 1 16667
i 2677 1 1 7812
i 2801 1 1 1953
i 1109 1 1 19531
i 1181 1 1 19531
i 1147 1 1 5859
i 199 1 1 1465
i 201 1 1 1099
end
npc 2598 # Werewolf (lvl 88)
g 2859 1 1
t 1 main
i 203 1 1 824
i 205 1 1 641
i 207 1 1 504
i 209 1 1 366
i 211 1 1 275
i 213 1 1 229
i 215 1 1 183
i 2485 1 1 137
i 217 1 1 137
i 2138 5 5 19531
i 1353 1 1 48828
i 2132 5 5 19531
i 2136 5 5 19531
i 1993 1 1 39062
i 995 10 10 156250
i 995 90 90 39062
i 995 120 120 39062
i 995 222 222 39062
i 995 364 364 39062
i 958 1 1 195312
i 6814 1 1 195312
i 1325 1 1 62500
i 1623 1 1 7812
i 1157 1 1 29297
i 7866 1 1 250000
i 11941 1 1 333333
i 11942 1 1 16667
i 2677 1 1 7812
i 2801 1 1 1953
i 1109 1 1 19531
i 1181 1 1 19531
i 1147 1 1 5859
i 199 1 1 1465
i 201 1 1 1099
end
npc 2599 # Werewolf (lvl 88)
g 2859 1 1
t 1 main
i 203 1 1 824
i 205 1 1 641
i 207 1 1 504
i 209 1 1 366
i 211 1 1 275
i 213 1 1 229
i 215 1 1 183
i 2485 1 1 137
i 217 1 1 137
i 2138 5 5 19531
i 1353 1 1 48828
i 2132 5 5 19531
i 2136 5 5 19531
i 1993 1 1 39062
i 995 10 10 156250
i 995 90 90 39062
i 995 120 120 39062
i 995 222 222 39062
i 995 364 364 39062
i 958 1 1 195312
i 6814 1 1 195312
i 1325 1 1 62500
i 1623 1 1 7812
i 1157 1 1 29297
i 7866 1 1 250000
i 11941 1 1 333333
i 11942 1 1 16667
i 2677 1 1 7812
i 2801 1 1 1953
i 1109 1 1 19531
i 1181 1 1 19531
i 1147 1 1 5859
i 199 1 1 1465
i 201 1 1 1099
end
npc 2600 # Werewolf (lvl 88)
g 2859 1 1
t 1 main
i 203 1 1 824
i 205 1 1 641
i 207 1 1 504
i 209 1 1 366
i 211 1 1 275
i 213 1 1 229
i 215 1 1 183
i 2485 1 1 137
i 217 1 1 137
i 2138 5 5 19531
i 1353 1 1 48828
i 2132 5 5 19531
i 2136 5 5 19531
i 1993 1 1 39062
i 995 10 10 156250
i 995 90 90 39062
i 995 120 120 39062
i 995 222 222 39062
i 995 364 364 39062
i 958 1 1 195312
i 6814 1 1 195312
i 1325 1 1 62500
i 1623 1 1 7812
i 1157 1 1 29297
i 7866 1 1 250000
i 11941 1 1 333333
i 11942 1 1 16667
i 2677 1 1 7812
i 2801 1 1 1953
i 1109 1 1 19531
i 1181 1 1 19531
i 1147 1 1 5859
i 199 1 1 1465
i 201 1 1 1099
end
npc 2601 # Werewolf (lvl 88)
g 2859 1 1
t 1 main
i 203 1 1 824
i 205 1 1 641
i 207 1 1 504
i 209 1 1 366
i 211 1 1 275
i 213 1 1 229
i 215 1 1 183
i 2485 1 1 137
i 217 1 1 137
i 2138 5 5 19531
i 1353 1 1 48828
i 2132 5 5 19531
i 2136 5 5 19531
i 1993 1 1 39062
i 995 10 10 156250
i 995 90 90 39062
i 995 120 120 39062
i 995 222 222 39062
i 995 364 364 39062
i 958 1 1 195312
i 6814 1 1 195312
i 1325 1 1 62500
i 1623 1 1 7812
i 1157 1 1 29297
i 7866 1 1 250000
i 11941 1 1 333333
i 11942 1 1 16667
i 2677 1 1 7812
i 2801 1 1 1953
i 1109 1 1 19531
i 1181 1 1 19531
i 1147 1 1 5859
i 199 1 1 1465
i 201 1 1 1099
end
npc 2602 # Werewolf (lvl 88)
g 2859 1 1
t 1 main
i 203 1 1 824
i 205 1 1 641
i 207 1 1 504
i 209 1 1 366
i 211 1 1 275
i 213 1 1 229
i 215 1 1 183
i 2485 1 1 137
i 217 1 1 137
i 2138 5 5 19531
i 1353 1 1 48828
i 2132 5 5 19531
i 2136 5 5 19531
i 1993 1 1 39062
i 995 10 10 156250
i 995 90 90 39062
i 995 120 120 39062
i 995 222 222 39062
i 995 364 364 39062
i 958 1 1 195312
i 6814 1 1 195312
i 1325 1 1 62500
i 1623 1 1 7812
i 1157 1 1 29297
i 7866 1 1 250000
i 11941 1 1 333333
i 11942 1 1 16667
i 2677 1 1 7812
i 2801 1 1 1953
i 1109 1 1 19531
i 1181 1 1 19531
i 1147 1 1 5859
i 199 1 1 1465
i 201 1 1 1099
end
npc 2603 # Werewolf (lvl 88)
g 2859 1 1
t 1 main
i 203 1 1 824
i 205 1 1 641
i 207 1 1 504
i 209 1 1 366
i 211 1 1 275
i 213 1 1 229
i 215 1 1 183
i 2485 1 1 137
i 217 1 1 137
i 2138 5 5 19531
i 1353 1 1 48828
i 2132 5 5 19531
i 2136 5 5 19531
i 1993 1 1 39062
i 995 10 10 156250
i 995 90 90 39062
i 995 120 120 39062
i 995 222 222 39062
i 995 364 364 39062
i 958 1 1 195312
i 6814 1 1 195312
i 1325 1 1 62500
i 1623 1 1 7812
i 1157 1 1 29297
i 7866 1 1 250000
i 11941 1 1 333333
i 11942 1 1 16667
i 2677 1 1 7812
i 2801 1 1 1953
i 1109 1 1 19531
i 1181 1 1 19531
i 1147 1 1 5859
i 199 1 1 1465
i 201 1 1 1099
end
npc 2604 # Werewolf (lvl 88)
g 2859 1 1
t 1 main
i 203 1 1 824
i 205 1 1 641
i 207 1 1 504
i 209 1 1 366
i 211 1 1 275
i 213 1 1 229
i 215 1 1 183
i 2485 1 1 137
i 217 1 1 137
i 2138 5 5 19531
i 1353 1 1 48828
i 2132 5 5 19531
i 2136 5 5 19531
i 1993 1 1 39062
i 995 10 10 156250
i 995 90 90 39062
i 995 120 120 39062
i 995 222 222 39062
i 995 364 364 39062
i 958 1 1 195312
i 6814 1 1 195312
i 1325 1 1 62500
i 1623 1 1 7812
i 1157 1 1 29297
i 7866 1 1 250000
i 11941 1 1 333333
i 11942 1 1 16667
i 2677 1 1 7812
i 2801 1 1 1953
i 1109 1 1 19531
i 1181 1 1 19531
i 1147 1 1 5859
i 199 1 1 1465
i 201 1 1 1099
end
npc 2605 # Werewolf (lvl 88)
g 2859 1 1
t 1 main
i 203 1 1 824
i 205 1 1 641
i 207 1 1 504
i 209 1 1 366
i 211 1 1 275
i 213 1 1 229
i 215 1 1 183
i 2485 1 1 137
i 217 1 1 137
i 2138 5 5 19531
i 1353 1 1 48828
i 2132 5 5 19531
i 2136 5 5 19531
i 1993 1 1 39062
i 995 10 10 156250
i 995 90 90 39062
i 995 120 120 39062
i 995 222 222 39062
i 995 364 364 39062
i 958 1 1 195312
i 6814 1 1 195312
i 1325 1 1 62500
i 1623 1 1 7812
i 1157 1 1 29297
i 7866 1 1 250000
i 11941 1 1 333333
i 11942 1 1 16667
i 2677 1 1 7812
i 2801 1 1 1953
i 1109 1 1 19531
i 1181 1 1 19531
i 1147 1 1 5859
i 199 1 1 1465
i 201 1 1 1099
end
npc 2606 # Werewolf (lvl 88)
g 2859 1 1
t 1 main
i 203 1 1 824
i 205 1 1 641
i 207 1 1 504
i 209 1 1 366
i 211 1 1 275
i 213 1 1 229
i 215 1 1 183
i 2485 1 1 137
i 217 1 1 137
i 2138 5 5 19531
i 1353 1 1 48828
i 2132 5 5 19531
i 2136 5 5 19531
i 1993 1 1 39062
i 995 10 10 156250
i 995 90 90 39062
i 995 120 120 39062
i 995 222 222 39062
i 995 364 364 39062
i 958 1 1 195312
i 6814 1 1 195312
i 1325 1 1 62500
i 1623 1 1 7812
i 1157 1 1 29297
i 7866 1 1 250000
i 11941 1 1 333333
i 11942 1 1 16667
i 2677 1 1 7812
i 2801 1 1 1953
i 1109 1 1 19531
i 1181 1 1 19531
i 1147 1 1 5859
i 199 1 1 1465
i 201 1 1 1099
end
npc 2607 # Werewolf (lvl 88)
g 2859 1 1
t 1 main
i 203 1 1 824
i 205 1 1 641
i 207 1 1 504
i 209 1 1 366
i 211 1 1 275
i 213 1 1 229
i 215 1 1 183
i 2485 1 1 137
i 217 1 1 137
i 2138 5 5 19531
i 1353 1 1 48828
i 2132 5 5 19531
i 2136 5 5 19531
i 1993 1 1 39062
i 995 10 10 156250
i 995 90 90 39062
i 995 120 120 39062
i 995 222 222 39062
i 995 364 364 39062
i 958 1 1 195312
i 6814 1 1 195312
i 1325 1 1 62500
i 1623 1 1 7812
i 1157 1 1 29297
i 7866 1 1 250000
i 11941 1 1 333333
i 11942 1 1 16667
i 2677 1 1 7812
i 2801 1 1 1953
i 1109 1 1 19531
i 1181 1 1 19531
i 1147 1 1 5859
i 199 1 1 1465
i 201 1 1 1099
end
npc 2608 # Werewolf (lvl 88)
g 2859 1 1
t 1 main
i 203 1 1 824
i 205 1 1 641
i 207 1 1 504
i 209 1 1 366
i 211 1 1 275
i 213 1 1 229
i 215 1 1 183
i 2485 1 1 137
i 217 1 1 137
i 2138 5 5 19531
i 1353 1 1 48828
i 2132 5 5 19531
i 2136 5 5 19531
i 1993 1 1 39062
i 995 10 10 156250
i 995 90 90 39062
i 995 120 120 39062
i 995 222 222 39062
i 995 364 364 39062
i 958 1 1 195312
i 6814 1 1 195312
i 1325 1 1 62500
i 1623 1 1 7812
i 1157 1 1 29297
i 7866 1 1 250000
i 11941 1 1 333333
i 11942 1 1 16667
i 2677 1 1 7812
i 2801 1 1 1953
i 1109 1 1 19531
i 1181 1 1 19531
i 1147 1 1 5859
i 199 1 1 1465
i 201 1 1 1099
end
npc 2609 # Werewolf (lvl 88)
g 2859 1 1
t 1 main
i 203 1 1 824
i 205 1 1 641
i 207 1 1 504
i 209 1 1 366
i 211 1 1 275
i 213 1 1 229
i 215 1 1 183
i 2485 1 1 137
i 217 1 1 137
i 2138 5 5 19531
i 1353 1 1 48828
i 2132 5 5 19531
i 2136 5 5 19531
i 1993 1 1 39062
i 995 10 10 156250
i 995 90 90 39062
i 995 120 120 39062
i 995 222 222 39062
i 995 364 364 39062
i 958 1 1 195312
i 6814 1 1 195312
i 1325 1 1 62500
i 1623 1 1 7812
i 1157 1 1 29297
i 7866 1 1 250000
i 11941 1 1 333333
i 11942 1 1 16667
i 2677 1 1 7812
i 2801 1 1 1953
i 1109 1 1 19531
i 1181 1 1 19531
i 1147 1 1 5859
i 199 1 1 1465
i 201 1 1 1099
end
npc 2610 # Werewolf (lvl 88)
g 2859 1 1
t 1 main
i 203 1 1 824
i 205 1 1 641
i 207 1 1 504
i 209 1 1 366
i 211 1 1 275
i 213 1 1 229
i 215 1 1 183
i 2485 1 1 137
i 217 1 1 137
i 2138 5 5 19531
i 1353 1 1 48828
i 2132 5 5 19531
i 2136 5 5 19531
i 1993 1 1 39062
i 995 10 10 156250
i 995 90 90 39062
i 995 120 120 39062
i 995 222 222 39062
i 995 364 364 39062
i 958 1 1 195312
i 6814 1 1 195312
i 1325 1 1 62500
i 1623 1 1 7812
i 1157 1 1 29297
i 7866 1 1 250000
i 11941 1 1 333333
i 11942 1 1 16667
i 2677 1 1 7812
i 2801 1 1 1953
i 1109 1 1 19531
i 1181 1 1 19531
i 1147 1 1 5859
i 199 1 1 1465
i 201 1 1 1099
end
npc 2611 # Werewolf (lvl 88)
g 2859 1 1
t 1 main
i 203 1 1 824
i 205 1 1 641
i 207 1 1 504
i 209 1 1 366
i 211 1 1 275
i 213 1 1 229
i 215 1 1 183
i 2485 1 1 137
i 217 1 1 137
i 2138 5 5 19531
i 1353 1 1 48828
i 2132 5 5 19531
i 2136 5 5 19531
i 1993 1 1 39062
i 995 10 10 156250
i 995 90 90 39062
i 995 120 120 39062
i 995 222 222 39062
i 995 364 364 39062
i 958 1 1 195312
i 6814 1 1 195312
i 1325 1 1 62500
i 1623 1 1 7812
i 1157 1 1 29297
i 7866 1 1 250000
i 11941 1 1 333333
i 11942 1 1 16667
i 2677 1 1 7812
i 2801 1 1 1953
i 1109 1 1 19531
i 1181 1 1 19531
i 1147 1 1 5859
i 199 1 1 1465
i 201 1 1 1099
end
npc 2612 # Werewolf (lvl 88)
g 2859 1 1
t 1 main
i 203 1 1 824
i 205 1 1 641
i 207 1 1 504
i 209 1 1 366
i 211 1 1 275
i 213 1 1 229
i 215 1 1 183
i 2485 1 1 137
i 217 1 1 137
i 2138 5 5 19531
i 1353 1 1 48828
i 2132 5 5 19531
i 2136 5 5 19531
i 1993 1 1 39062
i 995 10 10 156250
i 995 90 90 39062
i 995 120 120 39062
i 995 222 222 39062
i 995 364 364 39062
i 958 1 1 195312
i 6814 1 1 195312
i 1325 1 1 62500
i 1623 1 1 7812
i 1157 1 1 29297
i 7866 1 1 250000
i 11941 1 1 333333
i 11942 1 1 16667
i 2677 1 1 7812
i 2801 1 1 1953
i 1109 1 1 19531
i 1181 1 1 19531
i 1147 1 1 5859
i 199 1 1 1465
i 201 1 1 1099
end
npc 2613 # Boris (lvl 24)
g 2859 1 1
t 1 main
i 1623 1 1 488
i 1621 1 1 244
i 1619 1 1 122
i 1452 1 1 46
i 1462 1 1 46
i 1617 1 1 31
i 830 5 5 15
i 987 1 1 15
i 985 1 1 15
i 1247 1 1 1
i 2366 1 1 1
i 1249 1 1 1
i 209 1 1 244
i 211 1 1 183
i 213 1 1 153
i 215 1 1 122
i 2485 1 1 92
i 217 1 1 92
i 221 1 1 3906
i 231 1 1 3906
i 247 1 1 3906
i 239 1 1 3906
i 1353 1 1 19531
i 225 1 1 3906
i 245 1 1 3906
i 440 5 5 19531
i 453 2 2 19531
i 2353 2 2 19531
i 2138 2 2 19531
i 2132 2 2 19531
i 2136 2 2 19531
i 227 2 2 97656
i 995 6 6 39062
i 886 50 50 19531
i 995 15 15 9766
i 995 16 16 9766
i 995 20 20 19531
i 995 38 38 9766
i 995 50 50 9766
i 995 96 96 9766
i 995 120 120 9766
i 1925 2 2 48828
i 590 2 2 39062
i 229 2 2 97656
i 887 5 5 19531
i 6814 1 1 195312
i 958 1 1 195312
i 1582 1 1 1953
i 199 1 1 977
i 2677 1 1 7812
i 201 1 1 732
i 203 1 1 549
i 205 1 1 427
i 207 1 1 336
end
npc 2614 # Imre (lvl 24)
g 2859 1 1
t 1 main
i 1623 1 1 488
i 1621 1 1 244
i 1619 1 1 122
i 1452 1 1 46
i 1462 1 1 46
i 1617 1 1 31
i 830 5 5 15
i 987 1 1 15
i 985 1 1 15
i 1247 1 1 1
i 2366 1 1 1
i 1249 1 1 1
i 209 1 1 244
i 211 1 1 183
i 213 1 1 153
i 215 1 1 122
i 2485 1 1 92
i 217 1 1 92
i 221 1 1 3906
i 231 1 1 3906
i 247 1 1 3906
i 239 1 1 3906
i 1353 1 1 19531
i 225 1 1 3906
i 245 1 1 3906
i 440 5 5 19531
i 453 2 2 19531
i 2353 2 2 19531
i 2138 2 2 19531
i 2132 2 2 19531
i 2136 2 2 19531
i 227 2 2 97656
i 995 6 6 39062
i 886 50 50 19531
i 995 15 15 9766
i 995 16 16 9766
i 995 20 20 19531
i 995 38 38 9766
i 995 50 50 9766
i 995 96 96 9766
i 995 120 120 9766
i 1925 1 1 48828
i 590 2 2 39062
i 229 2 2 97656
i 887 5 5 19531
i 6814 1 1 195312
i 958 1 1 195312
i 1582 1 1 1953
i 199 1 1 977
i 2677 1 1 7812
i 201 1 1 732
i 203 1 1 549
i 205 1 1 427
i 207 1 1 336
end
npc 2615 # Yuri (lvl 24)
g 2859 1 1
t 1 main
i 1623 1 1 488
i 1621 1 1 244
i 1619 1 1 122
i 1452 1 1 46
i 1462 1 1 46
i 1617 1 1 31
i 830 5 5 15
i 987 1 1 15
i 985 1 1 15
i 1247 1 1 1
i 2366 1 1 1
i 1249 1 1 1
i 209 1 1 244
i 211 1 1 183
i 213 1 1 153
i 215 1 1 122
i 2485 1 1 92
i 217 1 1 92
i 221 1 1 3906
i 231 1 1 3906
i 247 1 1 3906
i 239 1 1 3906
i 1353 1 1 19531
i 225 1 1 3906
i 245 1 1 3906
i 440 5 5 19531
i 453 2 2 19531
i 2353 2 2 19531
i 2138 2 2 19531
i 2132 2 2 19531
i 2136 2 2 19531
i 227 2 2 97656
i 995 6 6 39062
i 886 50 50 19531
i 995 15 15 9766
i 995 16 16 9766
i 995 20 20 19531
i 995 38 38 9766
i 995 50 50 9766
i 995 96 96 9766
i 995 120 120 9766
i 1925 2 2 48828
i 590 2 2 39062
i 229 2 2 97656
i 887 5 5 19531
i 6814 1 1 195312
i 958 1 1 195312
i 1582 1 1 1953
i 199 1 1 977
i 2677 1 1 7812
i 201 1 1 732
i 203 1 1 549
i 205 1 1 427
i 207 1 1 336
end
npc 2616 # Joseph (lvl 24)
g 2859 1 1
t 1 main
i 1623 1 1 488
i 1621 1 1 244
i 1619 1 1 122
i 1452 1 1 46
i 1462 1 1 46
i 1617 1 1 31
i 830 5 5 15
i 987 1 1 15
i 985 1 1 15
i 1247 1 1 1
i 2366 1 1 1
i 1249 1 1 1
i 209 1 1 244
i 211 1 1 183
i 213 1 1 153
i 215 1 1 122
i 2485 1 1 92
i 217 1 1 92
i 221 1 1 3906
i 231 1 1 3906
i 247 1 1 3906
i 239 1 1 3906
i 1353 1 1 19531
i 225 1 1 3906
i 245 1 1 3906
i 440 5 5 19531
i 453 2 2 19531
i 2353 2 2 19531
i 2138 2 2 19531
i 2132 2 2 19531
i 2136 2 2 19531
i 227 2 2 97656
i 995 6 6 39062
i 886 50 50 19531
i 995 15 15 9766
i 995 16 16 9766
i 995 20 20 19531
i 995 38 38 9766
i 995 50 50 9766
i 995 96 96 9766
i 995 120 120 9766
i 1925 2 2 48828
i 590 2 2 39062
i 229 2 2 97656
i 887 5 5 19531
i 6814 1 1 195312
i 958 1 1 195312
i 1582 1 1 1953
i 199 1 1 977
i 2677 1 1 7812
i 201 1 1 732
i 203 1 1 549
i 205 1 1 427
i 207 1 1 336
end
npc 2617 # Nikolai (lvl 24)
g 2859 1 1
t 1 main
i 1623 1 1 488
i 1621 1 1 244
i 1619 1 1 122
i 1452 1 1 46
i 1462 1 1 46
i 1617 1 1 31
i 830 5 5 15
i 987 1 1 15
i 985 1 1 15
i 1247 1 1 1
i 2366 1 1 1
i 1249 1 1 1
i 209 1 1 244
i 211 1 1 183
i 213 1 1 153
i 215 1 1 122
i 2485 1 1 92
i 217 1 1 92
i 221 1 1 3906
i 231 1 1 3906
i 247 1 1 3906
i 239 1 1 3906
i 1353 1 1 19531
i 225 1 1 3906
i 245 1 1 3906
i 440 5 5 19531
i 453 2 2 19531
i 2353 2 2 19531
i 2138 2 2 19531
i 2132 2 2 19531
i 2136 2 2 19531
i 227 2 2 97656
i 995 6 6 39062
i 886 50 50 19531
i 995 15 15 9766
i 995 16 16 9766
i 995 20 20 19531
i 995 38 38 9766
i 995 50 50 9766
i 995 96 96 9766
i 995 120 120 9766
i 1925 2 2 48828
i 590 2 2 39062
i 229 2 2 97656
i 887 5 5 19531
i 6814 1 1 195312
i 958 1 1 195312
i 1582 1 1 1953
i 199 1 1 977
i 2677 1 1 7812
i 201 1 1 732
i 203 1 1 549
i 205 1 1 427
i 207 1 1 336
end
npc 2618 # Eduard (lvl 24)
g 2859 1 1
t 1 main
i 1623 1 1 488
i 1621 1 1 244
i 1619 1 1 122
i 1452 1 1 46
i 1462 1 1 46
i 1617 1 1 31
i 830 5 5 15
i 987 1 1 15
i 985 1 1 15
i 1247 1 1 1
i 2366 1 1 1
i 1249 1 1 1
i 209 1 1 244
i 211 1 1 183
i 213 1 1 153
i 215 1 1 122
i 2485 1 1 92
i 217 1 1 92
i 221 1 1 3906
i 231 1 1 3906
i 247 1 1 3906
i 239 1 1 3906
i 1353 1 1 19531
i 225 1 1 3906
i 245 1 1 3906
i 440 5 5 19531
i 453 2 2 19531
i 2353 2 2 19531
i 2138 2 2 19531
i 2132 2 2 19531
i 2136 2 2 19531
i 227 2 2 97656
i 995 6 6 39062
i 886 50 50 19531
i 995 15 15 9766
i 995 16 16 9766
i 995 20 20 19531
i 995 38 38 9766
i 995 50 50 9766
i 995 96 96 9766
i 995 120 120 9766
i 1925 2 2 48828
i 590 2 2 39062
i 229 2 2 97656
i 887 5 5 19531
i 6814 1 1 195312
i 958 1 1 195312
i 1582 1 1 1953
i 199 1 1 977
i 2677 1 1 7812
i 201 1 1 732
i 203 1 1 549
i 205 1 1 427
i 207 1 1 336
end
npc 2619 # Lev (lvl 24)
g 2859 1 1
t 1 main
i 1623 1 1 488
i 1621 1 1 244
i 1619 1 1 122
i 1452 1 1 46
i 1462 1 1 46
i 1617 1 1 31
i 830 5 5 15
i 987 1 1 15
i 985 1 1 15
i 1247 1 1 1
i 2366 1 1 1
i 1249 1 1 1
i 209 1 1 244
i 211 1 1 183
i 213 1 1 153
i 215 1 1 122
i 2485 1 1 92
i 217 1 1 92
i 221 1 1 3906
i 231 1 1 3906
i 247 1 1 3906
i 239 1 1 3906
i 1353 1 1 19531
i 225 1 1 3906
i 245 1 1 3906
i 440 5 5 19531
i 453 2 2 19531
i 2353 2 2 19531
i 2138 2 2 19531
i 2132 2 2 19531
i 2136 2 2 19531
i 227 2 2 97656
i 995 6 6 39062
i 886 50 50 19531
i 995 15 15 9766
i 995 16 16 9766
i 995 20 20 19531
i 995 38 38 9766
i 995 50 50 9766
i 995 96 96 9766
i 995 120 120 9766
i 1925 2 2 48828
i 590 2 2 39062
i 229 2 2 97656
i 887 5 5 19531
i 6814 1 1 195312
i 958 1 1 195312
i 1582 1 1 1953
i 199 1 1 977
i 2677 1 1 7812
i 201 1 1 732
i 203 1 1 549
i 205 1 1 427
i 207 1 1 336
end
npc 2620 # Georgy (lvl 24)
g 2859 1 1
t 1 main
i 1623 1 1 488
i 1621 1 1 244
i 1619 1 1 122
i 1452 1 1 46
i 1462 1 1 46
i 1617 1 1 31
i 830 5 5 15
i 987 1 1 15
i 985 1 1 15
i 1247 1 1 1
i 2366 1 1 1
i 1249 1 1 1
i 209 1 1 244
i 211 1 1 183
i 213 1 1 153
i 215 1 1 122
i 2485 1 1 92
i 217 1 1 92
i 221 1 1 3906
i 231 1 1 3906
i 247 1 1 3906
i 239 1 1 3906
i 1353 1 1 19531
i 225 1 1 3906
i 245 1 1 3906
i 440 5 5 19531
i 453 2 2 19531
i 2353 2 2 19531
i 2138 2 2 19531
i 2132 2 2 19531
i 2136 2 2 19531
i 227 2 2 97656
i 995 6 6 39062
i 886 50 50 19531
i 995 15 15 9766
i 995 16 16 9766
i 995 20 20 19531
i 995 38 38 9766
i 995 50 50 9766
i 995 96 96 9766
i 995 120 120 9766
i 1925 2 2 48828
i 590 2 2 39062
i 229 2 2 97656
i 887 5 5 19531
i 6814 1 1 195312
i 958 1 1 195312
i 1582 1 1 1953
i 199 1 1 977
i 2677 1 1 7812
i 201 1 1 732
i 203 1 1 549
i 205 1 1 427
i 207 1 1 336
end
npc 2621 # Svetlana (lvl 24)
g 2859 1 1
t 1 main
i 1623 1 1 488
i 1621 1 1 244
i 1619 1 1 122
i 1452 1 1 46
i 1462 1 1 46
i 1617 1 1 31
i 830 5 5 15
i 987 1 1 15
i 985 1 1 15
i 1247 1 1 1
i 2366 1 1 1
i 1249 1 1 1
i 209 1 1 244
i 211 1 1 183
i 213 1 1 153
i 215 1 1 122
i 2485 1 1 92
i 217 1 1 92
i 221 1 1 3906
i 231 1 1 3906
i 247 1 1 3906
i 239 1 1 3906
i 1353 1 1 19531
i 225 1 1 3906
i 245 1 1 3906
i 440 5 5 19531
i 453 2 2 19531
i 2353 2 2 19531
i 2138 2 2 19531
i 2132 2 2 19531
i 2136 2 2 19531
i 227 2 2 97656
i 995 6 6 39062
i 886 50 50 19531
i 995 15 15 9766
i 995 16 16 9766
i 995 20 20 19531
i 995 38 38 9766
i 995 50 50 9766
i 995 96 96 9766
i 995 120 120 9766
i 1925 2 2 48828
i 590 2 2 39062
i 229 2 2 97656
i 887 5 5 19531
i 6814 1 1 195312
i 958 1 1 195312
i 1582 1 1 1953
i 199 1 1 977
i 2677 1 1 7812
i 201 1 1 732
i 203 1 1 549
i 205 1 1 427
i 207 1 1 336
end
npc 2622 # Irina (lvl 24)
g 2859 1 1
t 1 main
i 1623 1 1 488
i 1621 1 1 244
i 1619 1 1 122
i 1452 1 1 46
i 1462 1 1 46
i 1617 1 1 31
i 830 5 5 15
i 987 1 1 15
i 985 1 1 15
i 1247 1 1 1
i 2366 1 1 1
i 1249 1 1 1
i 209 1 1 244
i 211 1 1 183
i 213 1 1 153
i 215 1 1 122
i 2485 1 1 92
i 217 1 1 92
i 221 1 1 3906
i 231 1 1 3906
i 247 1 1 3906
i 239 1 1 3906
i 1353 1 1 19531
i 225 1 1 3906
i 245 1 1 3906
i 440 5 5 19531
i 453 2 2 19531
i 2353 2 2 19531
i 2138 2 2 19531
i 2132 2 2 19531
i 2136 2 2 19531
i 227 2 2 97656
i 995 6 6 39062
i 886 50 50 19531
i 995 15 15 9766
i 995 16 16 9766
i 995 20 20 19531
i 995 38 38 9766
i 995 50 50 9766
i 995 96 96 9766
i 995 120 120 9766
i 1925 2 2 48828
i 590 2 2 39062
i 229 2 2 97656
i 887 5 5 19531
i 6814 1 1 195312
i 958 1 1 195312
i 1582 1 1 1953
i 199 1 1 977
i 2677 1 1 7812
i 201 1 1 732
i 203 1 1 549
i 205 1 1 427
i 207 1 1 336
end
npc 2623 # Alexis (lvl 24)
g 2859 1 1
t 1 main
i 1623 1 1 488
i 1621 1 1 244
i 1619 1 1 122
i 1452 1 1 46
i 1462 1 1 46
i 1617 1 1 31
i 830 5 5 15
i 987 1 1 15
i 985 1 1 15
i 1247 1 1 1
i 2366 1 1 1
i 1249 1 1 1
i 209 1 1 244
i 211 1 1 183
i 213 1 1 153
i 215 1 1 122
i 2485 1 1 92
i 217 1 1 92
i 221 1 1 3906
i 231 1 1 3906
i 247 1 1 3906
i 239 1 1 3906
i 1353 1 1 19531
i 225 1 1 3906
i 245 1 1 3906
i 440 5 5 19531
i 453 2 2 19531
i 2353 2 2 19531
i 2138 2 2 19531
i 2132 2 2 19531
i 2136 2 2 19531
i 227 2 2 97656
i 995 6 6 39062
i 886 50 50 19531
i 995 15 15 9766
i 995 16 16 9766
i 995 20 20 19531
i 995 38 38 9766
i 995 50 50 9766
i 995 96 96 9766
i 995 120 120 9766
i 1925 2 2 48828
i 590 2 2 39062
i 229 2 2 97656
i 887 5 5 19531
i 6814 1 1 195312
i 958 1 1 195312
i 1582 1 1 1953
i 199 1 1 977
i 2677 1 1 7812
i 201 1 1 732
i 203 1 1 549
i 205 1 1 427
i 207 1 1 336
end
npc 2624 # Milla (lvl 24)
g 2859 1 1
t 1 main
i 1623 1 1 488
i 1621 1 1 244
i 1619 1 1 122
i 1452 1 1 46
i 1462 1 1 46
i 1617 1 1 31
i 830 5 5 15
i 987 1 1 15
i 985 1 1 15
i 1247 1 1 1
i 2366 1 1 1
i 1249 1 1 1
i 209 1 1 244
i 211 1 1 183
i 213 1 1 153
i 215 1 1 122
i 2485 1 1 92
i 217 1 1 92
i 221 1 1 3906
i 231 1 1 3906
i 247 1 1 3906
i 239 1 1 3906
i 1353 1 1 19531
i 225 1 1 3906
i 245 1 1 3906
i 440 5 5 19531
i 453 2 2 19531
i 2353 2 2 19531
i 2138 2 2 19531
i 2132 2 2 19531
i 2136 2 2 19531
i 227 2 2 97656
i 995 6 6 39062
i 886 50 50 19531
i 995 15 15 9766
i 995 16 16 9766
i 995 20 20 19531
i 995 38 38 9766
i 995 50 50 9766
i 995 96 96 9766
i 995 120 120 9766
i 1925 2 2 48828
i 590 2 2 39062
i 229 2 2 97656
i 887 5 5 19531
i 6814 1 1 195312
i 958 1 1 195312
i 1582 1 1 1953
i 199 1 1 977
i 2677 1 1 7812
i 201 1 1 732
i 203 1 1 549
i 205 1 1 427
i 207 1 1 336
end
npc 2625 # Galina (lvl 24)
g 2859 1 1
t 1 main
i 1623 1 1 488
i 1621 1 1 244
i 1619 1 1 122
i 1452 1 1 46
i 1462 1 1 46
i 1617 1 1 31
i 830 5 5 15
i 987 1 1 15
i 985 1 1 15
i 1247 1 1 1
i 2366 1 1 1
i 1249 1 1 1
i 209 1 1 244
i 211 1 1 183
i 213 1 1 153
i 215 1 1 122
i 2485 1 1 92
i 217 1 1 92
i 221 1 1 3906
i 231 1 1 3906
i 247 1 1 3906
i 239 1 1 3906
i 1353 1 1 19531
i 225 1 1 3906
i 245 1 1 3906
i 440 5 5 19531
i 453 2 2 19531
i 2353 2 2 19531
i 2138 2 2 19531
i 2132 2 2 19531
i 2136 2 2 19531
i 227 2 2 97656
i 995 6 6 39062
i 886 50 50 19531
i 995 15 15 9766
i 995 16 16 9766
i 995 20 20 19531
i 995 38 38 9766
i 995 50 50 9766
i 995 96 96 9766
i 995 120 120 9766
i 1925 2 2 48828
i 590 2 2 39062
i 229 2 2 97656
i 887 5 5 19531
i 6814 1 1 195312
i 958 1 1 195312
i 1582 1 1 1953
i 199 1 1 977
i 2677 1 1 7812
i 201 1 1 732
i 203 1 1 549
i 205 1 1 427
i 207 1 1 336
end
npc 2626 # Sofiya (lvl 24)
g 2859 1 1
t 1 main
i 1623 1 1 488
i 1621 1 1 244
i 1619 1 1 122
i 1452 1 1 46
i 1462 1 1 46
i 1617 1 1 31
i 830 5 5 15
i 987 1 1 15
i 985 1 1 15
i 1247 1 1 1
i 2366 1 1 1
i 1249 1 1 1
i 209 1 1 244
i 211 1 1 183
i 213 1 1 153
i 215 1 1 122
i 2485 1 1 92
i 217 1 1 92
i 221 1 1 3906
i 231 1 1 3906
i 247 1 1 3906
i 239 1 1 3906
i 1353 1 1 19531
i 225 1 1 3906
i 245 1 1 3906
i 440 5 5 19531
i 453 2 2 19531
i 2353 2 2 19531
i 2138 2 2 19531
i 2132 2 2 19531
i 2136 2 2 19531
i 227 2 2 97656
i 995 6 6 39062
i 886 50 50 19531
i 995 15 15 9766
i 995 16 16 9766
i 995 20 20 19531
i 995 38 38 9766
i 995 50 50 9766
i 995 96 96 9766
i 995 120 120 9766
i 1925 2 2 48828
i 590 2 2 39062
i 229 2 2 97656
i 887 5 5 19531
i 6814 1 1 195312
i 958 1 1 195312
i 1582 1 1 1953
i 199 1 1 977
i 2677 1 1 7812
i 201 1 1 732
i 203 1 1 549
i 205 1 1 427
i 207 1 1 336
end
npc 2627 # Ksenia (lvl 24)
g 2859 1 1
t 1 main
i 1623 1 1 488
i 1621 1 1 244
i 1619 1 1 122
i 1452 1 1 46
i 1462 1 1 46
i 1617 1 1 31
i 830 5 5 15
i 987 1 1 15
i 985 1 1 15
i 1247 1 1 1
i 2366 1 1 1
i 1249 1 1 1
i 209 1 1 244
i 211 1 1 183
i 213 1 1 153
i 215 1 1 122
i 2485 1 1 92
i 217 1 1 92
i 221 1 1 3906
i 231 1 1 3906
i 247 1 1 3906
i 239 1 1 3906
i 1353 1 1 19531
i 225 1 1 3906
i 245 1 1 3906
i 440 5 5 19531
i 453 2 2 19531
i 2353 2 2 19531
i 2138 2 2 19531
i 2132 2 2 19531
i 2136 2 2 19531
i 227 2 2 97656
i 995 6 6 39062
i 886 50 50 19531
i 995 15 15 9766
i 995 16 16 9766
i 995 20 20 19531
i 995 38 38 9766
i 995 50 50 9766
i 995 96 96 9766
i 995 120 120 9766
i 1925 2 2 48828
i 590 2 2 39062
i 229 2 2 97656
i 887 5 5 19531
i 6814 1 1 195312
i 958 1 1 195312
i 1582 1 1 1953
i 199 1 1 977
i 2677 1 1 7812
i 201 1 1 732
i 203 1 1 549
i 205 1 1 427
i 207 1 1 336
end
npc 2628 # Yadviga (lvl 24)
g 2859 1 1
t 1 main
i 1623 1 1 488
i 1621 1 1 244
i 1619 1 1 122
i 1452 1 1 46
i 1462 1 1 46
i 1617 1 1 31
i 830 5 5 15
i 987 1 1 15
i 985 1 1 15
i 1247 1 1 1
i 2366 1 1 1
i 1249 1 1 1
i 209 1 1 244
i 211 1 1 183
i 213 1 1 153
i 215 1 1 122
i 2485 1 1 92
i 217 1 1 92
i 221 1 1 3906
i 231 1 1 3906
i 247 1 1 3906
i 239 1 1 3906
i 1353 1 1 19531
i 225 1 1 3906
i 245 1 1 3906
i 440 5 5 19531
i 453 2 2 19531
i 2353 2 2 19531
i 2138 2 2 19531
i 2132 2 2 19531
i 2136 2 2 19531
i 227 2 2 97656
i 995 6 6 39062
i 886 50 50 19531
i 995 15 15 9766
i 995 16 16 9766
i 995 20 20 19531
i 995 38 38 9766
i 995 50 50 9766
i 995 96 96 9766
i 995 120 120 9766
i 1925 2 2 48828
i 590 2 2 39062
i 229 2 2 97656
i 887 5 5 19531
i 6814 1 1 195312
i 958 1 1 195312
i 1582 1 1 1953
i 199 1 1 977
i 2677 1 1 7812
i 201 1 1 732
i 203 1 1 549
i 205 1 1 427
i 207 1 1 336
end
npc 2629 # Nikita (lvl 24)
g 2859 1 1
t 1 main
i 1623 1 1 488
i 1621 1 1 244
i 1619 1 1 122
i 1452 1 1 46
i 1462 1 1 46
i 1617 1 1 31
i 830 5 5 15
i 987 1 1 15
i 985 1 1 15
i 1247 1 1 1
i 2366 1 1 1
i 1249 1 1 1
i 209 1 1 244
i 211 1 1 183
i 213 1 1 153
i 215 1 1 122
i 2485 1 1 92
i 217 1 1 92
i 221 1 1 3906
i 231 1 1 3906
i 247 1 1 3906
i 239 1 1 3906
i 1353 1 1 19531
i 225 1 1 3906
i 245 1 1 3906
i 440 5 5 19531
i 453 2 2 19531
i 2353 2 2 19531
i 2138 2 2 19531
i 2132 2 2 19531
i 2136 2 2 19531
i 227 2 2 97656
i 995 6 6 39062
i 886 50 50 19531
i 995 15 15 9766
i 995 16 16 9766
i 995 20 20 19531
i 995 38 38 9766
i 995 50 50 9766
i 995 96 96 9766
i 995 120 120 9766
i 1925 2 2 48828
i 590 2 2 39062
i 229 2 2 97656
i 887 5 5 19531
i 6814 1 1 195312
i 958 1 1 195312
i 1582 1 1 1953
i 199 1 1 977
i 2677 1 1 7812
i 201 1 1 732
i 203 1 1 549
i 205 1 1 427
i 207 1 1 336
end
npc 2630 # Vera (lvl 24)
g 2859 1 1
t 1 main
i 1623 1 1 488
i 1621 1 1 244
i 1619 1 1 122
i 1452 1 1 46
i 1462 1 1 46
i 1617 1 1 31
i 830 5 5 15
i 987 1 1 15
i 985 1 1 15
i 1247 1 1 1
i 2366 1 1 1
i 1249 1 1 1
i 209 1 1 244
i 211 1 1 183
i 213 1 1 153
i 215 1 1 122
i 2485 1 1 92
i 217 1 1 92
i 221 1 1 3906
i 231 1 1 3906
i 247 1 1 3906
i 239 1 1 3906
i 1353 1 1 19531
i 225 1 1 3906
i 245 1 1 3906
i 440 5 5 19531
i 453 2 2 19531
i 2353 2 2 19531
i 2138 2 2 19531
i 2132 2 2 19531
i 2136 2 2 19531
i 227 2 2 97656
i 995 6 6 39062
i 886 50 50 19531
i 995 15 15 9766
i 995 16 16 9766
i 995 20 20 19531
i 995 38 38 9766
i 995 50 50 9766
i 995 96 96 9766
i 995 120 120 9766
i 1925 2 2 48828
i 590 2 2 39062
i 229 2 2 97656
i 887 5 5 19531
i 6814 1 1 195312
i 958 1 1 195312
i 1582 1 1 1953
i 199 1 1 977
i 2677 1 1 7812
i 201 1 1 732
i 203 1 1 549
i 205 1 1 427
i 207 1 1 336
end
npc 2631 # Zoja (lvl 24)
g 2859 1 1
t 1 main
i 1623 1 1 488
i 1621 1 1 244
i 1619 1 1 122
i 1452 1 1 46
i 1462 1 1 46
i 1617 1 1 31
i 830 5 5 15
i 987 1 1 15
i 985 1 1 15
i 1247 1 1 1
i 2366 1 1 1
i 1249 1 1 1
i 209 1 1 244
i 211 1 1 183
i 213 1 1 153
i 215 1 1 122
i 2485 1 1 92
i 217 1 1 92
i 221 1 1 3906
i 231 1 1 3906
i 247 1 1 3906
i 239 1 1 3906
i 1353 1 1 19531
i 225 1 1 3906
i 245 1 1 3906
i 440 5 5 19531
i 453 2 2 19531
i 2353 2 2 19531
i 2138 2 2 19531
i 2132 2 2 19531
i 2136 2 2 19531
i 227 2 2 97656
i 995 6 6 39062
i 886 50 50 19531
i 995 15 15 9766
i 995 16 16 9766
i 995 20 20 19531
i 995 38 38 9766
i 995 50 50 9766
i 995 96 96 9766
i 995 120 120 9766
i 1925 2 2 48828
i 590 2 2 39062
i 229 2 2 97656
i 887 5 5 19531
i 6814 1 1 195312
i 958 1 1 195312
i 1582 1 1 1953
i 199 1 1 977
i 2677 1 1 7812
i 201 1 1 732
i 203 1 1 549
i 205 1 1 427
i 207 1 1 336
end
npc 2632 # Liliya (lvl 24)
g 2859 1 1
t 1 main
i 1623 1 1 488
i 1621 1 1 244
i 1619 1 1 122
i 1452 1 1 46
i 1462 1 1 46
i 1617 1 1 31
i 830 5 5 15
i 987 1 1 15
i 985 1 1 15
i 1247 1 1 1
i 2366 1 1 1
i 1249 1 1 1
i 209 1 1 244
i 211 1 1 183
i 213 1 1 153
i 215 1 1 122
i 2485 1 1 92
i 217 1 1 92
i 221 1 1 3906
i 231 1 1 3906
i 247 1 1 3906
i 239 1 1 3906
i 1353 1 1 19531
i 225 1 1 3906
i 245 1 1 3906
i 440 5 5 19531
i 453 2 2 19531
i 2353 2 2 19531
i 2138 2 2 19531
i 2132 2 2 19531
i 2136 2 2 19531
i 227 2 2 97656
i 995 6 6 39062
i 886 50 50 19531
i 995 15 15 9766
i 995 16 16 9766
i 995 20 20 19531
i 995 38 38 9766
i 995 50 50 9766
i 995 96 96 9766
i 995 120 120 9766
i 1925 2 2 48828
i 590 2 2 39062
i 229 2 2 97656
i 887 5 5 19531
i 6814 1 1 195312
i 958 1 1 195312
i 1582 1 1 1953
i 199 1 1 977
i 2677 1 1 7812
i 201 1 1 732
i 203 1 1 549
i 205 1 1 427
i 207 1 1 336
end
npc 2634 # Myre Blamish Snail (lvl 9)
g 3345 1 1
g 3355 1 1
g 3363 1 1
end
npc 2645 # Blood Blamish Snail (lvl 20)
g 3367 1 1
g 3347 1 1
end
npc 2646 # Ochre Blamish Snail (lvl 10)
g 3349 1 1
g 3359 1 1
g 3363 1 1
end
npc 2647 # Bruise Blamish Snail (lvl 20)
g 3367 1 1
g 3351 1 1
end
npc 2648 # Bark Blamish Snail (lvl 15)
g 3353 1 1
g 3365 1 1
end
npc 2649 # Myre Blamish Snail (lvl 10)
g 3345 1 1
g 3355 1 1
g 3363 1 1
end
npc 2650 # Blood Blamish Snail (lvl 20)
g 3367 1 1
g 3357 1 1
end
npc 2651 # Ochre Blamish Snail (lvl 15)
g 3349 1 1
g 3359 1 1
g 3363 1 1
end
npc 2652 # Bruise Blamish Snail (lvl 20)
g 3367 1 1
g 3361 1 1
end
npc 2790 # Cow (lvl 2)
g 1739 1 1
g 2132 1 1
g 526 1 1
t 1 main
i 23182 1 1 7812
end
npc 2791 # Cow (lvl 2)
g 1739 1 1
g 2132 1 1
g 526 1 1
t 1 main
i 23182 1 1 7812
end
npc 2792 # Cow calf (lvl 2)
g 1739 1 1
g 2132 1 1
g 526 1 1
t 1 main
i 23182 1 1 7812
end
npc 2793 # Cow (lvl 2)
g 1739 1 1
g 2132 1 1
g 526 1 1
t 1 main
i 23182 1 1 7812
end
npc 2794 # Cow calf (lvl 2)
g 1739 1 1
g 2132 1 1
g 526 1 1
t 1 main
i 23182 1 1 7812
end
npc 2795 # Cow (lvl 2)
g 1739 1 1
g 2132 1 1
g 526 1 1
t 1 main
i 23182 1 1 7812
end
npc 2801 # Cow calf (lvl 2)
g 1739 1 1
g 2132 1 1
g 526 1 1
t 1 main
i 23182 1 1 7812
end
npc 2803 # Rooster (lvl 3)
g 526 1 1
g 2138 1 1
t 1 main
i 314 5 5 500000
i 314 15 15 250000
i 23182 1 1 3333
end
npc 2804 # Chicken (lvl 1)
g 526 1 1
g 2138 1 1
t 1 main
i 314 5 5 500000
i 314 15 15 250000
i 23182 1 1 3333
end
npc 2805 # Chicken (lvl 1)
g 526 1 1
g 2138 1 1
t 1 main
i 314 5 5 500000
i 314 15 15 250000
i 23182 1 1 3333
end
npc 2806 # Chicken (lvl 1)
g 526 1 1
g 2138 1 1
t 1 main
i 314 5 5 500000
i 314 15 15 250000
i 23182 1 1 3333
end
npc 2827 # Bat (lvl 6)
g 530 1 1
t 1 main
i 7833 1 1 250000
i 11941 1 1 66667
end
npc 2834 # Giant bat (lvl 27)
g 530 1 1
g 7827 1 1
g 530 1 1
t 1 main
i 11941 1 1 200000
end
npc 2836 # Golem (lvl 55)
g 23907 16 24
end
npc 2837 # Unicorn (lvl 15)
g 526 1 1
g 237 1 1
g 7821 1 1
t 1 main
i 13465 1 1 28571
end
npc 2838 # Grizzly bear (lvl 21)
g 526 1 1
g 948 1 1
g 2136 1 1
g 7815 1 1
t 1 main
i 11941 1 1 142857
i 13462 1 1 40000
i 23182 1 1 11111
i 23490 1 1 874
i 21257 1 1 3344
end
npc 2839 # Black bear (lvl 19)
g 526 1 1
g 948 1 1
g 2136 1 1
g 7815 1 1
t 1 main
i 11941 1 1 142857
i 13462 1 1 40000
i 23182 1 1 11111
i 23490 1 1 822
i 21257 1 1 3333
end
npc 2840 # Earth warrior (lvl 51)
t 1 main
i 1623 1 1 3906
i 1621 1 1 1953
i 1619 1 1 977
i 1452 1 1 366
i 1462 1 1 366
i 1617 1 1 244
i 830 5 5 122
i 987 1 1 122
i 985 1 1 122
i 1247 1 1 8
i 2366 1 1 4
i 1249 1 1 3
i 1241 1 1 23438
i 199 1 1 27322
i 201 1 1 20492
i 203 1 1 15385
i 205 1 1 11962
i 207 1 1 9398
i 209 1 1 6835
i 211 1 1 5128
i 213 1 1 4272
i 215 1 1 3418
i 2485 1 1 2563
i 1385 1 1 15625
i 217 1 1 2563
i 5100 1 1 18382
i 5323 1 1 17575
i 5292 1 1 16779
i 5104 1 1 12346
i 5293 1 1 11403
i 5311 1 1 11136
i 5321 1 1 8453
i 5294 1 1 7513
i 22879 1 1 5368
i 557 12 12 101562
i 5295 1 1 5233
i 5105 1 1 4562
i 5282 1 1 3891
i 5296 1 1 3623
i 5281 1 1 2415
i 5297 1 1 2415
i 5106 1 1 1744
i 5298 1 1 1610
i 5280 1 1 1610
i 5299 1 1 1208
i 561 3 3 70312
i 22873 1 1 1073
i 5300 1 1 671
i 5301 1 1 537
i 5302 1 1 403
i 5303 1 1 268
i 5304 1 1 134
i 995 12 12 140625
i 562 3 3 54688
i 11941 1 1 333333
i 6798 1 1 200
i 563 2 2 46875
i 23490 1 1 2841
i 21257 1 1 3610
i 560 2 2 31250
i 557 60 60 23438
i 565 2 2 7812
end
npc 2841 # Ice warrior (lvl 57)
t 1 main
i 1623 1 1 5859
i 1621 1 1 2930
i 1619 1 1 1465
i 1452 1 1 549
i 1462 1 1 549
i 1617 1 1 366
i 830 5 5 183
i 987 1 1 183
i 985 1 1 183
i 1247 1 1 11
i 2366 1 1 6
i 1249 1 1 4
i 1363 1 1 23438
i 565 2 2 7812
i 199 1 1 19531
i 201 1 1 14641
i 203 1 1 10989
i 205 1 1 8547
i 207 1 1 6716
i 209 1 1 4883
i 211 1 1 3662
i 213 1 1 3052
i 215 1 1 2441
i 1428 1 1 7812
i 2485 1 1 1831
i 217 1 1 1831
i 5100 1 1 18382
i 5323 1 1 17575
i 5292 1 1 16779
i 5104 1 1 12346
i 5293 1 1 11403
i 5311 1 1 11136
i 5321 1 1 8453
i 5294 1 1 7513
i 561 4 4 78125
i 22879 1 1 5368
i 5295 1 1 5233
i 5105 1 1 4562
i 5282 1 1 3891
i 5296 1 1 3623
i 5281 1 1 2415
i 5297 1 1 2415
i 5106 1 1 1744
i 5298 1 1 1610
i 5280 1 1 1610
i 562 3 3 62500
i 5299 1 1 1208
i 22873 1 1 1073
i 5300 1 1 671
i 5301 1 1 537
i 5302 1 1 403
i 5303 1 1 268
i 5304 1 1 134
i 995 15 15 304688
i 995 5 5 140625
i 995 10 10 78125
i 563 2 2 54688
i 564 2 2 39062
i 11941 1 1 333333
i 2801 1 1 7812
i 23490 1 1 3876
i 21257 1 1 3663
i 888 3 3 39062
i 890 2 2 23438
i 560 2 2 23438
end
npc 2842 # Ice warrior (lvl 57)
t 1 main
i 1623 1 1 5859
i 1621 1 1 2930
i 1619 1 1 1465
i 1452 1 1 549
i 1462 1 1 549
i 1617 1 1 366
i 830 5 5 183
i 987 1 1 183
i 985 1 1 183
i 1247 1 1 11
i 2366 1 1 6
i 1249 1 1 4
i 1363 1 1 23438
i 565 2 2 7812
i 199 1 1 19531
i 201 1 1 14641
i 203 1 1 10989
i 205 1 1 8547
i 207 1 1 6716
i 209 1 1 4883
i 211 1 1 3662
i 213 1 1 3052
i 215 1 1 2441
i 1428 1 1 7812
i 2485 1 1 1831
i 217 1 1 1831
i 5100 1 1 18382
i 5323 1 1 17575
i 5292 1 1 16779
i 5104 1 1 12346
i 5293 1 1 11403
i 5311 1 1 11136
i 5321 1 1 8453
i 5294 1 1 7513
i 561 4 4 78125
i 22879 1 1 5368
i 5295 1 1 5233
i 5105 1 1 4562
i 5282 1 1 3891
i 5296 1 1 3623
i 5281 1 1 2415
i 5297 1 1 2415
i 5106 1 1 1744
i 5298 1 1 1610
i 5280 1 1 1610
i 562 3 3 62500
i 5299 1 1 1208
i 22873 1 1 1073
i 5300 1 1 671
i 5301 1 1 537
i 5302 1 1 403
i 5303 1 1 268
i 5304 1 1 134
i 995 15 15 304688
i 995 5 5 140625
i 995 10 10 78125
i 563 2 2 54688
i 564 2 2 39062
i 11941 1 1 333333
i 2801 1 1 7812
i 23490 1 1 3876
i 21257 1 1 3663
i 888 3 3 39062
i 890 2 2 23438
i 560 2 2 23438
end
npc 2843 # Otherworldly being (lvl 64)
t 1 main
i 1623 1 1 5859
i 1621 1 1 2930
i 1619 1 1 1465
i 1452 1 1 549
i 1462 1 1 549
i 1617 1 1 366
i 830 5 5 183
i 987 1 1 183
i 985 1 1 183
i 1247 1 1 11
i 2366 1 1 6
i 1249 1 1 4
i 561 5 5 70312
i 205 1 1 8547
i 207 1 1 6716
i 209 1 1 4883
i 211 1 1 3662
i 213 1 1 3052
i 215 1 1 2441
i 2485 1 1 1831
i 217 1 1 1831
i 995 15 15 460938
i 1641 1 1 15625
i 562 4 4 62500
i 1428 1 1 7812
i 355 1 1 7812
i 563 2 2 54688
i 564 2 2 39062
i 560 2 2 31250
i 565 2 2 7812
i 199 1 1 19531
i 201 1 1 14641
i 203 1 1 10989
end
npc 2844 # Magic axe (lvl 42)
g 1363 1 1
t 1 main
i 1373 1 1 2000
i 2801 1 1 3906
i 19677 1 1 3300
i 19679 1 1 2198
i 19681 1 1 2198
i 19683 1 1 2198
i 11941 1 1 333333
i 2801 1 1 3906
i 23490 1 1 1876
i 21257 1 1 3521
i 1363 1 1 950000
i 1365 1 1 20000
i 1369 1 1 20000
i 1371 1 1 8000
end
npc 2845 # Snake (lvl 5)
g 526 1 1
t 1 main
i 7860 1 1 250000
end
npc 2849 # Black unicorn (lvl 27)
g 526 1 1
g 237 1 1
g 7821 1 1
t 1 main
i 11941 1 1 200000
i 13465 1 1 28571
end
npc 2851 # Ice warrior (lvl 57)
t 1 main
i 1623 1 1 5859
i 1621 1 1 2930
i 1619 1 1 1465
i 1452 1 1 549
i 1462 1 1 549
i 1617 1 1 366
i 830 5 5 183
i 987 1 1 183
i 985 1 1 183
i 1247 1 1 11
i 2366 1 1 6
i 1249 1 1 4
i 1363 1 1 23438
i 565 2 2 7812
i 199 1 1 19531
i 201 1 1 14641
i 203 1 1 10989
i 205 1 1 8547
i 207 1 1 6716
i 209 1 1 4883
i 211 1 1 3662
i 213 1 1 3052
i 215 1 1 2441
i 1428 1 1 7812
i 2485 1 1 1831
i 217 1 1 1831
i 5100 1 1 18382
i 5323 1 1 17575
i 5292 1 1 16779
i 5104 1 1 12346
i 5293 1 1 11403
i 5311 1 1 11136
i 5321 1 1 8453
i 5294 1 1 7513
i 561 4 4 78125
i 22879 1 1 5368
i 5295 1 1 5233
i 5105 1 1 4562
i 5282 1 1 3891
i 5296 1 1 3623
i 5281 1 1 2415
i 5297 1 1 2415
i 5106 1 1 1744
i 5298 1 1 1610
i 5280 1 1 1610
i 562 3 3 62500
i 5299 1 1 1208
i 22873 1 1 1073
i 5300 1 1 671
i 5301 1 1 537
i 5302 1 1 403
i 5303 1 1 268
i 5304 1 1 134
i 995 15 15 304688
i 995 5 5 140625
i 995 10 10 78125
i 563 2 2 54688
i 564 2 2 39062
i 11941 1 1 333333
i 2801 1 1 7812
i 23490 1 1 3876
i 21257 1 1 3663
i 888 3 3 39062
i 890 2 2 23438
i 560 2 2 23438
end
npc 2853 # Shadow warrior (lvl 48)
t 1 main
i 1623 1 1 15625
i 1621 1 1 7812
i 1619 1 1 3906
i 1452 1 1 1465
i 1462 1 1 1465
i 1617 1 1 977
i 830 5 5 488
i 987 1 1 488
i 985 1 1 488
i 1247 1 1 31
i 2366 1 1 15
i 1249 1 1 11
i 1245 1 1 7812
i 199 1 1 35211
i 201 1 1 26385
i 203 1 1 19763
i 205 1 1 15385
i 207 1 1 12092
i 209 1 1 8787
i 211 1 1 6592
i 213 1 1 5495
i 215 1 1 4394
i 2485 1 1 3296
i 1233 1 1 7812
i 217 1 1 3296
i 995 8 8 367188
i 2359 1 1 31250
i 187 1 1 7812
i 869 1 1 7812
i 1297 1 1 7812
i 581 1 1 7812
i 564 3 3 70312
i 565 2 2 46875
i 556 45 45 31250
i 560 2 2 31250
end
npc 2854 # Rat (lvl 1)
g 526 1 1
g 300 1 1
t 1 main
i 7836 1 1 250000
i 11941 1 1 66667
end
npc 2855 # Rat (lvl 1)
g 526 1 1
g 300 1 1
t 1 main
i 7836 1 1 250000
i 11941 1 1 66667
end
npc 2856 # Giant rat (lvl 3)
g 526 1 1
g 2134 1 1
g 7824 1 1
t 1 main
i 11941 1 1 66667
i 23182 1 1 7812
end
npc 2857 # Giant rat (lvl 3)
g 526 1 1
g 2134 1 1
g 7824 1 1
t 1 main
i 11941 1 1 66667
i 23182 1 1 7812
end
npc 2858 # Giant rat (lvl 3)
g 526 1 1
g 2134 1 1
g 7824 1 1
t 1 main
i 11941 1 1 66667
i 23182 1 1 7812
end
npc 2859 # Giant rat (lvl 3)
g 526 1 1
g 2134 1 1
g 7824 1 1
t 1 main
i 11941 1 1 66667
i 23182 1 1 7812
end
npc 2860 # Giant rat (lvl 3)
g 526 1 1
g 2134 1 1
g 7824 1 1
t 1 main
i 11941 1 1 66667
i 23182 1 1 7812
end
npc 2861 # Giant rat (lvl 3)
g 526 1 1
g 2134 1 1
g 7824 1 1
t 1 main
i 11941 1 1 66667
i 23182 1 1 7812
end
npc 2862 # Giant rat (lvl 6)
g 526 1 1
g 2134 1 1
g 7824 1 1
t 1 main
i 11941 1 1 66667
i 23182 1 1 7812
end
npc 2863 # Giant rat (lvl 6)
g 526 1 1
g 2134 1 1
g 7824 1 1
t 1 main
i 11941 1 1 66667
i 23182 1 1 7812
end
npc 2864 # Giant rat (lvl 6)
g 526 1 1
g 2134 1 1
g 7824 1 1
t 1 main
i 11941 1 1 66667
i 23182 1 1 7812
end
npc 2865 # Dungeon rat (lvl 12)
g 526 1 1
g 2134 1 1
g 7824 1 1
g 526 1 1
g 300 1 1
t 1 main
i 23182 1 1 7812
end
npc 2866 # Dungeon rat (lvl 12)
g 526 1 1
g 2134 1 1
g 7824 1 1
g 526 1 1
g 300 1 1
t 1 main
i 23182 1 1 7812
end
npc 2867 # Dungeon rat (lvl 12)
g 526 1 1
g 2134 1 1
g 7824 1 1
g 526 1 1
g 300 1 1
t 1 main
i 23182 1 1 7812
end
npc 2911 # Carnivorous chinchompa (lvl 2)
g 10034 1 1
end
npc 2916 # Waterfiend (lvl 115)
g 555 1 1
g 25766 1 1
t 1 main
i 1623 1 1 5859
i 1621 1 1 2930
i 1619 1 1 1465
i 1452 1 1 549
i 1462 1 1 549
i 1617 1 1 366
i 830 5 5 183
i 987 1 1 183
i 985 1 1 183
i 1247 1 1 11
i 2366 1 1 6
i 1249 1 1 4
i 2487 1 1 7812
i 1163 1 1 7812
i 9337 15 15 39062
i 888 90 90 78125
i 555 150 150 46875
i 565 17 17 23438
i 560 23 23 39062
i 4695 25 75 15625
i 4698 75 100 15625
i 4694 40 60 15625
i 447 10 20 31250
i 377 18 18 23438
i 383 8 8 23438
i 385 2 2 23438
i 2359 10 15 7812
i 1623 3 3 7812
i 1621 3 3 7812
i 1619 3 3 7812
i 1617 3 3 7812
i 199 1 1 17575
i 20730 1 1 333
i 201 1 1 13175
i 203 1 1 9891
i 205 1 1 7692
i 207 1 1 6042
i 209 1 1 4394
i 211 1 1 3296
i 213 1 1 2746
i 215 1 1 2197
i 2485 1 1 1648
i 217 1 1 1648
i 1383 1 1 46875
i 5296 1 1 6223
i 5297 1 1 4237
i 5281 1 1 4105
i 5106 1 1 2913
i 5298 1 1 2913
i 5280 1 1 2781
i 22873 1 1 1986
i 5299 1 1 1986
i 5300 1 1 1324
i 5301 1 1 927
i 1111 1 1 15625
i 5302 1 1 662
i 22879 3 3 530
i 5303 1 1 397
i 5304 1 1 265
i 5321 5 15 23438
i 995 2000 3000 117188
i 571 6 10 62500
i 227 40 50 31250
i 1444 1 1 31250
i 407 3 3 15625
i 1345 1 1 15625
i 401 20 30 15625
i 231 20 30 15625
i 1147 1 1 15625
i 23962 1 1 41667
i 23083 1 1 10309
i 2722 1 1 7812
i 1395 1 1 31250
i 1403 1 1 7812
end
npc 2917 # Waterfiend (lvl 115)
g 555 1 1
g 25766 1 1
t 1 main
i 1623 1 1 5859
i 1621 1 1 2930
i 1619 1 1 1465
i 1452 1 1 549
i 1462 1 1 549
i 1617 1 1 366
i 830 5 5 183
i 987 1 1 183
i 985 1 1 183
i 1247 1 1 11
i 2366 1 1 6
i 1249 1 1 4
i 2487 1 1 7812
i 1163 1 1 7812
i 9337 15 15 39062
i 888 90 90 78125
i 555 150 150 46875
i 565 17 17 23438
i 560 23 23 39062
i 4695 25 75 15625
i 4698 75 100 15625
i 4694 40 60 15625
i 447 10 20 31250
i 377 18 18 23438
i 383 8 8 23438
i 385 2 2 23438
i 2359 10 15 7812
i 1623 3 3 7812
i 1621 3 3 7812
i 1619 3 3 7812
i 1617 3 3 7812
i 199 1 1 17575
i 20730 1 1 333
i 201 1 1 13175
i 203 1 1 9891
i 205 1 1 7692
i 207 1 1 6042
i 209 1 1 4394
i 211 1 1 3296
i 213 1 1 2746
i 215 1 1 2197
i 2485 1 1 1648
i 217 1 1 1648
i 1383 1 1 46875
i 5296 1 1 6223
i 5297 1 1 4237
i 5281 1 1 4105
i 5106 1 1 2913
i 5298 1 1 2913
i 5280 1 1 2781
i 22873 1 1 1986
i 5299 1 1 1986
i 5300 1 1 1324
i 5301 1 1 927
i 1111 1 1 15625
i 5302 1 1 662
i 22879 3 3 530
i 5303 1 1 397
i 5304 1 1 265
i 5321 5 15 23438
i 995 2000 3000 117188
i 571 6 10 62500
i 227 40 50 31250
i 1444 1 1 31250
i 407 3 3 15625
i 1345 1 1 15625
i 401 20 30 15625
i 231 20 30 15625
i 1147 1 1 15625
i 23962 1 1 41667
i 23083 1 1 10309
i 2722 1 1 7812
i 1395 1 1 31250
i 1403 1 1 7812
end
npc 2918 # Brutal green dragon (lvl 227)
g 536 1 1
g 1753 2 2
t 1 main
i 1111 1 1 7812
i 1199 1 1 7812
i 1073 1 1 7812
i 1163 1 1 7812
i 1113 1 1 7812
i 565 20 20 226562
i 4699 35 35 62500
i 4694 37 37 46875
i 561 17 17 39062
i 563 15 15 23438
i 890 8 8 23438
i 199 1 1 29326
i 201 1 1 21978
i 203 1 1 16474
i 205 1 1 12821
i 207 1 1 10070
i 209 1 1 7326
i 211 1 1 5495
i 213 1 1 4577
i 215 1 1 3662
i 816 25 25 39062
i 2485 1 1 2746
i 217 1 1 2746
i 19582 12 12 78125
i 447 5 5 23438
i 995 242 242 85938
i 995 621 621 78125
i 2011 1 2 15625
i 1317 1 1 31250
i 11373 1 1 23438
i 867 8 8 23438
i 13510 1 1 35714
i 2722 1 1 7812
i 1145 1 1 23438
i 805 8 8 23438
i 1245 1 1 15625
end
npc 2919 # Mithril dragon (lvl 304)
g 536 1 1
g 2359 3 3
t 1 main
i 11335 1 1 31
i 565 27 27 148438
i 830 8 8 109375
i 9144 10 21 46875
i 566 10 10 39062
i 892 8 8 23438
i 385 1 1 46875
i 385 1 1 31250
i 11465 1 1 15625
i 385 6 6 15625
i 11469 1 1 15625
i 11497 1 1 15625
i 11485 1 1 15625
i 995 600 600 132812
i 995 876 876 54688
i 19582 15 15 54688
i 11338 1 1 23438
i 2363 2 2 23438
i 11341 1 1 15625
i 1373 1 1 62500
i 817 14 14 54688
i 1373 1 1 31250
i 23083 1 1 16949
i 12073 1 1 2857
i 11286 1 1 100
i 868 8 8 23438
i 1432 1 1 23438
i 1247 1 1 15625
i 1163 1 1 7812
end
npc 2920 # Confused barbarian (lvl 132)
g 11337 1 1
end
npc 2921 # Lost barbarian (lvl 132)
g 11337 1 1
end
npc 2946 # Nail beast (lvl 69)
g 532 1 1
g 10937 1 1
t 1 main
i 10976 1 1 2500
i 10977 1 1 200
end
npc 2947 # Nail beast (lvl 98)
g 532 1 1
g 10937 1 1
t 1 main
i 10976 1 1 2500
i 10977 1 1 200
end
npc 2948 # Nail beast (lvl 141)
g 532 1 1
g 10937 1 1
t 1 main
i 10976 1 1 2500
i 10977 1 1 200
end
npc 2954 # Zamorak wizard (lvl 65)
g 526 1 1
t 1 main
i 555 42 42 23438
i 555 126 126 15625
i 557 79 79 23438
i 557 86 86 31250
i 557 107 107 15625
i 554 51 51 23438
i 554 180 180 15625
i 564 25 25 7812
i 561 30 30 54688
i 563 9 9 7812
i 1035 1 1 23438
i 560 45 45 46875
i 565 8 8 93750
i 995 77 77 132812
i 995 89 89 195312
i 995 240 240 23438
i 11941 1 1 333333
i 1033 1 1 31250
i 1397 1 1 15625
i 1395 1 1 23438
i 1399 1 1 23438
i 1393 1 1 7812
i 556 60 60 23438
i 556 189 189 15625
end
npc 2955 # Saradomin wizard (lvl 108)
g 526 1 1
t 1 main
i 557 79 79 23438
i 557 86 86 31250
i 557 107 107 15625
i 554 51 51 23438
i 554 180 180 15625
i 564 25 25 7812
i 561 28 28 23438
i 561 30 30 54688
i 563 9 9 7812
i 563 10 10 31250
i 1397 1 1 15625
i 560 45 45 46875
i 565 8 8 93750
i 995 77 77 132812
i 995 89 89 195312
i 995 240 240 23438
i 1395 1 1 23438
i 1399 1 1 23438
i 1393 1 1 7812
i 556 60 60 23438
i 556 189 189 15625
i 555 42 42 23438
i 555 126 126 15625
end
npc 2978 # Big Snake (lvl 84)
g 526 1 1
g 7576 1 1
end
npc 2992 # Undead cow (lvl 2)
g 1739 1 1
g 4287 1 1
g 526 1 1
t 1 main
i 7890 1 1 250000
end
npc 2993 # Undead chicken (lvl 1)
g 526 1 1
g 4289 1 1
t 1 main
i 314 5 5 500000
i 314 15 15 250000
end
npc 2994 # Giant lobster (lvl 32)
t 1 main
i 1265 1 1 46875
i 436 3 3 15625
i 407 2 2 93750
i 407 1 1 70312
i 409 1 1 23438
i 409 3 3 7812
i 411 1 1 7812
i 995 4 4 226562
i 995 8 8 46875
i 995 36 36 62500
i 313 10 10 15625
i 1267 1 1 39062
i 45 5 5 15625
i 9683 1 1 15625
i 1969 1 1 7812
i 405 1 1 7812
i 401 1 1 31250
i 401 2 2 31250
i 401 5 5 15625
i 403 2 2 15625
i 438 3 3 31250
i 440 1 1 15625
i 453 2 2 15625
end
npc 2999 # Tortured soul (lvl 59)
t 1 main
i 559 7 7 54688
i 5323 1 1 19531
i 5292 1 1 18622
i 5104 1 1 13717
i 5293 1 1 12674
i 5311 1 1 12376
i 5321 1 1 9390
i 5294 1 1 8347
i 22879 1 1 5963
i 5295 1 1 5814
i 5105 1 1 5068
i 555 6 6 46875
i 5282 1 1 4323
i 5296 1 1 4026
i 5281 1 1 2684
i 5297 1 1 2684
i 5106 1 1 1938
i 5298 1 1 1789
i 5280 1 1 1789
i 5299 1 1 1342
i 22873 1 1 1193
i 5300 1 1 745
i 563 2 2 23438
i 5301 1 1 596
i 5302 1 1 447
i 5303 1 1 298
i 5304 1 1 149
i 995 12 12 7812
i 995 2 2 15625
i 995 6 6 23438
i 995 5 5 23438
i 995 3 3 234375
i 995 2 2 164062
i 205 1 1 39062
i 225 1 1 23438
i 227 1 1 7812
i 203 1 1 23438
i 201 1 1 15625
i 199 1 1 7812
i 207 1 1 7812
i 5100 1 1 20408
end
npc 3010 # Guard (lvl 21)
g 526 1 1
g 995 30 30
t 1 main
i 561 1 1 7812
i 886 5 5 7812
i 5318 4 4 52632
i 5319 4 4 40000
i 5324 4 4 26316
i 5322 3 3 12987
i 5320 3 3 6452
i 5323 2 2 3215
i 5321 2 2 1536
i 22879 2 2 1116
i 9140 2 12 78125
i 995 1 1 148438
i 995 7 7 125000
i 995 5 5 140625
i 995 12 12 70312
i 995 4 4 62500
i 995 25 25 31250
i 995 17 17 31250
i 995 30 30 15625
i 1203 1 1 46875
i 1446 1 1 23438
i 886 1 1 31250
i 1947 1 1 7812
i 440 1 1 7812
i 2801 1 1 7812
i 882 1 1 23438
i 556 6 6 15625
i 557 3 3 15625
i 554 2 2 15625
i 565 1 1 7812
i 562 1 1 7812
end
npc 3011 # Guard (lvl 21)
g 526 1 1
g 995 30 30
t 1 main
i 561 1 1 7812
i 886 5 5 7812
i 5318 4 4 52632
i 5319 4 4 40000
i 5324 4 4 26316
i 5322 3 3 12987
i 5320 3 3 6452
i 5323 2 2 3215
i 5321 2 2 1536
i 22879 2 2 1116
i 9140 2 12 78125
i 995 1 1 148438
i 995 7 7 125000
i 995 5 5 140625
i 995 12 12 70312
i 995 4 4 62500
i 995 25 25 31250
i 995 17 17 31250
i 995 30 30 15625
i 1203 1 1 46875
i 1446 1 1 23438
i 886 1 1 31250
i 1947 1 1 7812
i 440 1 1 7812
i 2801 1 1 7812
i 882 1 1 23438
i 556 6 6 15625
i 557 3 3 15625
i 554 2 2 15625
i 565 1 1 7812
i 562 1 1 7812
end
npc 3014 # Man (lvl 2)
g 526 1 1
t 1 main
i 199 1 1 44843
i 201 1 1 33670
i 203 1 1 25253
i 205 1 1 19646
i 207 1 1 15432
i 209 1 1 11236
i 211 1 1 8425
i 213 1 1 7018
i 215 1 1 5615
i 2485 1 1 4212
i 1139 1 1 15625
i 217 1 1 4212
i 995 3 3 296875
i 995 10 10 179688
i 995 5 5 70312
i 995 15 15 31250
i 995 25 25 7812
i 313 1 1 39062
i 436 1 1 15625
i 1440 1 1 15625
i 1965 1 1 7812
i 1203 1 1 7812
i 11941 1 1 66667
i 23182 1 1 11111
i 2677 1 1 7812
i 877 2 12 171875
i 882 7 7 23438
i 557 4 4 15625
i 554 6 6 15625
i 558 9 9 15625
i 562 2 2 7812
end
npc 3015 # Woman (lvl 2)
g 526 1 1
t 1 main
i 199 1 1 44843
i 201 1 1 33670
i 203 1 1 25253
i 205 1 1 19646
i 207 1 1 15432
i 209 1 1 11236
i 211 1 1 8425
i 213 1 1 7018
i 215 1 1 5615
i 2485 1 1 4212
i 1139 1 1 15625
i 217 1 1 4212
i 995 3 3 296875
i 995 10 10 179688
i 995 5 5 70312
i 995 15 15 31250
i 995 25 25 7812
i 313 1 1 39062
i 436 1 1 15625
i 1440 1 1 15625
i 1965 1 1 7812
i 1203 1 1 7812
i 23182 1 1 11111
i 2677 1 1 7812
i 877 2 12 171875
i 882 7 7 23438
i 557 4 4 15625
i 554 6 6 15625
i 558 9 9 15625
i 562 2 2 7812
end
npc 3016 # Shadow spider (lvl 52)
t 1 main
i 11941 1 1 333333
i 23182 1 1 7812
i 23490 1 1 2985
i 21257 1 1 3623
end
npc 3017 # Giant spider (lvl 2)
t 1 main
i 11941 1 1 66667
i 23182 1 1 7812
i 23490 1 1 519
i 21257 1 1 3165
end
npc 3018 # Giant spider (lvl 27)
t 1 main
i 11941 1 1 66667
i 23182 1 1 7812
i 23490 1 1 519
i 21257 1 1 3165
end
npc 3019 # Spider (lvl 1)
t 1 main
i 11941 1 1 66667
i 23182 1 1 7812
i 23490 1 1 507
i 21257 1 1 3135
end
npc 3020 # Jungle spider (lvl 44)
g 6291 1 1
end
npc 3021 # Deadly red spider (lvl 34)
t 1 main
i 11941 1 1 250000
i 23182 1 1 7812
i 23490 1 1 1362
i 21257 1 1 3425
end
npc 3022 # Ice spider (lvl 61)
t 1 main
i 11941 1 1 333333
i 23182 1 1 7812
i 23490 1 1 4808
i 21257 1 1 3731
end
npc 3023 # Poison spider (lvl 64)
t 1 main
i 11941 1 1 333333
i 23182 1 1 7812
i 23490 1 1 5682
i 21257 1 1 3717
end
npc 3024 # Scorpion (lvl 14)
g 4569 1 1
t 1 main
i 11941 1 1 100000
i 13459 1 1 40000
i 23182 1 1 10000
i 23490 1 1 711
i 21257 1 1 3257
end
npc 3025 # Poison Scorpion (lvl 20)
t 1 main
i 13459 1 1 40000
i 23182 1 1 10000
end
npc 3026 # Pit Scorpion (lvl 28)
t 1 main
i 13459 1 1 40000
i 23182 1 1 10000
end
npc 3027 # King Scorpion (lvl 32)
t 1 main
i 11941 1 1 250000
i 13459 1 1 40000
i 23182 1 1 10000
i 23490 1 1 1264
i 21257 1 1 3378
end
npc 3028 # Goblin (lvl 2)
g 526 1 1
t 1 main
i 995 15 15 23438
i 995 20 20 15625
i 995 1 1 7812
i 2347 1 1 117188
i 10999 1 1 15625
i 288 1 1 39062
i 1949 1 1 23438
i 1917 1 1 15625
i 1009 1 1 7812
i 1438 1 1 7812
i 1173 1 1 23438
i 7812 1 1 250000
i 13447 1 1 28571
i 11942 1 1 16667
i 23182 1 1 15625
i 2677 1 1 7812
i 6801 1 1 200
i 1237 1 1 31250
i 559 7 7 39062
i 555 6 6 46875
i 557 4 4 23438
i 877 8 8 23438
i 995 5 5 218750
i 995 9 9 23438
end
npc 3029 # Goblin (lvl 2)
g 526 1 1
t 1 main
i 995 15 15 23438
i 995 20 20 15625
i 995 1 1 7812
i 2347 1 1 117188
i 10999 1 1 15625
i 288 1 1 39062
i 1949 1 1 23438
i 1917 1 1 15625
i 1009 1 1 7812
i 1438 1 1 7812
i 1173 1 1 23438
i 7812 1 1 250000
i 13447 1 1 28571
i 11942 1 1 16667
i 23182 1 1 15625
i 2677 1 1 7812
i 6801 1 1 200
i 1237 1 1 31250
i 559 7 7 39062
i 555 6 6 46875
i 557 4 4 23438
i 877 8 8 23438
i 995 5 5 218750
i 995 9 9 23438
end
npc 3030 # Goblin (lvl 2)
g 526 1 1
t 1 main
i 995 15 15 23438
i 995 20 20 15625
i 995 1 1 7812
i 2347 1 1 117188
i 10999 1 1 15625
i 288 1 1 39062
i 1949 1 1 23438
i 1917 1 1 15625
i 1009 1 1 7812
i 1438 1 1 7812
i 1173 1 1 23438
i 7812 1 1 250000
i 13447 1 1 28571
i 11942 1 1 16667
i 23182 1 1 15625
i 2677 1 1 7812
i 6801 1 1 200
i 1237 1 1 31250
i 559 7 7 39062
i 555 6 6 46875
i 557 4 4 23438
i 877 8 8 23438
i 995 5 5 218750
i 995 9 9 23438
end
npc 3031 # Goblin (lvl 2)
g 526 1 1
t 1 main
i 995 15 15 23438
i 995 20 20 15625
i 995 1 1 7812
i 2347 1 1 117188
i 10999 1 1 15625
i 288 1 1 39062
i 1949 1 1 23438
i 1917 1 1 15625
i 1009 1 1 7812
i 1438 1 1 7812
i 1173 1 1 23438
i 7812 1 1 250000
i 13447 1 1 28571
i 11942 1 1 16667
i 23182 1 1 15625
i 2677 1 1 7812
i 6801 1 1 200
i 1237 1 1 31250
i 559 7 7 39062
i 555 6 6 46875
i 557 4 4 23438
i 877 8 8 23438
i 995 5 5 218750
i 995 9 9 23438
end
npc 3032 # Goblin (lvl 2)
g 526 1 1
t 1 main
i 995 15 15 23438
i 995 20 20 15625
i 995 1 1 7812
i 2347 1 1 117188
i 10999 1 1 15625
i 288 1 1 39062
i 1949 1 1 23438
i 1917 1 1 15625
i 1009 1 1 7812
i 1438 1 1 7812
i 1173 1 1 23438
i 7812 1 1 250000
i 13447 1 1 28571
i 11942 1 1 16667
i 23182 1 1 15625
i 2677 1 1 7812
i 6801 1 1 200
i 1237 1 1 31250
i 559 7 7 39062
i 555 6 6 46875
i 557 4 4 23438
i 877 8 8 23438
i 995 5 5 218750
i 995 9 9 23438
end
npc 3033 # Goblin (lvl 2)
g 526 1 1
t 1 main
i 995 15 15 23438
i 995 20 20 15625
i 995 1 1 7812
i 2347 1 1 117188
i 10999 1 1 15625
i 288 1 1 39062
i 1949 1 1 23438
i 1917 1 1 15625
i 1009 1 1 7812
i 1438 1 1 7812
i 1173 1 1 23438
i 7812 1 1 250000
i 13447 1 1 28571
i 11942 1 1 16667
i 23182 1 1 15625
i 2677 1 1 7812
i 6801 1 1 200
i 1237 1 1 31250
i 559 7 7 39062
i 555 6 6 46875
i 557 4 4 23438
i 877 8 8 23438
i 995 5 5 218750
i 995 9 9 23438
end
npc 3034 # Goblin (lvl 2)
g 526 1 1
t 1 main
i 995 15 15 23438
i 995 20 20 15625
i 995 1 1 7812
i 2347 1 1 117188
i 10999 1 1 15625
i 288 1 1 39062
i 1949 1 1 23438
i 1917 1 1 15625
i 1009 1 1 7812
i 1438 1 1 7812
i 1173 1 1 23438
i 7812 1 1 250000
i 13447 1 1 28571
i 11942 1 1 16667
i 23182 1 1 15625
i 2677 1 1 7812
i 6801 1 1 200
i 1237 1 1 31250
i 559 7 7 39062
i 555 6 6 46875
i 557 4 4 23438
i 877 8 8 23438
i 995 5 5 218750
i 995 9 9 23438
end
npc 3035 # Goblin (lvl 2)
g 526 1 1
t 1 main
i 995 15 15 23438
i 995 20 20 15625
i 995 1 1 7812
i 2347 1 1 117188
i 10999 1 1 15625
i 288 1 1 39062
i 1949 1 1 23438
i 1917 1 1 15625
i 1009 1 1 7812
i 1438 1 1 7812
i 1173 1 1 23438
i 7812 1 1 250000
i 13447 1 1 28571
i 11942 1 1 16667
i 23182 1 1 15625
i 2677 1 1 7812
i 6801 1 1 200
i 1237 1 1 31250
i 559 7 7 39062
i 555 6 6 46875
i 557 4 4 23438
i 877 8 8 23438
i 995 5 5 218750
i 995 9 9 23438
end
npc 3036 # Goblin (lvl 2)
g 526 1 1
t 1 main
i 995 15 15 23438
i 995 20 20 15625
i 995 1 1 7812
i 2347 1 1 117188
i 10999 1 1 15625
i 288 1 1 39062
i 1949 1 1 23438
i 1917 1 1 15625
i 1009 1 1 7812
i 1438 1 1 7812
i 1173 1 1 23438
i 7812 1 1 250000
i 13447 1 1 28571
i 11942 1 1 16667
i 23182 1 1 15625
i 2677 1 1 7812
i 6801 1 1 200
i 1237 1 1 31250
i 559 7 7 39062
i 555 6 6 46875
i 557 4 4 23438
i 877 8 8 23438
i 995 5 5 218750
i 995 9 9 23438
end
npc 3037 # Goblin (lvl 2)
g 526 1 1
t 1 main
i 995 15 15 23438
i 995 20 20 15625
i 995 1 1 7812
i 2347 1 1 117188
i 10999 1 1 15625
i 288 1 1 39062
i 1949 1 1 23438
i 1917 1 1 15625
i 1009 1 1 7812
i 1438 1 1 7812
i 1173 1 1 23438
i 7812 1 1 250000
i 13447 1 1 28571
i 11942 1 1 16667
i 23182 1 1 15625
i 2677 1 1 7812
i 6801 1 1 200
i 1237 1 1 31250
i 559 7 7 39062
i 555 6 6 46875
i 557 4 4 23438
i 877 8 8 23438
i 995 5 5 218750
i 995 9 9 23438
end
npc 3038 # Goblin (lvl 2)
g 526 1 1
t 1 main
i 995 15 15 23438
i 995 20 20 15625
i 995 1 1 7812
i 2347 1 1 117188
i 10999 1 1 15625
i 288 1 1 39062
i 1949 1 1 23438
i 1917 1 1 15625
i 1009 1 1 7812
i 1438 1 1 7812
i 1173 1 1 23438
i 7812 1 1 250000
i 13447 1 1 28571
i 11942 1 1 16667
i 23182 1 1 15625
i 2677 1 1 7812
i 6801 1 1 200
i 1237 1 1 31250
i 559 7 7 39062
i 555 6 6 46875
i 557 4 4 23438
i 877 8 8 23438
i 995 5 5 218750
i 995 9 9 23438
end
npc 3039 # Goblin (lvl 2)
g 526 1 1
t 1 main
i 995 15 15 23438
i 995 20 20 15625
i 995 1 1 7812
i 2347 1 1 117188
i 10999 1 1 15625
i 288 1 1 39062
i 1949 1 1 23438
i 1917 1 1 15625
i 1009 1 1 7812
i 1438 1 1 7812
i 1173 1 1 23438
i 7812 1 1 250000
i 13447 1 1 28571
i 11942 1 1 16667
i 23182 1 1 15625
i 2677 1 1 7812
i 6801 1 1 200
i 1237 1 1 31250
i 559 7 7 39062
i 555 6 6 46875
i 557 4 4 23438
i 877 8 8 23438
i 995 5 5 218750
i 995 9 9 23438
end
npc 3040 # Goblin (lvl 2)
g 526 1 1
t 1 main
i 995 15 15 23438
i 995 20 20 15625
i 995 1 1 7812
i 2347 1 1 117188
i 10999 1 1 15625
i 288 1 1 39062
i 1949 1 1 23438
i 1917 1 1 15625
i 1009 1 1 7812
i 1438 1 1 7812
i 1173 1 1 23438
i 7812 1 1 250000
i 13447 1 1 28571
i 11942 1 1 16667
i 23182 1 1 15625
i 2677 1 1 7812
i 6801 1 1 200
i 1237 1 1 31250
i 559 7 7 39062
i 555 6 6 46875
i 557 4 4 23438
i 877 8 8 23438
i 995 5 5 218750
i 995 9 9 23438
end
npc 3041 # Goblin (lvl 2)
g 526 1 1
t 1 main
i 995 15 15 23438
i 995 20 20 15625
i 995 1 1 7812
i 2347 1 1 117188
i 10999 1 1 15625
i 288 1 1 39062
i 1949 1 1 23438
i 1917 1 1 15625
i 1009 1 1 7812
i 1438 1 1 7812
i 1173 1 1 23438
i 7812 1 1 250000
i 13447 1 1 28571
i 11942 1 1 16667
i 23182 1 1 15625
i 2677 1 1 7812
i 6801 1 1 200
i 1237 1 1 31250
i 559 7 7 39062
i 555 6 6 46875
i 557 4 4 23438
i 877 8 8 23438
i 995 5 5 218750
i 995 9 9 23438
end
npc 3042 # Goblin (lvl 2)
g 526 1 1
t 1 main
i 995 15 15 23438
i 995 20 20 15625
i 995 1 1 7812
i 2347 1 1 117188
i 10999 1 1 15625
i 288 1 1 39062
i 1949 1 1 23438
i 1917 1 1 15625
i 1009 1 1 7812
i 1438 1 1 7812
i 1173 1 1 23438
i 7812 1 1 250000
i 13447 1 1 28571
i 11942 1 1 16667
i 23182 1 1 15625
i 2677 1 1 7812
i 6801 1 1 200
i 1237 1 1 31250
i 559 7 7 39062
i 555 6 6 46875
i 557 4 4 23438
i 877 8 8 23438
i 995 5 5 218750
i 995 9 9 23438
end
npc 3043 # Goblin (lvl 2)
g 526 1 1
t 1 main
i 995 15 15 23438
i 995 20 20 15625
i 995 1 1 7812
i 2347 1 1 117188
i 10999 1 1 15625
i 288 1 1 39062
i 1949 1 1 23438
i 1917 1 1 15625
i 1009 1 1 7812
i 1438 1 1 7812
i 1173 1 1 23438
i 7812 1 1 250000
i 13447 1 1 28571
i 11942 1 1 16667
i 23182 1 1 15625
i 2677 1 1 7812
i 6801 1 1 200
i 1237 1 1 31250
i 559 7 7 39062
i 555 6 6 46875
i 557 4 4 23438
i 877 8 8 23438
i 995 5 5 218750
i 995 9 9 23438
end
npc 3044 # Goblin (lvl 2)
g 526 1 1
t 1 main
i 995 15 15 23438
i 995 20 20 15625
i 995 1 1 7812
i 2347 1 1 117188
i 10999 1 1 15625
i 288 1 1 39062
i 1949 1 1 23438
i 1917 1 1 15625
i 1009 1 1 7812
i 1438 1 1 7812
i 1173 1 1 23438
i 7812 1 1 250000
i 13447 1 1 28571
i 11942 1 1 16667
i 23182 1 1 15625
i 2677 1 1 7812
i 6801 1 1 200
i 1237 1 1 31250
i 559 7 7 39062
i 555 6 6 46875
i 557 4 4 23438
i 877 8 8 23438
i 995 5 5 218750
i 995 9 9 23438
end
npc 3045 # Goblin (lvl 5)
g 526 1 1
t 1 main
i 995 15 15 23438
i 995 20 20 15625
i 995 1 1 7812
i 2347 1 1 117188
i 10999 1 1 15625
i 288 1 1 39062
i 1949 1 1 23438
i 1917 1 1 15625
i 1009 1 1 7812
i 1438 1 1 7812
i 1173 1 1 23438
i 7812 1 1 250000
i 13447 1 1 28571
i 11942 1 1 16667
i 23182 1 1 15625
i 2677 1 1 7812
i 6801 1 1 200
i 1237 1 1 31250
i 559 7 7 39062
i 555 6 6 46875
i 557 4 4 23438
i 877 8 8 23438
i 995 5 5 218750
i 995 9 9 23438
end
npc 3046 # Goblin (lvl 13)
g 526 1 1
t 1 main
i 995 15 15 23438
i 995 20 20 15625
i 995 1 1 7812
i 2347 1 1 117188
i 10999 1 1 15625
i 288 1 1 39062
i 1949 1 1 23438
i 1917 1 1 15625
i 1009 1 1 7812
i 1438 1 1 7812
i 1173 1 1 23438
i 7812 1 1 250000
i 13447 1 1 28571
i 11942 1 1 16667
i 23182 1 1 15625
i 2677 1 1 7812
i 6801 1 1 200
i 1237 1 1 31250
i 559 7 7 39062
i 555 6 6 46875
i 557 4 4 23438
i 877 8 8 23438
i 995 5 5 218750
i 995 9 9 23438
end
npc 3047 # Goblin (lvl 5)
g 526 1 1
t 1 main
i 995 15 15 23438
i 995 20 20 15625
i 995 1 1 7812
i 2347 1 1 117188
i 10999 1 1 15625
i 288 1 1 39062
i 1949 1 1 23438
i 1917 1 1 15625
i 1009 1 1 7812
i 1438 1 1 7812
i 1173 1 1 23438
i 7812 1 1 250000
i 13447 1 1 28571
i 11942 1 1 16667
i 23182 1 1 15625
i 2677 1 1 7812
i 6801 1 1 200
i 1237 1 1 31250
i 559 7 7 39062
i 555 6 6 46875
i 557 4 4 23438
i 877 8 8 23438
i 995 5 5 218750
i 995 9 9 23438
end
npc 3048 # Goblin (lvl 5)
g 526 1 1
t 1 main
i 995 15 15 23438
i 995 20 20 15625
i 995 1 1 7812
i 2347 1 1 117188
i 10999 1 1 15625
i 288 1 1 39062
i 1949 1 1 23438
i 1917 1 1 15625
i 1009 1 1 7812
i 1438 1 1 7812
i 1173 1 1 23438
i 7812 1 1 250000
i 13447 1 1 28571
i 11942 1 1 16667
i 23182 1 1 15625
i 2677 1 1 7812
i 6801 1 1 200
i 1237 1 1 31250
i 559 7 7 39062
i 555 6 6 46875
i 557 4 4 23438
i 877 8 8 23438
i 995 5 5 218750
i 995 9 9 23438
end
npc 3049 # Hobgoblin (lvl 28)
g 526 1 1
g 526 1 1
t 1 main
i 1623 1 1 3906
i 1621 1 1 1953
i 1619 1 1 977
i 1452 1 1 366
i 1462 1 1 366
i 1617 1 1 244
i 830 5 5 122
i 987 1 1 122
i 985 1 1 122
i 1247 1 1 8
i 2366 1 1 4
i 1249 1 1 3
i 554 7 7 15625
i 5282 1 1 2594
i 5296 1 1 2415
i 5281 1 1 1610
i 5297 1 1 1610
i 5106 1 1 1163
i 5298 1 1 1073
i 5280 1 1 1073
i 5299 1 1 805
i 22873 1 1 716
i 5300 1 1 447
i 559 6 6 15625
i 5301 1 1 358
i 5302 1 1 268
i 5303 1 1 179
i 5304 1 1 89
i 995 15 15 265625
i 995 5 5 187500
i 995 10 10 54688
i 995 28 28 31250
i 995 62 62 31250
i 995 42 42 23438
i 562 3 3 15625
i 995 1 1 23438
i 995 1 1 7812
i 225 1 1 164062
i 288 1 1 39062
i 561 4 4 15625
i 11941 1 1 333333
i 11942 1 1 16667
i 23182 1 1 14286
i 6802 1 1 200
i 564 2 2 7812
i 199 1 1 13680
i 201 1 1 10256
i 203 1 1 7692
i 205 1 1 5981
i 207 1 1 4699
i 1237 1 1 23438
i 209 1 1 3418
i 211 1 1 2563
i 213 1 1 2136
i 215 1 1 1709
i 2485 1 1 1282
i 217 1 1 1282
i 5318 4 4 52632
i 5319 4 4 40000
i 5324 4 4 26316
i 5322 3 3 12987
i 1279 1 1 23438
i 5320 3 3 6452
i 5323 2 2 3215
i 5321 2 2 1536
i 22879 2 2 1116
i 995 5 5 140625
i 995 15 15 125000
i 995 28 28 125000
i 995 5 5 93750
i 995 10 10 54688
i 995 62 62 31250
i 1207 1 1 23438
i 995 42 42 23438
i 995 1 1 7812
i 6306 1 1 7812
i 6306 5 5 93750
i 6306 15 15 125000
i 6306 28 28 125000
i 6306 42 42 23438
i 6306 62 62 31250
i 225 1 1 171875
i 288 1 1 39062
i 1239 1 1 15625
i 1241 1 1 15625
i 11941 1 1 200000
i 11942 1 1 16667
i 23182 1 1 14286
i 6802 1 1 200
i 1279 1 1 23438
i 1207 1 1 23438
i 1295 1 1 7812
i 1295 1 1 7812
i 563 2 2 23438
i 555 2 2 15625
i 554 7 7 15625
i 559 6 6 15625
i 562 3 3 15625
i 561 4 4 15625
i 564 2 2 7812
i 826 5 5 7812
i 199 1 1 13680
i 201 1 1 10256
i 563 2 2 23438
i 203 1 1 7692
i 205 1 1 5981
i 207 1 1 4699
i 209 1 1 3418
i 211 1 1 2563
i 213 1 1 2136
i 215 1 1 1709
i 2485 1 1 1282
i 217 1 1 1282
i 5100 1 1 12255
i 555 2 2 15625
i 5323 1 1 11723
i 5292 1 1 11186
i 5104 1 1 8230
i 5293 1 1 7605
i 5311 1 1 7424
i 5321 1 1 5637
i 5294 1 1 5010
i 22879 1 1 3578
i 5295 1 1 3489
i 5105 1 1 3041
end
npc 3050 # Hobgoblin (lvl 42)
g 526 1 1
g 526 1 1
t 1 main
i 1623 1 1 3906
i 1621 1 1 1953
i 1619 1 1 977
i 1452 1 1 366
i 1462 1 1 366
i 1617 1 1 244
i 830 5 5 122
i 987 1 1 122
i 985 1 1 122
i 1247 1 1 8
i 2366 1 1 4
i 1249 1 1 3
i 554 7 7 15625
i 5282 1 1 2594
i 5296 1 1 2415
i 5281 1 1 1610
i 5297 1 1 1610
i 5106 1 1 1163
i 5298 1 1 1073
i 5280 1 1 1073
i 5299 1 1 805
i 22873 1 1 716
i 5300 1 1 447
i 559 6 6 15625
i 5301 1 1 358
i 5302 1 1 268
i 5303 1 1 179
i 5304 1 1 89
i 995 15 15 265625
i 995 5 5 187500
i 995 10 10 54688
i 995 28 28 31250
i 995 62 62 31250
i 995 42 42 23438
i 562 3 3 15625
i 995 1 1 23438
i 995 1 1 7812
i 225 1 1 164062
i 288 1 1 39062
i 561 4 4 15625
i 11941 1 1 333333
i 11942 1 1 16667
i 23182 1 1 14286
i 6802 1 1 200
i 564 2 2 7812
i 199 1 1 13680
i 201 1 1 10256
i 203 1 1 7692
i 205 1 1 5981
i 207 1 1 4699
i 1237 1 1 23438
i 209 1 1 3418
i 211 1 1 2563
i 213 1 1 2136
i 215 1 1 1709
i 2485 1 1 1282
i 217 1 1 1282
i 5318 4 4 52632
i 5319 4 4 40000
i 5324 4 4 26316
i 5322 3 3 12987
i 1279 1 1 23438
i 5320 3 3 6452
i 5323 2 2 3215
i 5321 2 2 1536
i 22879 2 2 1116
i 995 5 5 140625
i 995 15 15 125000
i 995 28 28 125000
i 995 5 5 93750
i 995 10 10 54688
i 995 62 62 31250
i 1207 1 1 23438
i 995 42 42 23438
i 995 1 1 7812
i 6306 1 1 7812
i 6306 5 5 93750
i 6306 15 15 125000
i 6306 28 28 125000
i 6306 42 42 23438
i 6306 62 62 31250
i 225 1 1 171875
i 288 1 1 39062
i 1239 1 1 15625
i 1241 1 1 15625
i 11941 1 1 200000
i 11942 1 1 16667
i 23182 1 1 14286
i 6802 1 1 200
i 1279 1 1 23438
i 1207 1 1 23438
i 1295 1 1 7812
i 1295 1 1 7812
i 563 2 2 23438
i 555 2 2 15625
i 554 7 7 15625
i 559 6 6 15625
i 562 3 3 15625
i 561 4 4 15625
i 564 2 2 7812
i 826 5 5 7812
i 199 1 1 13680
i 201 1 1 10256
i 563 2 2 23438
i 203 1 1 7692
i 205 1 1 5981
i 207 1 1 4699
i 209 1 1 3418
i 211 1 1 2563
i 213 1 1 2136
i 215 1 1 1709
i 2485 1 1 1282
i 217 1 1 1282
i 5100 1 1 12255
i 555 2 2 15625
i 5323 1 1 11723
i 5292 1 1 11186
i 5104 1 1 8230
i 5293 1 1 7605
i 5311 1 1 7424
i 5321 1 1 5637
i 5294 1 1 5010
i 22879 1 1 3578
i 5295 1 1 3489
i 5105 1 1 3041
end
npc 3051 # Goblin (lvl 2)
g 526 1 1
t 1 main
i 995 15 15 23438
i 995 20 20 15625
i 995 1 1 7812
i 2347 1 1 117188
i 10999 1 1 15625
i 288 1 1 39062
i 1949 1 1 23438
i 1917 1 1 15625
i 1009 1 1 7812
i 1438 1 1 7812
i 1173 1 1 23438
i 7812 1 1 250000
i 13447 1 1 28571
i 11942 1 1 16667
i 23182 1 1 15625
i 2677 1 1 7812
i 6801 1 1 200
i 1237 1 1 31250
i 559 7 7 39062
i 555 6 6 46875
i 557 4 4 23438
i 877 8 8 23438
i 995 5 5 218750
i 995 9 9 23438
end
npc 3052 # Goblin (lvl 2)
g 526 1 1
t 1 main
i 995 15 15 23438
i 995 20 20 15625
i 995 1 1 7812
i 2347 1 1 117188
i 10999 1 1 15625
i 288 1 1 39062
i 1949 1 1 23438
i 1917 1 1 15625
i 1009 1 1 7812
i 1438 1 1 7812
i 1173 1 1 23438
i 7812 1 1 250000
i 13447 1 1 28571
i 11942 1 1 16667
i 23182 1 1 15625
i 2677 1 1 7812
i 6801 1 1 200
i 1237 1 1 31250
i 559 7 7 39062
i 555 6 6 46875
i 557 4 4 23438
i 877 8 8 23438
i 995 5 5 218750
i 995 9 9 23438
end
npc 3053 # Goblin (lvl 2)
g 526 1 1
t 1 main
i 995 15 15 23438
i 995 20 20 15625
i 995 1 1 7812
i 2347 1 1 117188
i 10999 1 1 15625
i 288 1 1 39062
i 1949 1 1 23438
i 1917 1 1 15625
i 1009 1 1 7812
i 1438 1 1 7812
i 1173 1 1 23438
i 7812 1 1 250000
i 13447 1 1 28571
i 11942 1 1 16667
i 23182 1 1 15625
i 2677 1 1 7812
i 6801 1 1 200
i 1237 1 1 31250
i 559 7 7 39062
i 555 6 6 46875
i 557 4 4 23438
i 877 8 8 23438
i 995 5 5 218750
i 995 9 9 23438
end
npc 3054 # Goblin (lvl 2)
g 526 1 1
t 1 main
i 995 15 15 23438
i 995 20 20 15625
i 995 1 1 7812
i 2347 1 1 117188
i 10999 1 1 15625
i 288 1 1 39062
i 1949 1 1 23438
i 1917 1 1 15625
i 1009 1 1 7812
i 1438 1 1 7812
i 1173 1 1 23438
i 7812 1 1 250000
i 13447 1 1 28571
i 11942 1 1 16667
i 23182 1 1 15625
i 2677 1 1 7812
i 6801 1 1 200
i 1237 1 1 31250
i 559 7 7 39062
i 555 6 6 46875
i 557 4 4 23438
i 877 8 8 23438
i 995 5 5 218750
i 995 9 9 23438
end
npc 3055 # Barbarian (lvl 17)
g 526 1 1
t 1 main
i 1349 1 1 46875
i 1375 1 1 31250
i 1420 1 1 7812
i 882 10 10 31250
i 562 3 3 31250
i 884 8 8 23438
i 557 5 5 23438
i 558 10 10 15625
i 554 8 8 15625
i 563 2 2 7812
i 995 8 8 328125
i 995 12 12 70312
i 995 25 25 39062
i 995 32 32 23438
i 2142 1 1 7812
i 1595 1 1 7812
i 1917 1 1 7812
i 948 1 1 7812
i 956 1 1 7812
i 23182 1 1 18182
i 2677 1 1 7812
end
npc 3056 # Barbarian (lvl 10)
g 526 1 1
t 1 main
i 563 2 2 7812
i 995 5 5 328125
i 995 8 8 70312
i 995 17 17 39062
i 995 27 27 23438
i 438 1 1 7812
i 948 1 1 7812
i 1917 1 1 7812
i 2142 1 1 7812
i 956 1 1 7812
i 1351 1 1 46875
i 1592 1 1 7812
i 1379 1 1 31250
i 23182 1 1 13333
i 2677 1 1 7812
i 1420 1 1 7812
i 562 2 2 31250
i 882 15 15 23438
i 557 2 2 23438
i 554 5 5 15625
i 558 5 5 15625
end
npc 3057 # Barbarian (lvl 17)
g 526 1 1
t 1 main
i 1349 1 1 46875
i 1375 1 1 31250
i 1420 1 1 7812
i 882 10 10 31250
i 562 3 3 31250
i 884 8 8 23438
i 557 5 5 23438
i 558 10 10 15625
i 554 8 8 15625
i 563 2 2 7812
i 995 8 8 328125
i 995 12 12 70312
i 995 25 25 39062
i 995 32 32 23438
i 2142 1 1 7812
i 1595 1 1 7812
i 1917 1 1 7812
i 948 1 1 7812
i 956 1 1 7812
i 23182 1 1 18182
i 2677 1 1 7812
end
npc 3058 # Barbarian (lvl 17)
g 526 1 1
t 1 main
i 1349 1 1 46875
i 1375 1 1 31250
i 1420 1 1 7812
i 882 10 10 31250
i 562 3 3 31250
i 884 8 8 23438
i 557 5 5 23438
i 558 10 10 15625
i 554 8 8 15625
i 563 2 2 7812
i 995 8 8 328125
i 995 12 12 70312
i 995 25 25 39062
i 995 32 32 23438
i 2142 1 1 7812
i 1595 1 1 7812
i 1917 1 1 7812
i 948 1 1 7812
i 956 1 1 7812
i 23182 1 1 18182
i 2677 1 1 7812
end
npc 3059 # Barbarian (lvl 10)
g 526 1 1
t 1 main
i 563 2 2 7812
i 995 5 5 328125
i 995 8 8 70312
i 995 17 17 39062
i 995 27 27 23438
i 438 1 1 7812
i 948 1 1 7812
i 1917 1 1 7812
i 2142 1 1 7812
i 956 1 1 7812
i 1351 1 1 46875
i 1592 1 1 7812
i 1379 1 1 31250
i 23182 1 1 13333
i 2677 1 1 7812
i 1420 1 1 7812
i 562 2 2 31250
i 882 15 15 23438
i 557 2 2 23438
i 554 5 5 15625
i 558 5 5 15625
end
npc 3060 # Barbarian (lvl 10)
g 526 1 1
t 1 main
i 563 2 2 7812
i 995 5 5 328125
i 995 8 8 70312
i 995 17 17 39062
i 995 27 27 23438
i 438 1 1 7812
i 948 1 1 7812
i 1917 1 1 7812
i 2142 1 1 7812
i 956 1 1 7812
i 1351 1 1 46875
i 1592 1 1 7812
i 1379 1 1 31250
i 23182 1 1 13333
i 2677 1 1 7812
i 1420 1 1 7812
i 562 2 2 31250
i 882 15 15 23438
i 557 2 2 23438
i 554 5 5 15625
i 558 5 5 15625
end
npc 3061 # Barbarian (lvl 10)
g 526 1 1
t 1 main
i 563 2 2 7812
i 995 5 5 328125
i 995 8 8 70312
i 995 17 17 39062
i 995 27 27 23438
i 438 1 1 7812
i 948 1 1 7812
i 1917 1 1 7812
i 2142 1 1 7812
i 956 1 1 7812
i 1351 1 1 46875
i 1592 1 1 7812
i 1379 1 1 31250
i 23182 1 1 13333
i 2677 1 1 7812
i 1420 1 1 7812
i 562 2 2 31250
i 882 15 15 23438
i 557 2 2 23438
i 554 5 5 15625
i 558 5 5 15625
end
npc 3062 # Barbarian (lvl 17)
g 526 1 1
t 1 main
i 1349 1 1 46875
i 1375 1 1 31250
i 1420 1 1 7812
i 882 10 10 31250
i 562 3 3 31250
i 884 8 8 23438
i 557 5 5 23438
i 558 10 10 15625
i 554 8 8 15625
i 563 2 2 7812
i 995 8 8 328125
i 995 12 12 70312
i 995 25 25 39062
i 995 32 32 23438
i 2142 1 1 7812
i 1595 1 1 7812
i 1917 1 1 7812
i 948 1 1 7812
i 956 1 1 7812
i 23182 1 1 18182
i 2677 1 1 7812
end
npc 3064 # Barbarian (lvl 10)
g 526 1 1
t 1 main
i 563 2 2 7812
i 995 5 5 328125
i 995 8 8 70312
i 995 17 17 39062
i 995 27 27 23438
i 438 1 1 7812
i 948 1 1 7812
i 1917 1 1 7812
i 2142 1 1 7812
i 956 1 1 7812
i 1351 1 1 46875
i 1592 1 1 7812
i 1379 1 1 31250
i 23182 1 1 13333
i 2677 1 1 7812
i 1420 1 1 7812
i 562 2 2 31250
i 882 15 15 23438
i 557 2 2 23438
i 554 5 5 15625
i 558 5 5 15625
end
npc 3065 # Barbarian (lvl 10)
g 526 1 1
t 1 main
i 563 2 2 7812
i 995 5 5 328125
i 995 8 8 70312
i 995 17 17 39062
i 995 27 27 23438
i 438 1 1 7812
i 948 1 1 7812
i 1917 1 1 7812
i 2142 1 1 7812
i 956 1 1 7812
i 1351 1 1 46875
i 1592 1 1 7812
i 1379 1 1 31250
i 23182 1 1 13333
i 2677 1 1 7812
i 1420 1 1 7812
i 562 2 2 31250
i 882 15 15 23438
i 557 2 2 23438
i 554 5 5 15625
i 558 5 5 15625
end
npc 3066 # Barbarian (lvl 10)
g 526 1 1
t 1 main
i 563 2 2 7812
i 995 5 5 328125
i 995 8 8 70312
i 995 17 17 39062
i 995 27 27 23438
i 438 1 1 7812
i 948 1 1 7812
i 1917 1 1 7812
i 2142 1 1 7812
i 956 1 1 7812
i 1351 1 1 46875
i 1592 1 1 7812
i 1379 1 1 31250
i 23182 1 1 13333
i 2677 1 1 7812
i 1420 1 1 7812
i 562 2 2 31250
i 882 15 15 23438
i 557 2 2 23438
i 554 5 5 15625
i 558 5 5 15625
end
npc 3067 # Barbarian (lvl 10)
g 526 1 1
t 1 main
i 563 2 2 7812
i 995 5 5 328125
i 995 8 8 70312
i 995 17 17 39062
i 995 27 27 23438
i 438 1 1 7812
i 948 1 1 7812
i 1917 1 1 7812
i 2142 1 1 7812
i 956 1 1 7812
i 1351 1 1 46875
i 1592 1 1 7812
i 1379 1 1 31250
i 23182 1 1 13333
i 2677 1 1 7812
i 1420 1 1 7812
i 562 2 2 31250
i 882 15 15 23438
i 557 2 2 23438
i 554 5 5 15625
i 558 5 5 15625
end
npc 3068 # Barbarian (lvl 15)
g 526 1 1
t 1 main
i 1349 1 1 46875
i 1375 1 1 31250
i 1420 1 1 7812
i 882 10 10 31250
i 562 3 3 31250
i 884 8 8 23438
i 557 5 5 23438
i 558 10 10 15625
i 554 8 8 15625
i 563 2 2 7812
i 995 8 8 328125
i 995 12 12 70312
i 995 25 25 39062
i 995 32 32 23438
i 2142 1 1 7812
i 1595 1 1 7812
i 1917 1 1 7812
i 948 1 1 7812
i 956 1 1 7812
i 23182 1 1 18182
i 2677 1 1 7812
end
npc 3069 # Barbarian (lvl 17)
g 526 1 1
t 1 main
i 1349 1 1 46875
i 1375 1 1 31250
i 1420 1 1 7812
i 882 10 10 31250
i 562 3 3 31250
i 884 8 8 23438
i 557 5 5 23438
i 558 10 10 15625
i 554 8 8 15625
i 563 2 2 7812
i 995 8 8 328125
i 995 12 12 70312
i 995 25 25 39062
i 995 32 32 23438
i 2142 1 1 7812
i 1595 1 1 7812
i 1917 1 1 7812
i 948 1 1 7812
i 956 1 1 7812
i 23182 1 1 18182
i 2677 1 1 7812
end
npc 3070 # Barbarian (lvl 10)
g 526 1 1
t 1 main
i 563 2 2 7812
i 995 5 5 328125
i 995 8 8 70312
i 995 17 17 39062
i 995 27 27 23438
i 438 1 1 7812
i 948 1 1 7812
i 1917 1 1 7812
i 2142 1 1 7812
i 956 1 1 7812
i 1351 1 1 46875
i 1592 1 1 7812
i 1379 1 1 31250
i 23182 1 1 13333
i 2677 1 1 7812
i 1420 1 1 7812
i 562 2 2 31250
i 882 15 15 23438
i 557 2 2 23438
i 554 5 5 15625
i 558 5 5 15625
end
npc 3071 # Barbarian (lvl 10)
g 526 1 1
t 1 main
i 563 2 2 7812
i 995 5 5 328125
i 995 8 8 70312
i 995 17 17 39062
i 995 27 27 23438
i 438 1 1 7812
i 948 1 1 7812
i 1917 1 1 7812
i 2142 1 1 7812
i 956 1 1 7812
i 1351 1 1 46875
i 1592 1 1 7812
i 1379 1 1 31250
i 23182 1 1 13333
i 2677 1 1 7812
i 1420 1 1 7812
i 562 2 2 31250
i 882 15 15 23438
i 557 2 2 23438
i 554 5 5 15625
i 558 5 5 15625
end
npc 3072 # Barbarian (lvl 9)
g 526 1 1
t 1 main
i 563 2 2 7812
i 995 5 5 328125
i 995 8 8 70312
i 995 17 17 39062
i 995 27 27 23438
i 438 1 1 7812
i 948 1 1 7812
i 1917 1 1 7812
i 2142 1 1 7812
i 956 1 1 7812
i 1351 1 1 46875
i 1592 1 1 7812
i 1379 1 1 31250
i 23182 1 1 13333
i 2677 1 1 7812
i 1420 1 1 7812
i 562 2 2 31250
i 882 15 15 23438
i 557 2 2 23438
i 554 5 5 15625
i 558 5 5 15625
end
npc 3073 # Goblin (lvl 5)
g 526 1 1
t 1 main
i 995 15 15 23438
i 995 20 20 15625
i 995 1 1 7812
i 2347 1 1 117188
i 10999 1 1 15625
i 288 1 1 39062
i 1949 1 1 23438
i 1917 1 1 15625
i 1009 1 1 7812
i 1438 1 1 7812
i 1173 1 1 23438
i 7812 1 1 250000
i 13447 1 1 28571
i 11942 1 1 16667
i 23182 1 1 15625
i 2677 1 1 7812
i 6801 1 1 200
i 1237 1 1 31250
i 559 7 7 39062
i 555 6 6 46875
i 557 4 4 23438
i 877 8 8 23438
i 995 5 5 218750
i 995 9 9 23438
end
npc 3074 # Goblin (lvl 5)
g 526 1 1
t 1 main
i 995 15 15 23438
i 995 20 20 15625
i 995 1 1 7812
i 2347 1 1 117188
i 10999 1 1 15625
i 288 1 1 39062
i 1949 1 1 23438
i 1917 1 1 15625
i 1009 1 1 7812
i 1438 1 1 7812
i 1173 1 1 23438
i 7812 1 1 250000
i 13447 1 1 28571
i 11942 1 1 16667
i 23182 1 1 15625
i 2677 1 1 7812
i 6801 1 1 200
i 1237 1 1 31250
i 559 7 7 39062
i 555 6 6 46875
i 557 4 4 23438
i 877 8 8 23438
i 995 5 5 218750
i 995 9 9 23438
end
npc 3075 # Goblin (lvl 5)
g 526 1 1
t 1 main
i 995 15 15 23438
i 995 20 20 15625
i 995 1 1 7812
i 2347 1 1 117188
i 10999 1 1 15625
i 288 1 1 39062
i 1949 1 1 23438
i 1917 1 1 15625
i 1009 1 1 7812
i 1438 1 1 7812
i 1173 1 1 23438
i 7812 1 1 250000
i 13447 1 1 28571
i 11942 1 1 16667
i 23182 1 1 15625
i 2677 1 1 7812
i 6801 1 1 200
i 1237 1 1 31250
i 559 7 7 39062
i 555 6 6 46875
i 557 4 4 23438
i 877 8 8 23438
i 995 5 5 218750
i 995 9 9 23438
end
npc 3076 # Goblin (lvl 5)
g 526 1 1
t 1 main
i 995 15 15 23438
i 995 20 20 15625
i 995 1 1 7812
i 2347 1 1 117188
i 10999 1 1 15625
i 288 1 1 39062
i 1949 1 1 23438
i 1917 1 1 15625
i 1009 1 1 7812
i 1438 1 1 7812
i 1173 1 1 23438
i 7812 1 1 250000
i 13447 1 1 28571
i 11942 1 1 16667
i 23182 1 1 15625
i 2677 1 1 7812
i 6801 1 1 200
i 1237 1 1 31250
i 559 7 7 39062
i 555 6 6 46875
i 557 4 4 23438
i 877 8 8 23438
i 995 5 5 218750
i 995 9 9 23438
end
npc 3078 # Man (lvl 2)
g 526 1 1
t 1 main
i 199 1 1 44843
i 201 1 1 33670
i 203 1 1 25253
i 205 1 1 19646
i 207 1 1 15432
i 209 1 1 11236
i 211 1 1 8425
i 213 1 1 7018
i 215 1 1 5615
i 2485 1 1 4212
i 1139 1 1 15625
i 217 1 1 4212
i 995 3 3 296875
i 995 10 10 179688
i 995 5 5 70312
i 995 15 15 31250
i 995 25 25 7812
i 313 1 1 39062
i 436 1 1 15625
i 1440 1 1 15625
i 1965 1 1 7812
i 1203 1 1 7812
i 11941 1 1 66667
i 23182 1 1 11111
i 2677 1 1 7812
i 877 2 12 171875
i 882 7 7 23438
i 557 4 4 15625
i 554 6 6 15625
i 558 9 9 15625
i 562 2 2 7812
end
npc 3079 # Man (lvl 2)
g 526 1 1
t 1 main
i 199 1 1 44843
i 201 1 1 33670
i 203 1 1 25253
i 205 1 1 19646
i 207 1 1 15432
i 209 1 1 11236
i 211 1 1 8425
i 213 1 1 7018
i 215 1 1 5615
i 2485 1 1 4212
i 1139 1 1 15625
i 217 1 1 4212
i 995 3 3 296875
i 995 10 10 179688
i 995 5 5 70312
i 995 15 15 31250
i 995 25 25 7812
i 313 1 1 39062
i 436 1 1 15625
i 1440 1 1 15625
i 1965 1 1 7812
i 1203 1 1 7812
i 11941 1 1 66667
i 23182 1 1 11111
i 2677 1 1 7812
i 877 2 12 171875
i 882 7 7 23438
i 557 4 4 15625
i 554 6 6 15625
i 558 9 9 15625
i 562 2 2 7812
end
npc 3080 # Man (lvl 2)
g 526 1 1
t 1 main
i 199 1 1 44843
i 201 1 1 33670
i 203 1 1 25253
i 205 1 1 19646
i 207 1 1 15432
i 209 1 1 11236
i 211 1 1 8425
i 213 1 1 7018
i 215 1 1 5615
i 2485 1 1 4212
i 1139 1 1 15625
i 217 1 1 4212
i 995 3 3 296875
i 995 10 10 179688
i 995 5 5 70312
i 995 15 15 31250
i 995 25 25 7812
i 313 1 1 39062
i 436 1 1 15625
i 1440 1 1 15625
i 1965 1 1 7812
i 1203 1 1 7812
i 11941 1 1 66667
i 23182 1 1 11111
i 2677 1 1 7812
i 877 2 12 171875
i 882 7 7 23438
i 557 4 4 15625
i 554 6 6 15625
i 558 9 9 15625
i 562 2 2 7812
end
npc 3081 # Man (lvl 2)
g 526 1 1
t 1 main
i 199 1 1 44843
i 201 1 1 33670
i 203 1 1 25253
i 205 1 1 19646
i 207 1 1 15432
i 209 1 1 11236
i 211 1 1 8425
i 213 1 1 7018
i 215 1 1 5615
i 2485 1 1 4212
i 1139 1 1 15625
i 217 1 1 4212
i 995 3 3 296875
i 995 10 10 179688
i 995 5 5 70312
i 995 15 15 31250
i 995 25 25 7812
i 313 1 1 39062
i 436 1 1 15625
i 1440 1 1 15625
i 1965 1 1 7812
i 1203 1 1 7812
i 11941 1 1 66667
i 23182 1 1 11111
i 2677 1 1 7812
i 877 2 12 171875
i 882 7 7 23438
i 557 4 4 15625
i 554 6 6 15625
i 558 9 9 15625
i 562 2 2 7812
end
npc 3082 # Man (lvl 2)
g 526 1 1
t 1 main
i 199 1 1 44843
i 201 1 1 33670
i 203 1 1 25253
i 205 1 1 19646
i 207 1 1 15432
i 209 1 1 11236
i 211 1 1 8425
i 213 1 1 7018
i 215 1 1 5615
i 2485 1 1 4212
i 1139 1 1 15625
i 217 1 1 4212
i 995 3 3 296875
i 995 10 10 179688
i 995 5 5 70312
i 995 15 15 31250
i 995 25 25 7812
i 313 1 1 39062
i 436 1 1 15625
i 1440 1 1 15625
i 1965 1 1 7812
i 1203 1 1 7812
i 11941 1 1 66667
i 23182 1 1 11111
i 2677 1 1 7812
i 877 2 12 171875
i 882 7 7 23438
i 557 4 4 15625
i 554 6 6 15625
i 558 9 9 15625
i 562 2 2 7812
end
npc 3083 # Woman (lvl 2)
g 526 1 1
t 1 main
i 199 1 1 44843
i 201 1 1 33670
i 203 1 1 25253
i 205 1 1 19646
i 207 1 1 15432
i 209 1 1 11236
i 211 1 1 8425
i 213 1 1 7018
i 215 1 1 5615
i 2485 1 1 4212
i 1139 1 1 15625
i 217 1 1 4212
i 995 3 3 296875
i 995 10 10 179688
i 995 5 5 70312
i 995 15 15 31250
i 995 25 25 7812
i 313 1 1 39062
i 436 1 1 15625
i 1440 1 1 15625
i 1965 1 1 7812
i 1203 1 1 7812
i 23182 1 1 11111
i 2677 1 1 7812
i 877 2 12 171875
i 882 7 7 23438
i 557 4 4 15625
i 554 6 6 15625
i 558 9 9 15625
i 562 2 2 7812
end
npc 3084 # Woman (lvl 2)
g 526 1 1
t 1 main
i 199 1 1 44843
i 201 1 1 33670
i 203 1 1 25253
i 205 1 1 19646
i 207 1 1 15432
i 209 1 1 11236
i 211 1 1 8425
i 213 1 1 7018
i 215 1 1 5615
i 2485 1 1 4212
i 1139 1 1 15625
i 217 1 1 4212
i 995 3 3 296875
i 995 10 10 179688
i 995 5 5 70312
i 995 15 15 31250
i 995 25 25 7812
i 313 1 1 39062
i 436 1 1 15625
i 1440 1 1 15625
i 1965 1 1 7812
i 1203 1 1 7812
i 23182 1 1 11111
i 2677 1 1 7812
i 877 2 12 171875
i 882 7 7 23438
i 557 4 4 15625
i 554 6 6 15625
i 558 9 9 15625
i 562 2 2 7812
end
npc 3085 # Woman (lvl 2)
g 526 1 1
t 1 main
i 199 1 1 44843
i 201 1 1 33670
i 203 1 1 25253
i 205 1 1 19646
i 207 1 1 15432
i 209 1 1 11236
i 211 1 1 8425
i 213 1 1 7018
i 215 1 1 5615
i 2485 1 1 4212
i 1139 1 1 15625
i 217 1 1 4212
i 995 3 3 296875
i 995 10 10 179688
i 995 5 5 70312
i 995 15 15 31250
i 995 25 25 7812
i 313 1 1 39062
i 436 1 1 15625
i 1440 1 1 15625
i 1965 1 1 7812
i 1203 1 1 7812
i 23182 1 1 11111
i 2677 1 1 7812
i 877 2 12 171875
i 882 7 7 23438
i 557 4 4 15625
i 554 6 6 15625
i 558 9 9 15625
i 562 2 2 7812
end
npc 3086 # Farmer (lvl 7)
g 526 1 1
g 526 1 1
t 1 main
i 995 10 10 179688
i 995 5 5 70312
i 995 15 15 31250
i 995 25 25 7812
i 313 1 1 39062
i 436 1 1 15625
i 1440 1 1 15625
i 1965 1 1 7812
i 23182 1 1 11111
i 1139 1 1 15625
i 557 4 4 15625
i 554 6 6 15625
i 558 9 9 15625
i 562 2 2 7812
i 199 1 1 21505
i 201 1 1 16103
i 203 1 1 12092
i 205 1 1 9398
i 207 1 1 7386
i 209 1 1 5371
i 1203 1 1 7812
i 211 1 1 4029
i 213 1 1 3357
i 215 1 1 2685
i 2485 1 1 2014
i 217 1 1 2014
i 5318 1 4 105263
i 5319 1 3 52632
i 5324 1 3 26385
i 5322 1 2 13175
i 5320 1 2 6592
i 882 7 7 23438
i 5323 1 1 3296
i 5321 1 1 1648
i 22879 1 1 1648
i 995 3 3 296875
i 995 25 25 7812
i 313 1 1 39062
i 5341 1 1 23438
i 1440 1 1 15625
i 5345 1 1 15625
i 5343 1 1 15625
i 557 4 4 15625
i 5329 1 1 7812
i 5340 1 1 7812
i 23182 1 1 11111
i 2677 1 1 7812
i 995 9 9 960938
i 5318 1 1 39062
i 554 6 6 15625
i 558 9 9 15625
i 562 2 2 7812
i 995 3 3 296875
end
npc 3087 # Farmer (lvl 7)
g 526 1 1
g 526 1 1
t 1 main
i 995 10 10 179688
i 995 5 5 70312
i 995 15 15 31250
i 995 25 25 7812
i 313 1 1 39062
i 436 1 1 15625
i 1440 1 1 15625
i 1965 1 1 7812
i 23182 1 1 11111
i 1139 1 1 15625
i 557 4 4 15625
i 554 6 6 15625
i 558 9 9 15625
i 562 2 2 7812
i 199 1 1 21505
i 201 1 1 16103
i 203 1 1 12092
i 205 1 1 9398
i 207 1 1 7386
i 209 1 1 5371
i 1203 1 1 7812
i 211 1 1 4029
i 213 1 1 3357
i 215 1 1 2685
i 2485 1 1 2014
i 217 1 1 2014
i 5318 1 4 105263
i 5319 1 3 52632
i 5324 1 3 26385
i 5322 1 2 13175
i 5320 1 2 6592
i 882 7 7 23438
i 5323 1 1 3296
i 5321 1 1 1648
i 22879 1 1 1648
i 995 3 3 296875
i 995 25 25 7812
i 313 1 1 39062
i 5341 1 1 23438
i 1440 1 1 15625
i 5345 1 1 15625
i 5343 1 1 15625
i 557 4 4 15625
i 5329 1 1 7812
i 5340 1 1 7812
i 23182 1 1 11111
i 2677 1 1 7812
i 995 9 9 960938
i 5318 1 1 39062
i 554 6 6 15625
i 558 9 9 15625
i 562 2 2 7812
i 995 3 3 296875
end
npc 3088 # Farmer (lvl 7)
g 526 1 1
g 526 1 1
t 1 main
i 995 10 10 179688
i 995 5 5 70312
i 995 15 15 31250
i 995 25 25 7812
i 313 1 1 39062
i 436 1 1 15625
i 1440 1 1 15625
i 1965 1 1 7812
i 23182 1 1 11111
i 1139 1 1 15625
i 557 4 4 15625
i 554 6 6 15625
i 558 9 9 15625
i 562 2 2 7812
i 199 1 1 21505
i 201 1 1 16103
i 203 1 1 12092
i 205 1 1 9398
i 207 1 1 7386
i 209 1 1 5371
i 1203 1 1 7812
i 211 1 1 4029
i 213 1 1 3357
i 215 1 1 2685
i 2485 1 1 2014
i 217 1 1 2014
i 5318 1 4 105263
i 5319 1 3 52632
i 5324 1 3 26385
i 5322 1 2 13175
i 5320 1 2 6592
i 882 7 7 23438
i 5323 1 1 3296
i 5321 1 1 1648
i 22879 1 1 1648
i 995 3 3 296875
i 995 25 25 7812
i 313 1 1 39062
i 5341 1 1 23438
i 1440 1 1 15625
i 5345 1 1 15625
i 5343 1 1 15625
i 557 4 4 15625
i 5329 1 1 7812
i 5340 1 1 7812
i 23182 1 1 11111
i 2677 1 1 7812
i 995 9 9 960938
i 5318 1 1 39062
i 554 6 6 15625
i 558 9 9 15625
i 562 2 2 7812
i 995 3 3 296875
end
npc 3089 # Farmer (lvl 7)
g 526 1 1
g 526 1 1
t 1 main
i 995 10 10 179688
i 995 5 5 70312
i 995 15 15 31250
i 995 25 25 7812
i 313 1 1 39062
i 436 1 1 15625
i 1440 1 1 15625
i 1965 1 1 7812
i 23182 1 1 11111
i 1139 1 1 15625
i 557 4 4 15625
i 554 6 6 15625
i 558 9 9 15625
i 562 2 2 7812
i 199 1 1 21505
i 201 1 1 16103
i 203 1 1 12092
i 205 1 1 9398
i 207 1 1 7386
i 209 1 1 5371
i 1203 1 1 7812
i 211 1 1 4029
i 213 1 1 3357
i 215 1 1 2685
i 2485 1 1 2014
i 217 1 1 2014
i 5318 1 4 105263
i 5319 1 3 52632
i 5324 1 3 26385
i 5322 1 2 13175
i 5320 1 2 6592
i 882 7 7 23438
i 5323 1 1 3296
i 5321 1 1 1648
i 22879 1 1 1648
i 995 3 3 296875
i 995 25 25 7812
i 313 1 1 39062
i 5341 1 1 23438
i 1440 1 1 15625
i 5345 1 1 15625
i 5343 1 1 15625
i 557 4 4 15625
i 5329 1 1 7812
i 5340 1 1 7812
i 23182 1 1 11111
i 2677 1 1 7812
i 995 9 9 960938
i 5318 1 1 39062
i 554 6 6 15625
i 558 9 9 15625
i 562 2 2 7812
i 995 3 3 296875
end
npc 3090 # Farmer (lvl 7)
g 526 1 1
g 526 1 1
t 1 main
i 995 10 10 179688
i 995 5 5 70312
i 995 15 15 31250
i 995 25 25 7812
i 313 1 1 39062
i 436 1 1 15625
i 1440 1 1 15625
i 1965 1 1 7812
i 23182 1 1 11111
i 1139 1 1 15625
i 557 4 4 15625
i 554 6 6 15625
i 558 9 9 15625
i 562 2 2 7812
i 199 1 1 21505
i 201 1 1 16103
i 203 1 1 12092
i 205 1 1 9398
i 207 1 1 7386
i 209 1 1 5371
i 1203 1 1 7812
i 211 1 1 4029
i 213 1 1 3357
i 215 1 1 2685
i 2485 1 1 2014
i 217 1 1 2014
i 5318 1 4 105263
i 5319 1 3 52632
i 5324 1 3 26385
i 5322 1 2 13175
i 5320 1 2 6592
i 882 7 7 23438
i 5323 1 1 3296
i 5321 1 1 1648
i 22879 1 1 1648
i 995 3 3 296875
i 995 25 25 7812
i 313 1 1 39062
i 5341 1 1 23438
i 1440 1 1 15625
i 5345 1 1 15625
i 5343 1 1 15625
i 557 4 4 15625
i 5329 1 1 7812
i 5340 1 1 7812
i 23182 1 1 11111
i 2677 1 1 7812
i 995 9 9 960938
i 5318 1 1 39062
i 554 6 6 15625
i 558 9 9 15625
i 562 2 2 7812
i 995 3 3 296875
end
npc 3091 # Farmer (lvl 7)
g 526 1 1
g 526 1 1
t 1 main
i 995 10 10 179688
i 995 5 5 70312
i 995 15 15 31250
i 995 25 25 7812
i 313 1 1 39062
i 436 1 1 15625
i 1440 1 1 15625
i 1965 1 1 7812
i 23182 1 1 11111
i 1139 1 1 15625
i 557 4 4 15625
i 554 6 6 15625
i 558 9 9 15625
i 562 2 2 7812
i 199 1 1 21505
i 201 1 1 16103
i 203 1 1 12092
i 205 1 1 9398
i 207 1 1 7386
i 209 1 1 5371
i 1203 1 1 7812
i 211 1 1 4029
i 213 1 1 3357
i 215 1 1 2685
i 2485 1 1 2014
i 217 1 1 2014
i 5318 1 4 105263
i 5319 1 3 52632
i 5324 1 3 26385
i 5322 1 2 13175
i 5320 1 2 6592
i 882 7 7 23438
i 5323 1 1 3296
i 5321 1 1 1648
i 22879 1 1 1648
i 995 3 3 296875
i 995 25 25 7812
i 313 1 1 39062
i 5341 1 1 23438
i 1440 1 1 15625
i 5345 1 1 15625
i 5343 1 1 15625
i 557 4 4 15625
i 5329 1 1 7812
i 5340 1 1 7812
i 23182 1 1 11111
i 2677 1 1 7812
i 995 9 9 960938
i 5318 1 1 39062
i 554 6 6 15625
i 558 9 9 15625
i 562 2 2 7812
i 995 3 3 296875
end
npc 3092 # Thief (lvl 16)
g 526 1 1
t 1 main
i 199 1 1 44843
i 201 1 1 33670
i 203 1 1 25253
i 205 1 1 19646
i 207 1 1 15432
i 209 1 1 11236
i 211 1 1 8425
i 213 1 1 7018
i 215 1 1 5615
i 2485 1 1 4212
i 1139 1 1 15625
i 217 1 1 4212
i 995 3 3 296875
i 995 10 10 179688
i 995 5 5 70312
i 995 15 15 31250
i 995 25 25 7812
i 313 1 1 39062
i 436 1 1 15625
i 1440 1 1 15625
i 1965 1 1 7812
i 1203 1 1 7812
i 23182 1 1 11111
i 2677 1 1 7812
i 877 2 12 171875
i 882 7 7 23438
i 557 4 4 15625
i 554 6 6 15625
i 558 9 9 15625
i 562 2 2 7812
end
npc 3093 # Thief (lvl 16)
g 526 1 1
t 1 main
i 199 1 1 44843
i 201 1 1 33670
i 203 1 1 25253
i 205 1 1 19646
i 207 1 1 15432
i 209 1 1 11236
i 211 1 1 8425
i 213 1 1 7018
i 215 1 1 5615
i 2485 1 1 4212
i 1139 1 1 15625
i 217 1 1 4212
i 995 3 3 296875
i 995 10 10 179688
i 995 5 5 70312
i 995 15 15 31250
i 995 25 25 7812
i 313 1 1 39062
i 436 1 1 15625
i 1440 1 1 15625
i 1965 1 1 7812
i 1203 1 1 7812
i 23182 1 1 11111
i 2677 1 1 7812
i 877 2 12 171875
i 882 7 7 23438
i 557 4 4 15625
i 554 6 6 15625
i 558 9 9 15625
i 562 2 2 7812
end
npc 3094 # Guard (lvl 22)
g 526 1 1
g 995 30 30
t 1 main
i 561 1 1 7812
i 886 5 5 7812
i 5318 4 4 52632
i 5319 4 4 40000
i 5324 4 4 26316
i 5322 3 3 12987
i 5320 3 3 6452
i 5323 2 2 3215
i 5321 2 2 1536
i 22879 2 2 1116
i 9140 2 12 78125
i 995 1 1 148438
i 995 7 7 125000
i 995 5 5 140625
i 995 12 12 70312
i 995 4 4 62500
i 995 25 25 31250
i 995 17 17 31250
i 995 30 30 15625
i 1203 1 1 46875
i 1446 1 1 23438
i 886 1 1 31250
i 1947 1 1 7812
i 440 1 1 7812
i 2801 1 1 7812
i 882 1 1 23438
i 556 6 6 15625
i 557 3 3 15625
i 554 2 2 15625
i 565 1 1 7812
i 562 1 1 7812
end
npc 3101 # Man (lvl 2)
g 526 1 1
t 1 main
i 199 1 1 44843
i 201 1 1 33670
i 203 1 1 25253
i 205 1 1 19646
i 207 1 1 15432
i 209 1 1 11236
i 211 1 1 8425
i 213 1 1 7018
i 215 1 1 5615
i 2485 1 1 4212
i 1139 1 1 15625
i 217 1 1 4212
i 995 3 3 296875
i 995 10 10 179688
i 995 5 5 70312
i 995 15 15 31250
i 995 25 25 7812
i 313 1 1 39062
i 436 1 1 15625
i 1440 1 1 15625
i 1965 1 1 7812
i 1203 1 1 7812
i 11941 1 1 66667
i 23182 1 1 11111
i 2677 1 1 7812
i 877 2 12 171875
i 882 7 7 23438
i 557 4 4 15625
i 554 6 6 15625
i 558 9 9 15625
i 562 2 2 7812
end
npc 3104 # Paladin (lvl 59)
g 526 1 1
g 995 80 80
g 562 2 2
t 1 main
i 1623 1 1 3906
i 1621 1 1 1953
i 1619 1 1 977
i 1452 1 1 366
i 1462 1 1 366
i 1617 1 1 244
i 830 5 5 122
i 987 1 1 122
i 985 1 1 122
i 1247 1 1 8
i 2366 1 1 4
i 1249 1 1 3
i 199 1 1 15625
i 201 1 1 11723
i 203 1 1 8787
i 205 1 1 6835
i 207 1 1 5371
i 209 1 1 3906
i 211 1 1 2930
i 213 1 1 2441
i 215 1 1 1953
i 2485 1 1 1465
i 1281 1 1 15625
i 217 1 1 1465
i 995 48 48 312500
i 995 15 15 148438
i 995 2 2 125000
i 995 8 8 78125
i 995 120 120 15625
i 1295 1 1 7812
i 2801 1 1 7812
i 1157 1 1 7812
i 555 30 30 101562
i 565 1 1 7812
i 2351 1 1 70312
i 2359 1 1 7812
i 2353 1 1 7812
end
npc 3105 # Paladin (lvl 59)
g 526 1 1
g 995 80 80
g 562 2 2
t 1 main
i 1623 1 1 3906
i 1621 1 1 1953
i 1619 1 1 977
i 1452 1 1 366
i 1462 1 1 366
i 1617 1 1 244
i 830 5 5 122
i 987 1 1 122
i 985 1 1 122
i 1247 1 1 8
i 2366 1 1 4
i 1249 1 1 3
i 199 1 1 15625
i 201 1 1 11723
i 203 1 1 8787
i 205 1 1 6835
i 207 1 1 5371
i 209 1 1 3906
i 211 1 1 2930
i 213 1 1 2441
i 215 1 1 1953
i 2485 1 1 1465
i 1281 1 1 15625
i 217 1 1 1465
i 995 48 48 312500
i 995 15 15 148438
i 995 2 2 125000
i 995 8 8 78125
i 995 120 120 15625
i 1295 1 1 7812
i 2801 1 1 7812
i 1157 1 1 7812
i 555 30 30 101562
i 565 1 1 7812
i 2351 1 1 70312
i 2359 1 1 7812
i 2353 1 1 7812
end
npc 3106 # Man (lvl 2)
g 526 1 1
t 1 main
i 199 1 1 44843
i 201 1 1 33670
i 203 1 1 25253
i 205 1 1 19646
i 207 1 1 15432
i 209 1 1 11236
i 211 1 1 8425
i 213 1 1 7018
i 215 1 1 5615
i 2485 1 1 4212
i 1139 1 1 15625
i 217 1 1 4212
i 995 3 3 296875
i 995 10 10 179688
i 995 5 5 70312
i 995 15 15 31250
i 995 25 25 7812
i 313 1 1 39062
i 436 1 1 15625
i 1440 1 1 15625
i 1965 1 1 7812
i 1203 1 1 7812
i 11941 1 1 66667
i 23182 1 1 11111
i 2677 1 1 7812
i 877 2 12 171875
i 882 7 7 23438
i 557 4 4 15625
i 554 6 6 15625
i 558 9 9 15625
i 562 2 2 7812
end
npc 3107 # Man (lvl 2)
g 526 1 1
t 1 main
i 199 1 1 44843
i 201 1 1 33670
i 203 1 1 25253
i 205 1 1 19646
i 207 1 1 15432
i 209 1 1 11236
i 211 1 1 8425
i 213 1 1 7018
i 215 1 1 5615
i 2485 1 1 4212
i 1139 1 1 15625
i 217 1 1 4212
i 995 3 3 296875
i 995 10 10 179688
i 995 5 5 70312
i 995 15 15 31250
i 995 25 25 7812
i 313 1 1 39062
i 436 1 1 15625
i 1440 1 1 15625
i 1965 1 1 7812
i 1203 1 1 7812
i 11941 1 1 66667
i 23182 1 1 11111
i 2677 1 1 7812
i 877 2 12 171875
i 882 7 7 23438
i 557 4 4 15625
i 554 6 6 15625
i 558 9 9 15625
i 562 2 2 7812
end
npc 3108 # Man (lvl 2)
g 526 1 1
t 1 main
i 199 1 1 44843
i 201 1 1 33670
i 203 1 1 25253
i 205 1 1 19646
i 207 1 1 15432
i 209 1 1 11236
i 211 1 1 8425
i 213 1 1 7018
i 215 1 1 5615
i 2485 1 1 4212
i 1139 1 1 15625
i 217 1 1 4212
i 995 3 3 296875
i 995 10 10 179688
i 995 5 5 70312
i 995 15 15 31250
i 995 25 25 7812
i 313 1 1 39062
i 436 1 1 15625
i 1440 1 1 15625
i 1965 1 1 7812
i 1203 1 1 7812
i 11941 1 1 66667
i 23182 1 1 11111
i 2677 1 1 7812
i 877 2 12 171875
i 882 7 7 23438
i 557 4 4 15625
i 554 6 6 15625
i 558 9 9 15625
i 562 2 2 7812
end
npc 3109 # Man (lvl 2)
g 526 1 1
t 1 main
i 199 1 1 44843
i 201 1 1 33670
i 203 1 1 25253
i 205 1 1 19646
i 207 1 1 15432
i 209 1 1 11236
i 211 1 1 8425
i 213 1 1 7018
i 215 1 1 5615
i 2485 1 1 4212
i 1139 1 1 15625
i 217 1 1 4212
i 995 3 3 296875
i 995 10 10 179688
i 995 5 5 70312
i 995 15 15 31250
i 995 25 25 7812
i 313 1 1 39062
i 436 1 1 15625
i 1440 1 1 15625
i 1965 1 1 7812
i 1203 1 1 7812
i 11941 1 1 66667
i 23182 1 1 11111
i 2677 1 1 7812
i 877 2 12 171875
i 882 7 7 23438
i 557 4 4 15625
i 554 6 6 15625
i 558 9 9 15625
i 562 2 2 7812
end
npc 3110 # Man (lvl 2)
g 526 1 1
t 1 main
i 199 1 1 44843
i 201 1 1 33670
i 203 1 1 25253
i 205 1 1 19646
i 207 1 1 15432
i 209 1 1 11236
i 211 1 1 8425
i 213 1 1 7018
i 215 1 1 5615
i 2485 1 1 4212
i 1139 1 1 15625
i 217 1 1 4212
i 995 3 3 296875
i 995 10 10 179688
i 995 5 5 70312
i 995 15 15 31250
i 995 25 25 7812
i 313 1 1 39062
i 436 1 1 15625
i 1440 1 1 15625
i 1965 1 1 7812
i 1203 1 1 7812
i 11941 1 1 66667
i 23182 1 1 11111
i 2677 1 1 7812
i 877 2 12 171875
i 882 7 7 23438
i 557 4 4 15625
i 554 6 6 15625
i 558 9 9 15625
i 562 2 2 7812
end
npc 3111 # Woman (lvl 2)
g 526 1 1
t 1 main
i 199 1 1 44843
i 201 1 1 33670
i 203 1 1 25253
i 205 1 1 19646
i 207 1 1 15432
i 209 1 1 11236
i 211 1 1 8425
i 213 1 1 7018
i 215 1 1 5615
i 2485 1 1 4212
i 1139 1 1 15625
i 217 1 1 4212
i 995 3 3 296875
i 995 10 10 179688
i 995 5 5 70312
i 995 15 15 31250
i 995 25 25 7812
i 313 1 1 39062
i 436 1 1 15625
i 1440 1 1 15625
i 1965 1 1 7812
i 1203 1 1 7812
i 23182 1 1 11111
i 2677 1 1 7812
i 877 2 12 171875
i 882 7 7 23438
i 557 4 4 15625
i 554 6 6 15625
i 558 9 9 15625
i 562 2 2 7812
end
npc 3112 # Woman (lvl 2)
g 526 1 1
t 1 main
i 199 1 1 44843
i 201 1 1 33670
i 203 1 1 25253
i 205 1 1 19646
i 207 1 1 15432
i 209 1 1 11236
i 211 1 1 8425
i 213 1 1 7018
i 215 1 1 5615
i 2485 1 1 4212
i 1139 1 1 15625
i 217 1 1 4212
i 995 3 3 296875
i 995 10 10 179688
i 995 5 5 70312
i 995 15 15 31250
i 995 25 25 7812
i 313 1 1 39062
i 436 1 1 15625
i 1440 1 1 15625
i 1965 1 1 7812
i 1203 1 1 7812
i 23182 1 1 11111
i 2677 1 1 7812
i 877 2 12 171875
i 882 7 7 23438
i 557 4 4 15625
i 554 6 6 15625
i 558 9 9 15625
i 562 2 2 7812
end
npc 3113 # Woman (lvl 2)
g 526 1 1
t 1 main
i 199 1 1 44843
i 201 1 1 33670
i 203 1 1 25253
i 205 1 1 19646
i 207 1 1 15432
i 209 1 1 11236
i 211 1 1 8425
i 213 1 1 7018
i 215 1 1 5615
i 2485 1 1 4212
i 1139 1 1 15625
i 217 1 1 4212
i 995 3 3 296875
i 995 10 10 179688
i 995 5 5 70312
i 995 15 15 31250
i 995 25 25 7812
i 313 1 1 39062
i 436 1 1 15625
i 1440 1 1 15625
i 1965 1 1 7812
i 1203 1 1 7812
i 23182 1 1 11111
i 2677 1 1 7812
i 877 2 12 171875
i 882 7 7 23438
i 557 4 4 15625
i 554 6 6 15625
i 558 9 9 15625
i 562 2 2 7812
end
npc 3114 # Farmer (lvl 7)
g 526 1 1
g 526 1 1
t 1 main
i 995 10 10 179688
i 995 5 5 70312
i 995 15 15 31250
i 995 25 25 7812
i 313 1 1 39062
i 436 1 1 15625
i 1440 1 1 15625
i 1965 1 1 7812
i 23182 1 1 11111
i 1139 1 1 15625
i 557 4 4 15625
i 554 6 6 15625
i 558 9 9 15625
i 562 2 2 7812
i 199 1 1 21505
i 201 1 1 16103
i 203 1 1 12092
i 205 1 1 9398
i 207 1 1 7386
i 209 1 1 5371
i 1203 1 1 7812
i 211 1 1 4029
i 213 1 1 3357
i 215 1 1 2685
i 2485 1 1 2014
i 217 1 1 2014
i 5318 1 4 105263
i 5319 1 3 52632
i 5324 1 3 26385
i 5322 1 2 13175
i 5320 1 2 6592
i 882 7 7 23438
i 5323 1 1 3296
i 5321 1 1 1648
i 22879 1 1 1648
i 995 3 3 296875
i 995 25 25 7812
i 313 1 1 39062
i 5341 1 1 23438
i 1440 1 1 15625
i 5345 1 1 15625
i 5343 1 1 15625
i 557 4 4 15625
i 5329 1 1 7812
i 5340 1 1 7812
i 23182 1 1 11111
i 2677 1 1 7812
i 995 9 9 960938
i 5318 1 1 39062
i 554 6 6 15625
i 558 9 9 15625
i 562 2 2 7812
i 995 3 3 296875
end
npc 3127 # TzTok-Jad (lvl 702)
t 1 main
i 13225 1 1 5000
end
npc 3129 # K'ril Tsutsaroth (lvl 650)
g 25778 1 1
t 1 main
i 1333 1 1 62992
i 1123 1 1 62992
i 1079 1 1 55118
i 5698 1 1 15748
i 145 3 3 62992
i 157 3 3 62992
i 3026 3 3 62992
i 189 3 3 62992
i 995 19500 20000 288976
i 2485 10 10 62992
i 11787 1 1 7874
i 5302 3 3 62992
i 560 120 125 62992
i 565 80 85 62992
i 1289 1 1 2461
i 11824 1 1 7874
i 11791 1 1 1969
i 23083 1 1 20000
i 12073 1 1 4000
i 11816 1 1 1969
i 12652 1 1 200
i 11818 1 1 1312
i 11820 1 1 1312
i 11822 1 1 1312
i 5626 295 300 62992
end
npc 3130 # Tstanon Karlak (lvl 145)
g 25772 1 1
t 1 main
i 560 5 10 62992
i 565 5 10 62992
i 995 1300 1400 519685
i 385 3 3 62992
i 7060 2 2 62992
i 245 5 10 62992
i 145 1 1 15748
i 157 1 1 15748
i 2722 1 1 7812
i 11824 1 1 186
i 995 1300 1400 7688
i 11818 1 1 656
i 11820 1 1 656
i 11822 1 1 656
i 995 1300 1400 5906
i 886 95 100 55118
i 808 95 100 62992
end
npc 3131 # Zakl'n Gritch (lvl 142)
g 25772 1 1
t 1 main
i 560 5 10 62992
i 565 5 10 62992
i 995 1300 1400 519685
i 385 3 3 62992
i 7060 2 2 62992
i 245 5 10 62992
i 145 1 1 15748
i 157 1 1 15748
i 2722 1 1 7812
i 6805 1 1 200
i 11824 1 1 186
i 995 1300 1400 7688
i 11818 1 1 656
i 11820 1 1 656
i 11822 1 1 656
i 995 1300 1400 5906
i 886 95 100 55118
i 808 95 100 62992
end
npc 3132 # Balfrug Kreeyath (lvl 151)
g 25772 1 1
t 1 main
i 560 5 10 62992
i 565 5 10 62992
i 995 1300 1400 519685
i 385 3 3 62992
i 7060 2 2 62992
i 245 5 10 62992
i 145 1 1 15748
i 157 1 1 15748
i 2722 1 1 7812
i 11824 1 1 186
i 995 1300 1400 7688
i 11818 1 1 656
i 11820 1 1 656
i 11822 1 1 656
i 995 1300 1400 5906
i 886 95 100 55118
i 808 95 100 62992
end
npc 3133 # Hellhound (lvl 127)
g 25769 1 1
t 1 main
i 23490 1 1 11111
i 21257 1 1 4386
i 13233 1 1 31
i 11941 1 1 333333
i 2722 1 1 15625
i 23083 1 1 10526
i 19677 1 1 3906
i 19679 1 1 2604
i 19681 1 1 2604
i 19683 1 1 2604
end
npc 3134 # Imp (lvl 7)
g 25766 1 1
t 1 main
i 2311 1 1 31250
i 2146 1 1 31250
i 1965 1 1 15625
i 2307 1 1 15625
i 2309 1 1 7812
i 2142 1 1 7812
i 2347 1 1 62500
i 590 1 1 39062
i 1735 1 1 31250
i 1925 1 1 31250
i 1474 1 1 39062
i 1929 1 1 15625
i 1935 1 1 15625
i 1937 1 1 15625
i 1931 1 1 15625
i 1933 1 1 15625
i 1759 1 1 62500
i 1448 1 1 54688
i 592 1 1 46875
i 434 1 1 31250
i 753 1 1 31250
i 1470 1 1 39062
i 1947 1 1 23438
i 1949 1 1 15625
i 956 1 1 15625
i 195 1 1 7812
i 13453 1 1 40000
i 11941 1 1 66667
i 11942 1 1 16667
i 6803 1 1 200
i 1476 1 1 39062
i 1472 1 1 39062
i 877 1 1 62500
i 579 1 1 62500
i 1944 1 1 39062
i 2138 1 1 39062
end
npc 3135 # Werewolf (lvl 93)
g 2859 1 1
t 1 main
i 203 1 1 824
i 205 1 1 641
i 207 1 1 504
i 209 1 1 366
i 211 1 1 275
i 213 1 1 229
i 215 1 1 183
i 2485 1 1 137
i 217 1 1 137
i 2138 5 5 19531
i 1353 1 1 48828
i 2132 5 5 19531
i 2136 5 5 19531
i 1993 1 1 39062
i 995 10 10 156250
i 995 90 90 39062
i 995 120 120 39062
i 995 222 222 39062
i 995 364 364 39062
i 958 1 1 195312
i 6814 1 1 195312
i 1325 1 1 62500
i 1623 1 1 7812
i 1157 1 1 29297
i 7866 1 1 250000
i 11941 1 1 333333
i 11942 1 1 16667
i 2677 1 1 7812
i 2801 1 1 1953
i 1109 1 1 19531
i 1181 1 1 19531
i 1147 1 1 5859
i 199 1 1 1465
i 201 1 1 1099
end
npc 3136 # Werewolf (lvl 93)
g 2859 1 1
t 1 main
i 203 1 1 824
i 205 1 1 641
i 207 1 1 504
i 209 1 1 366
i 211 1 1 275
i 213 1 1 229
i 215 1 1 183
i 2485 1 1 137
i 217 1 1 137
i 2138 5 5 19531
i 1353 1 1 48828
i 2132 5 5 19531
i 2136 5 5 19531
i 1993 1 1 39062
i 995 10 10 156250
i 995 90 90 39062
i 995 120 120 39062
i 995 222 222 39062
i 995 364 364 39062
i 958 1 1 195312
i 6814 1 1 195312
i 1325 1 1 62500
i 1623 1 1 7812
i 1157 1 1 29297
i 7866 1 1 250000
i 11941 1 1 333333
i 11942 1 1 16667
i 2677 1 1 7812
i 2801 1 1 1953
i 1109 1 1 19531
i 1181 1 1 19531
i 1147 1 1 5859
i 199 1 1 1465
i 201 1 1 1099
end
npc 3137 # Feral Vampyre (lvl 77)
g 3325 1 1
t 1 main
i 1623 1 1 7812
i 1621 1 1 3906
i 1619 1 1 1953
i 1452 1 1 732
i 1462 1 1 732
i 1617 1 1 488
i 830 5 5 244
i 987 1 1 244
i 985 1 1 244
i 1247 1 1 15
i 2366 1 1 8
i 1249 1 1 6
i 205 1 1 8547
i 207 1 1 6716
i 209 1 1 4883
i 211 1 1 3662
i 213 1 1 3052
i 215 1 1 2441
i 2485 1 1 1831
i 217 1 1 1831
i 5100 1 1 19417
i 5323 1 1 18553
i 557 4 4 78125
i 5292 1 1 17699
i 5104 1 1 13038
i 5293 1 1 12034
i 5311 1 1 11751
i 5321 1 1 8921
i 5294 1 1 7930
i 22879 1 1 5666
i 5295 1 1 5525
i 5105 1 1 4815
i 5282 1 1 4107
i 560 2 2 78125
i 5296 1 1 3824
i 5281 1 1 2550
i 5297 1 1 2550
i 5106 1 1 1841
i 5298 1 1 1700
i 5280 1 1 1700
i 5299 1 1 1275
i 22873 1 1 1133
i 5300 1 1 708
i 5301 1 1 567
i 562 3 3 62500
i 5302 1 1 425
i 5303 1 1 283
i 5304 1 1 142
i 995 15 15 312500
i 1361 1 1 23438
i 1440 1 1 15625
i 565 1 1 39062
i 11941 1 1 333333
i 11942 1 1 16667
i 565 2 2 7812
i 2801 1 1 7812
i 199 1 1 19531
i 201 1 1 14641
i 203 1 1 10989
end
npc 3138 # Bloodveld (lvl 81)
g 25769 1 1
t 1 main
i 1623 1 1 7812
i 1621 1 1 3906
i 1619 1 1 1953
i 1452 1 1 732
i 1462 1 1 732
i 1617 1 1 488
i 830 5 5 244
i 987 1 1 244
i 985 1 1 244
i 1247 1 1 15
i 2366 1 1 8
i 1249 1 1 6
i 565 3 3 23438
i 565 10 10 39062
i 565 30 30 7812
i 199 1 1 1953
i 201 1 1 1465
i 203 1 1 1099
i 205 1 1 854
i 207 1 1 671
i 209 1 1 488
i 211 1 1 366
i 1353 1 1 31250
i 213 1 1 305
i 215 1 1 244
i 2485 1 1 183
i 217 1 1 183
i 995 10 10 54688
i 995 40 40 226562
i 995 120 120 234375
i 995 200 200 78125
i 995 450 450 7812
i 526 1 1 78125
i 1157 1 1 31250
i 532 1 1 54688
i 532 3 3 23438
i 444 1 1 15625
i 2293 1 1 23438
i 1325 1 1 15625
i 11941 1 1 333333
i 13495 1 1 28571
i 11942 1 1 16667
i 23083 1 1 5814
i 4125 1 1 7812
i 2722 1 1 3906
i 1181 1 1 7812
i 1109 1 1 7812
i 1147 1 1 7812
i 554 60 60 62500
end
npc 3139 # Pyrefiend (lvl 48)
g 25766 1 1
t 1 main
i 1623 1 1 5859
i 1621 1 1 2930
i 1619 1 1 1465
i 1452 1 1 549
i 1462 1 1 549
i 1617 1 1 366
i 830 5 5 183
i 987 1 1 183
i 985 1 1 183
i 1247 1 1 11
i 2366 1 1 6
i 1249 1 1 4
i 562 12 12 39062
i 560 3 3 23438
i 995 10 10 54688
i 995 40 40 187500
i 995 120 120 156250
i 995 200 200 78125
i 995 450 450 15625
i 444 1 1 62500
i 1993 1 1 15625
i 1353 1 1 31250
i 1157 1 1 31250
i 11941 1 1 333333
i 11942 1 1 16667
i 2801 1 1 7812
i 1109 1 1 15625
i 1387 1 1 23438
i 4123 1 1 7812
i 1145 1 1 7812
i 554 30 30 164062
i 554 60 60 62500
end
npc 3140 # Icefiend (lvl 18)
t 1 main
i 1623 1 1 5859
i 1621 1 1 2930
i 1619 1 1 1465
i 1452 1 1 549
i 1462 1 1 549
i 1617 1 1 366
i 830 5 5 183
i 987 1 1 183
i 985 1 1 183
i 1247 1 1 11
i 2366 1 1 6
i 1249 1 1 4
i 556 1 5 7812
i 11941 1 1 125000
i 11942 1 1 16667
i 2677 1 1 7812
i 555 1 5 31250
i 995 1 30 31250
i 995 1 20 31250
end
npc 3141 # Gorak (lvl 149)
g 532 1 1
t 1 main
i 1623 1 1 9766
i 1621 1 1 4883
i 1619 1 1 2441
i 1452 1 1 915
i 1462 1 1 915
i 1617 1 1 610
i 830 5 5 305
i 987 1 1 305
i 985 1 1 305
i 1247 1 1 19
i 2366 1 1 10
i 1249 1 1 7
i 3192 1 1 23438
i 5670 1 1 15625
i 1309 1 1 23438
i 802 1 1 23438
i 1365 1 1 7812
i 803 1 1 23438
i 1199 1 1 7812
i 1083 1 1 7812
i 1069 1 1 31250
i 1113 1 1 7812
i 199 1 1 31250
i 201 1 1 23419
i 203 1 1 17575
i 205 1 1 13680
i 207 1 1 10741
i 209 1 1 7812
i 211 1 1 5858
i 213 1 1 4883
i 215 1 1 3906
i 2485 1 1 2930
i 217 1 1 2930
i 995 27 27 39062
i 995 97 97 39062
i 995 104 104 226562
i 995 132 132 195312
i 995 286 286 78125
i 995 475 475 62500
i 9016 1 1 333333
i 5625 4 4 15625
i 2570 1 1 7812
i 11941 1 1 333333
i 11942 1 1 16667
i 2722 1 1 7812
i 10976 1 1 2500
i 10977 1 1 200
end
npc 3159 # Spiritual warrior (lvl 115)
t 1 main
i 1623 1 1 7874
i 1621 1 1 3937
i 1619 1 1 1969
i 1452 1 1 738
i 1462 1 1 738
i 1617 1 1 492
i 830 5 5 246
i 987 1 1 246
i 985 1 1 246
i 1247 1 1 15
i 2366 1 1 8
i 1249 1 1 6
i 1279 1 1 23622
i 1355 1 1 62992
i 1317 1 1 7874
i 1303 1 1 7874
i 3202 1 1 7874
i 1059 1 1 70866
i 1071 1 1 86614
i 1105 1 1 141732
i 1161 1 1 62992
i 1195 1 1 23622
i 1081 1 1 31496
i 1323 1 1 62992
i 1201 1 1 7874
i 1295 1 1 118110
i 11941 1 1 333333
i 11942 1 1 16667
i 2722 1 1 7812
i 23490 1 1 13699
i 21257 1 1 4132
i 1281 1 1 55118
i 1341 1 1 39370
i 1428 1 1 55118
i 1217 1 1 15748
i 1257 1 1 70866
i 1371 1 1 15748
end
npc 3160 # Spiritual ranger (lvl 118)
t 1 main
i 843 1 1 39062
i 559 12 12 31250
i 892 5 5 15625
i 890 12 12 7812
i 5626 3 3 23438
i 2538 4 4 15625
i 53 12 12 78125
i 40 5 5 85938
i 43 13 13 70312
i 1777 7 7 140625
i 687 1 1 7812
i 9179 1 1 23438
i 56 12 12 70312
i 11941 1 1 333333
i 11942 1 1 16667
i 2722 1 1 7812
i 23490 1 1 13699
i 21257 1 1 4016
i 851 1 1 31250
i 861 1 2 7812
i 5619 1 1 85938
i 886 12 12 31250
i 884 12 12 117188
i 882 16 16 101562
i 5616 1 1 7812
end
npc 3161 # Spiritual mage (lvl 121)
t 1 main
i 1623 1 1 3906
i 1621 1 1 1953
i 1619 1 1 977
i 1452 1 1 366
i 1462 1 1 366
i 1617 1 1 244
i 830 5 5 122
i 987 1 1 122
i 985 1 1 122
i 1247 1 1 8
i 2366 1 1 4
i 1249 1 1 3
i 11840 1 1 7812
i 562 10 10 140625
i 9075 15 15 70312
i 560 15 15 62500
i 561 25 25 54688
i 558 50 50 31250
i 561 18 18 31250
i 559 35 35 23438
i 563 15 15 15625
i 559 25 25 15625
i 565 10 10 15625
i 556 30 30 70312
i 562 25 25 7812
i 7936 90 90 46875
i 175 5 5 39062
i 555 15 15 62500
i 11941 1 1 333333
i 11942 1 1 16667
i 2722 1 1 7812
i 23490 1 1 13889
i 21257 1 1 3846
i 555 50 50 54688
i 556 50 50 15625
i 554 65 65 15625
i 4696 15 15 85938
i 4698 20 20 54688
i 4695 20 20 46875
end
npc 3162 # Kree'arra (lvl 580)
g 532 1 1
g 314 1 16
t 1 main
i 2503 1 1 62992
i 9185 1 1 62992
i 558 586 601 62992
i 892 100 105 62992
i 9144 20 25 62992
i 9244 5 10 62992
i 995 19500 20000 344094
i 169 3 3 62992
i 163 3 3 62992
i 217 8 13 62992
i 5303 3 3 62992
i 995 20500 21000 9843
i 989 1 1 7874
i 5315 1 1 7874
i 1289 1 1 2461
i 11826 1 1 2625
i 11828 1 1 2625
i 23083 1 1 20000
i 11830 1 1 2625
i 12073 1 1 4000
i 10976 1 1 2500
i 12649 1 1 200
i 10977 1 1 200
i 11810 1 1 1969
i 11818 1 1 1312
i 11820 1 1 1312
i 11822 1 1 1312
end
npc 3166 # Spiritual warrior (lvl 125)
t 1 main
i 1623 1 1 7874
i 1621 1 1 3937
i 1619 1 1 1969
i 1452 1 1 738
i 1462 1 1 738
i 1617 1 1 492
i 830 5 5 246
i 987 1 1 246
i 985 1 1 246
i 1247 1 1 15
i 2366 1 1 8
i 1249 1 1 6
i 1279 1 1 23622
i 1355 1 1 62992
i 1317 1 1 7874
i 1303 1 1 7874
i 3202 1 1 7874
i 1059 1 1 70866
i 1071 1 1 86614
i 1105 1 1 141732
i 1161 1 1 62992
i 1195 1 1 23622
i 1081 1 1 31496
i 1323 1 1 62992
i 1201 1 1 7874
i 1295 1 1 118110
i 11941 1 1 333333
i 11942 1 1 16667
i 2722 1 1 7812
i 23490 1 1 13699
i 21257 1 1 4132
i 1281 1 1 55118
i 1341 1 1 39370
i 1428 1 1 55118
i 1217 1 1 15748
i 1257 1 1 70866
i 1371 1 1 15748
end
npc 3167 # Spiritual ranger (lvl 122)
t 1 main
i 843 1 1 39062
i 559 12 12 31250
i 892 5 5 15625
i 890 12 12 7812
i 5626 3 3 23438
i 2538 4 4 15625
i 53 12 12 78125
i 40 5 5 85938
i 43 13 13 70312
i 1777 7 7 140625
i 687 1 1 7812
i 9179 1 1 23438
i 56 12 12 70312
i 11941 1 1 333333
i 11942 1 1 16667
i 2722 1 1 7812
i 23490 1 1 13699
i 21257 1 1 4016
i 851 1 1 31250
i 861 1 2 7812
i 5619 1 1 85938
i 886 12 12 31250
i 884 12 12 117188
i 882 16 16 101562
i 5616 1 1 7812
end
npc 3168 # Spiritual mage (lvl 120)
t 1 main
i 1623 1 1 3906
i 1621 1 1 1953
i 1619 1 1 977
i 1452 1 1 366
i 1462 1 1 366
i 1617 1 1 244
i 830 5 5 122
i 987 1 1 122
i 985 1 1 122
i 1247 1 1 8
i 2366 1 1 4
i 1249 1 1 3
i 11840 1 1 7812
i 562 10 10 140625
i 9075 15 15 70312
i 560 15 15 62500
i 561 25 25 54688
i 558 50 50 31250
i 561 18 18 31250
i 559 35 35 23438
i 563 15 15 15625
i 559 25 25 15625
i 565 10 10 15625
i 556 30 30 70312
i 562 25 25 7812
i 7936 90 90 46875
i 175 5 5 39062
i 555 15 15 62500
i 11941 1 1 333333
i 11942 1 1 16667
i 2722 1 1 7812
i 23490 1 1 13889
i 21257 1 1 3846
i 555 50 50 54688
i 556 50 50 15625
i 554 65 65 15625
i 4696 15 15 85938
i 4698 20 20 54688
i 4695 20 20 46875
end
npc 3185 # Dagannoth (lvl 135)
g 526 1 1
t 1 main
i 1623 1 1 1953
i 1621 1 1 977
i 1619 1 1 488
i 1452 1 1 183
i 1462 1 1 183
i 1617 1 1 122
i 830 5 5 61
i 987 1 1 61
i 985 1 1 61
i 1247 1 1 4
i 2366 1 1 2
i 1249 1 1 1
i 5281 1 1 18484
i 5106 1 1 13106
i 5298 1 1 13106
i 5280 1 1 12516
i 22873 1 1 8937
i 5299 1 1 8937
i 5300 1 1 5959
i 5301 1 1 4172
i 5302 1 1 2980
i 22879 3 3 2383
i 1239 1 1 46875
i 5303 1 1 1788
i 5304 1 1 1192
i 301 1 1 93750
i 345 3 3 31250
i 327 5 5 31250
i 311 1 1 23438
i 314 15 15 15625
i 313 50 50 15625
i 377 1 1 15625
i 359 1 1 15625
i 1237 1 1 39062
i 401 10 10 15625
i 413 1 1 7812
i 411 2 2 7812
i 995 56 56 226562
i 995 25 25 70312
i 995 44 44 62500
i 995 41 41 46875
i 405 1 1 7812
i 45 12 12 15625
i 1243 1 1 7812
i 555 15 15 31250
i 7857 1 1 250000
i 13492 1 1 25000
i 2801 1 1 7812
i 23083 1 1 4255
i 886 15 15 15625
i 828 3 3 7812
i 5296 1 1 28011
i 5297 1 1 19084
end
npc 3237 # Feral Vampyre (lvl 77)
g 3325 1 1
t 1 main
i 1623 1 1 7812
i 1621 1 1 3906
i 1619 1 1 1953
i 1452 1 1 732
i 1462 1 1 732
i 1617 1 1 488
i 830 5 5 244
i 987 1 1 244
i 985 1 1 244
i 1247 1 1 15
i 2366 1 1 8
i 1249 1 1 6
i 205 1 1 8547
i 207 1 1 6716
i 209 1 1 4883
i 211 1 1 3662
i 213 1 1 3052
i 215 1 1 2441
i 2485 1 1 1831
i 217 1 1 1831
i 5100 1 1 19417
i 5323 1 1 18553
i 557 4 4 78125
i 5292 1 1 17699
i 5104 1 1 13038
i 5293 1 1 12034
i 5311 1 1 11751
i 5321 1 1 8921
i 5294 1 1 7930
i 22879 1 1 5666
i 5295 1 1 5525
i 5105 1 1 4815
i 5282 1 1 4107
i 560 2 2 78125
i 5296 1 1 3824
i 5281 1 1 2550
i 5297 1 1 2550
i 5106 1 1 1841
i 5298 1 1 1700
i 5280 1 1 1700
i 5299 1 1 1275
i 22873 1 1 1133
i 5300 1 1 708
i 5301 1 1 567
i 562 3 3 62500
i 5302 1 1 425
i 5303 1 1 283
i 5304 1 1 142
i 995 15 15 312500
i 1361 1 1 23438
i 1440 1 1 15625
i 565 1 1 39062
i 11941 1 1 333333
i 11942 1 1 16667
i 565 2 2 7812
i 2801 1 1 7812
i 199 1 1 19531
i 201 1 1 14641
i 203 1 1 10989
end
npc 3245 # Guard (lvl 22)
g 526 1 1
g 995 30 30
t 1 main
i 561 1 1 7812
i 886 5 5 7812
i 5318 4 4 52632
i 5319 4 4 40000
i 5324 4 4 26316
i 5322 3 3 12987
i 5320 3 3 6452
i 5323 2 2 3215
i 5321 2 2 1536
i 22879 2 2 1116
i 9140 2 12 78125
i 995 1 1 148438
i 995 7 7 125000
i 995 5 5 140625
i 995 12 12 70312
i 995 4 4 62500
i 995 25 25 31250
i 995 17 17 31250
i 995 30 30 15625
i 1203 1 1 46875
i 1446 1 1 23438
i 886 1 1 31250
i 1947 1 1 7812
i 440 1 1 7812
i 2801 1 1 7812
i 882 1 1 23438
i 556 6 6 15625
i 557 3 3 15625
i 554 2 2 15625
i 565 1 1 7812
i 562 1 1 7812
end
npc 3264 # Man (lvl 2)
g 526 1 1
t 1 main
i 199 1 1 44843
i 201 1 1 33670
i 203 1 1 25253
i 205 1 1 19646
i 207 1 1 15432
i 209 1 1 11236
i 211 1 1 8425
i 213 1 1 7018
i 215 1 1 5615
i 2485 1 1 4212
i 1139 1 1 15625
i 217 1 1 4212
i 995 3 3 296875
i 995 10 10 179688
i 995 5 5 70312
i 995 15 15 31250
i 995 25 25 7812
i 313 1 1 39062
i 436 1 1 15625
i 1440 1 1 15625
i 1965 1 1 7812
i 1203 1 1 7812
i 11941 1 1 66667
i 23182 1 1 11111
i 2677 1 1 7812
i 877 2 12 171875
i 882 7 7 23438
i 557 4 4 15625
i 554 6 6 15625
i 558 9 9 15625
i 562 2 2 7812
end
npc 3269 # Guard (lvl 22)
g 526 1 1
g 995 30 30
t 1 main
i 561 1 1 7812
i 886 5 5 7812
i 5318 4 4 52632
i 5319 4 4 40000
i 5324 4 4 26316
i 5322 3 3 12987
i 5320 3 3 6452
i 5323 2 2 3215
i 5321 2 2 1536
i 22879 2 2 1116
i 9140 2 12 78125
i 995 1 1 148438
i 995 7 7 125000
i 995 5 5 140625
i 995 12 12 70312
i 995 4 4 62500
i 995 25 25 31250
i 995 17 17 31250
i 995 30 30 15625
i 1203 1 1 46875
i 1446 1 1 23438
i 886 1 1 31250
i 1947 1 1 7812
i 440 1 1 7812
i 2801 1 1 7812
i 882 1 1 23438
i 556 6 6 15625
i 557 3 3 15625
i 554 2 2 15625
i 565 1 1 7812
i 562 1 1 7812
end
npc 3270 # Guard (lvl 22)
g 526 1 1
g 995 30 30
t 1 main
i 561 1 1 7812
i 886 5 5 7812
i 5318 4 4 52632
i 5319 4 4 40000
i 5324 4 4 26316
i 5322 3 3 12987
i 5320 3 3 6452
i 5323 2 2 3215
i 5321 2 2 1536
i 22879 2 2 1116
i 9140 2 12 78125
i 995 1 1 148438
i 995 7 7 125000
i 995 5 5 140625
i 995 12 12 70312
i 995 4 4 62500
i 995 25 25 31250
i 995 17 17 31250
i 995 30 30 15625
i 1203 1 1 46875
i 1446 1 1 23438
i 886 1 1 31250
i 1947 1 1 7812
i 440 1 1 7812
i 2801 1 1 7812
i 882 1 1 23438
i 556 6 6 15625
i 557 3 3 15625
i 554 2 2 15625
i 565 1 1 7812
i 562 1 1 7812
end
npc 3271 # Guard (lvl 22)
g 526 1 1
g 995 30 30
t 1 main
i 561 1 1 7812
i 886 5 5 7812
i 5318 4 4 52632
i 5319 4 4 40000
i 5324 4 4 26316
i 5322 3 3 12987
i 5320 3 3 6452
i 5323 2 2 3215
i 5321 2 2 1536
i 22879 2 2 1116
i 9140 2 12 78125
i 995 1 1 148438
i 995 7 7 125000
i 995 5 5 140625
i 995 12 12 70312
i 995 4 4 62500
i 995 25 25 31250
i 995 17 17 31250
i 995 30 30 15625
i 1203 1 1 46875
i 1446 1 1 23438
i 886 1 1 31250
i 1947 1 1 7812
i 440 1 1 7812
i 2801 1 1 7812
i 882 1 1 23438
i 556 6 6 15625
i 557 3 3 15625
i 554 2 2 15625
i 565 1 1 7812
i 562 1 1 7812
end
npc 3272 # Guard (lvl 22)
g 526 1 1
g 995 30 30
t 1 main
i 561 1 1 7812
i 886 5 5 7812
i 5318 4 4 52632
i 5319 4 4 40000
i 5324 4 4 26316
i 5322 3 3 12987
i 5320 3 3 6452
i 5323 2 2 3215
i 5321 2 2 1536
i 22879 2 2 1116
i 9140 2 12 78125
i 995 1 1 148438
i 995 7 7 125000
i 995 5 5 140625
i 995 12 12 70312
i 995 4 4 62500
i 995 25 25 31250
i 995 17 17 31250
i 995 30 30 15625
i 1203 1 1 46875
i 1446 1 1 23438
i 886 1 1 31250
i 1947 1 1 7812
i 440 1 1 7812
i 2801 1 1 7812
i 882 1 1 23438
i 556 6 6 15625
i 557 3 3 15625
i 554 2 2 15625
i 565 1 1 7812
i 562 1 1 7812
end
npc 3283 # Guard (lvl 22)
g 526 1 1
g 995 30 30
t 1 main
i 561 1 1 7812
i 886 5 5 7812
i 5318 4 4 52632
i 5319 4 4 40000
i 5324 4 4 26316
i 5322 3 3 12987
i 5320 3 3 6452
i 5323 2 2 3215
i 5321 2 2 1536
i 22879 2 2 1116
i 9140 2 12 78125
i 995 1 1 148438
i 995 7 7 125000
i 995 5 5 140625
i 995 12 12 70312
i 995 4 4 62500
i 995 25 25 31250
i 995 17 17 31250
i 995 30 30 15625
i 1203 1 1 46875
i 1446 1 1 23438
i 886 1 1 31250
i 1947 1 1 7812
i 440 1 1 7812
i 2801 1 1 7812
i 882 1 1 23438
i 556 6 6 15625
i 557 3 3 15625
i 554 2 2 15625
i 565 1 1 7812
i 562 1 1 7812
end
npc 3421 # Rabbit (lvl 1)
g 526 1 1
g 3226 1 1
t 1 main
i 7896 1 1 250000
end
npc 3422 # Rabbit (lvl 1)
g 526 1 1
g 3226 1 1
t 1 main
i 7896 1 1 250000
end
npc 3652 # Man (lvl 2)
g 526 1 1
t 1 main
i 199 1 1 44843
i 201 1 1 33670
i 203 1 1 25253
i 205 1 1 19646
i 207 1 1 15432
i 209 1 1 11236
i 211 1 1 8425
i 213 1 1 7018
i 215 1 1 5615
i 2485 1 1 4212
i 1139 1 1 15625
i 217 1 1 4212
i 995 3 3 296875
i 995 10 10 179688
i 995 5 5 70312
i 995 15 15 31250
i 995 25 25 7812
i 313 1 1 39062
i 436 1 1 15625
i 1440 1 1 15625
i 1965 1 1 7812
i 1203 1 1 7812
i 11941 1 1 66667
i 23182 1 1 11111
i 2677 1 1 7812
i 877 2 12 171875
i 882 7 7 23438
i 557 4 4 15625
i 554 6 6 15625
i 558 9 9 15625
i 562 2 2 7812
end
npc 3972 # Skeleton (lvl 22)
g 526 1 1
t 1 main
i 1623 1 1 1953
i 1621 1 1 977
i 1619 1 1 488
i 1452 1 1 183
i 1462 1 1 183
i 1617 1 1 122
i 830 5 5 61
i 987 1 1 61
i 985 1 1 61
i 1247 1 1 4
i 2366 1 1 2
i 1249 1 1 1
i 556 12 12 15625
i 557 3 3 15625
i 554 2 2 15625
i 562 3 3 15625
i 561 3 3 7812
i 886 1 1 7812
i 995 10 10 164062
i 995 2 2 140625
i 995 12 12 117188
i 995 4 4 54688
i 995 16 16 31250
i 995 25 25 31250
i 995 33 33 31250
i 995 48 48 7812
i 1203 1 1 46875
i 1442 1 1 15625
i 440 1 1 7812
i 1947 1 1 7812
i 11941 1 1 71429
i 23182 1 1 10000
i 6806 1 1 200
i 19677 1 1 3185
i 19679 1 1 2123
i 19681 1 1 2123
i 19683 1 1 2123
i 23490 1 1 902
i 21257 1 1 3322
i 882 2 2 54688
i 882 5 5 31250
i 884 1 1 31250
end
npc 3973 # Skeleton (lvl 22)
g 526 1 1
t 1 main
i 1623 1 1 1953
i 1621 1 1 977
i 1619 1 1 488
i 1452 1 1 183
i 1462 1 1 183
i 1617 1 1 122
i 830 5 5 61
i 987 1 1 61
i 985 1 1 61
i 1247 1 1 4
i 2366 1 1 2
i 1249 1 1 1
i 556 12 12 15625
i 557 3 3 15625
i 554 2 2 15625
i 562 3 3 15625
i 561 3 3 7812
i 886 1 1 7812
i 995 10 10 164062
i 995 2 2 140625
i 995 12 12 117188
i 995 4 4 54688
i 995 16 16 31250
i 995 25 25 31250
i 995 33 33 31250
i 995 48 48 7812
i 1203 1 1 46875
i 1442 1 1 15625
i 440 1 1 7812
i 1947 1 1 7812
i 11941 1 1 71429
i 23182 1 1 10000
i 6806 1 1 200
i 19677 1 1 3185
i 19679 1 1 2123
i 19681 1 1 2123
i 19683 1 1 2123
i 23490 1 1 902
i 21257 1 1 3322
i 882 2 2 54688
i 882 5 5 31250
i 884 1 1 31250
end
npc 3974 # Skeleton (lvl 22)
g 526 1 1
t 1 main
i 1623 1 1 1953
i 1621 1 1 977
i 1619 1 1 488
i 1452 1 1 183
i 1462 1 1 183
i 1617 1 1 122
i 830 5 5 61
i 987 1 1 61
i 985 1 1 61
i 1247 1 1 4
i 2366 1 1 2
i 1249 1 1 1
i 556 12 12 15625
i 557 3 3 15625
i 554 2 2 15625
i 562 3 3 15625
i 561 3 3 7812
i 886 1 1 7812
i 995 10 10 164062
i 995 2 2 140625
i 995 12 12 117188
i 995 4 4 54688
i 995 16 16 31250
i 995 25 25 31250
i 995 33 33 31250
i 995 48 48 7812
i 1203 1 1 46875
i 1442 1 1 15625
i 440 1 1 7812
i 1947 1 1 7812
i 11941 1 1 71429
i 23182 1 1 10000
i 6806 1 1 200
i 19677 1 1 3185
i 19679 1 1 2123
i 19681 1 1 2123
i 19683 1 1 2123
i 23490 1 1 902
i 21257 1 1 3322
i 882 2 2 54688
i 882 5 5 31250
i 884 1 1 31250
end
npc 4099 # Guard (lvl 22)
g 526 1 1
g 995 30 30
t 1 main
i 561 1 1 7812
i 886 5 5 7812
i 5318 4 4 52632
i 5319 4 4 40000
i 5324 4 4 26316
i 5322 3 3 12987
i 5320 3 3 6452
i 5323 2 2 3215
i 5321 2 2 1536
i 22879 2 2 1116
i 9140 2 12 78125
i 995 1 1 148438
i 995 7 7 125000
i 995 5 5 140625
i 995 12 12 70312
i 995 4 4 62500
i 995 25 25 31250
i 995 17 17 31250
i 995 30 30 15625
i 1203 1 1 46875
i 1446 1 1 23438
i 886 1 1 31250
i 1947 1 1 7812
i 440 1 1 7812
i 2801 1 1 7812
i 882 1 1 23438
i 556 6 6 15625
i 557 3 3 15625
i 554 2 2 15625
i 565 1 1 7812
i 562 1 1 7812
end
npc 4100 # Guard (lvl 22)
g 526 1 1
g 995 30 30
t 1 main
i 561 1 1 7812
i 886 5 5 7812
i 5318 4 4 52632
i 5319 4 4 40000
i 5324 4 4 26316
i 5322 3 3 12987
i 5320 3 3 6452
i 5323 2 2 3215
i 5321 2 2 1536
i 22879 2 2 1116
i 9140 2 12 78125
i 995 1 1 148438
i 995 7 7 125000
i 995 5 5 140625
i 995 12 12 70312
i 995 4 4 62500
i 995 25 25 31250
i 995 17 17 31250
i 995 30 30 15625
i 1203 1 1 46875
i 1446 1 1 23438
i 886 1 1 31250
i 1947 1 1 7812
i 440 1 1 7812
i 2801 1 1 7812
i 882 1 1 23438
i 556 6 6 15625
i 557 3 3 15625
i 554 2 2 15625
i 565 1 1 7812
i 562 1 1 7812
end
npc 4114 # White Knight (lvl 36)
g 526 1 1
g 526 1 1
g 526 1 1
g 526 1 1
t 1 main
i 1623 1 1 3906
i 1621 1 1 1953
i 1619 1 1 977
i 1452 1 1 366
i 1462 1 1 366
i 1617 1 1 244
i 830 5 5 122
i 987 1 1 122
i 985 1 1 122
i 1247 1 1 8
i 2366 1 1 4
i 1249 1 1 3
i 1623 1 1 1953
i 1621 1 1 977
i 1619 1 1 488
i 1452 1 1 183
i 1462 1 1 183
i 1617 1 1 122
i 830 5 5 61
i 987 1 1 61
i 985 1 1 61
i 1247 1 1 4
i 2366 1 1 2
i 1249 1 1 1
i 888 5 5 15625
i 2351 1 1 15625
i 2323 1 1 7812
i 440 1 1 7812
i 1933 1 1 7812
i 890 2 2 7812
i 1293 1 1 15625
i 1141 1 1 15625
i 1281 1 1 15625
i 558 10 10 62500
i 565 2 2 7812
i 888 7 7 39062
i 561 6 6 31250
i 559 15 19 23438
i 562 4 4 23438
i 555 35 40 23438
i 890 4 4 23438
i 565 3 3 7812
i 563 3 3 7812
i 199 1 1 13680
i 201 1 1 10256
i 563 2 2 7812
i 203 1 1 7692
i 205 1 1 5981
i 207 1 1 4699
i 209 1 1 3418
i 211 1 1 2563
i 213 1 1 2136
i 215 1 1 1709
i 2485 1 1 1282
i 217 1 1 1282
i 5318 4 4 52632
i 199 1 1 9766
i 5319 4 4 40000
i 5324 4 4 26316
i 5322 3 3 12987
i 5320 3 3 6452
i 5323 2 2 3215
i 5321 2 2 1536
i 22879 2 2 1116
i 995 5 5 140625
i 995 15 19 101562
i 995 15 15 85938
i 201 1 1 7326
i 995 55 63 78125
i 995 50 69 78125
i 995 10 10 54688
i 995 5 5 46875
i 995 120 120 15625
i 995 1 1 7812
i 2351 2 2 46875
i 2351 1 1 15625
i 2323 1 1 7812
i 440 1 1 7812
i 203 1 1 5495
i 1933 1 1 7812
i 205 1 1 4272
i 1293 1 1 15625
i 1141 1 1 15625
i 1281 1 1 15625
i 558 12 12 23438
i 888 9 9 39062
i 561 7 7 31250
i 559 15 24 23438
i 207 1 1 3357
i 562 5 5 23438
i 555 40 47 23438
i 890 5 5 23438
i 565 3 3 7812
i 563 3 3 7812
i 199 1 1 13680
i 201 1 1 10256
i 203 1 1 7692
i 205 1 1 5981
i 207 1 1 4699
i 209 1 1 2441
i 209 1 1 3418
i 211 1 1 2563
i 213 1 1 2136
i 215 1 1 1709
i 2485 1 1 1282
i 217 1 1 1282
i 5318 4 4 83333
i 5319 4 4 62500
i 5324 4 4 40000
i 5322 3 3 20000
i 1293 1 1 15625
i 211 1 1 1831
i 5320 3 3 10000
i 5323 2 2 5000
i 5321 2 2 2392
i 22879 2 2 1736
i 995 5 5 218750
i 995 51 55 101562
i 995 15 15 85938
i 995 65 73 78125
i 995 10 10 54688
i 995 8 8 46875
i 213 1 1 1526
i 995 50 69 39062
i 995 120 120 23438
i 995 1 1 7812
i 2351 2 2 39062
i 2351 1 1 15625
i 2323 1 1 7812
i 440 1 1 7812
i 1933 1 1 7812
i 215 1 1 1221
i 2485 1 1 915
i 217 1 1 915
i 5318 4 4 43478
i 5319 4 4 32258
i 5324 4 4 21739
i 5322 3 3 10753
i 5320 3 3 5376
i 1281 1 1 7812
i 5323 2 2 2681
i 5321 2 2 1280
i 22879 2 2 930
i 995 48 48 117188
i 995 15 15 117188
i 995 5 5 117188
i 995 8 8 85938
i 995 45 53 78125
i 995 1 1 39062
i 995 2 2 39062
i 1141 1 1 7812
i 995 10 10 39062
i 995 120 120 7812
i 2351 2 2 46875
i 2351 1 1 15625
i 2323 1 1 7812
i 440 1 1 7812
i 1933 1 1 7812
i 558 5 5 85938
i 1293 1 1 15625
i 561 4 4 31250
i 1141 1 1 15625
i 1281 1 1 7812
i 558 7 7 62500
i 888 5 5 39062
i 561 5 5 31250
i 559 10 14 23438
i 562 3 3 23438
i 555 30 35 23438
i 890 2 2 23438
i 565 2 2 7812
i 559 9 13 23438
i 563 3 3 7812
i 199 1 1 13680
i 201 1 1 10256
i 203 1 1 7692
i 205 1 1 5981
i 207 1 1 4699
i 209 1 1 3418
i 211 1 1 2563
i 213 1 1 2136
i 215 1 1 1709
i 562 2 2 23438
i 2485 1 1 1282
i 217 1 1 1282
i 5318 4 4 52632
i 5319 4 4 40000
i 5324 4 4 26316
i 5322 3 3 12987
i 5320 3 3 6452
i 5323 2 2 3215
i 5321 2 2 1536
i 22879 2 2 1116
i 555 25 30 23438
i 995 5 5 140625
i 995 15 15 101562
i 995 10 10 85938
i 995 54 54 78125
i 995 50 58 78125
i 995 10 10 54688
i 995 3 3 46875
i 995 1 1 7812
i 995 120 120 7812
i 2351 2 2 62500
end
npc 4218 # Guard (lvl 22)
g 526 1 1
g 995 30 30
t 1 main
i 561 1 1 7812
i 886 5 5 7812
i 5318 4 4 52632
i 5319 4 4 40000
i 5324 4 4 26316
i 5322 3 3 12987
i 5320 3 3 6452
i 5323 2 2 3215
i 5321 2 2 1536
i 22879 2 2 1116
i 9140 2 12 78125
i 995 1 1 148438
i 995 7 7 125000
i 995 5 5 140625
i 995 12 12 70312
i 995 4 4 62500
i 995 25 25 31250
i 995 17 17 31250
i 995 30 30 15625
i 1203 1 1 46875
i 1446 1 1 23438
i 886 1 1 31250
i 1947 1 1 7812
i 440 1 1 7812
i 2801 1 1 7812
i 882 1 1 23438
i 556 6 6 15625
i 557 3 3 15625
i 554 2 2 15625
i 565 1 1 7812
i 562 1 1 7812
end
npc 4319 # Skeleton Mage (lvl 16)
g 526 1 1
t 1 main
i 6806 1 1 200
end
npc 4331 # Black Knight (lvl 33)
g 526 1 1
t 1 main
i 1623 1 1 5859
i 1621 1 1 2930
i 1619 1 1 1465
i 1452 1 1 549
i 1462 1 1 549
i 1617 1 1 366
i 830 5 5 183
i 987 1 1 183
i 985 1 1 183
i 1247 1 1 11
i 2366 1 1 6
i 1249 1 1 4
i 563 3 3 15625
i 564 7 7 7812
i 558 2 2 7812
i 199 1 1 5858
i 201 1 1 4394
i 203 1 1 3296
i 205 1 1 2563
i 207 1 1 2014
i 209 1 1 1465
i 211 1 1 1099
i 1279 1 1 31250
i 213 1 1 915
i 215 1 1 732
i 2485 1 1 549
i 217 1 1 549
i 5318 4 4 52632
i 5319 4 4 40000
i 5324 4 4 26316
i 5322 3 3 12987
i 5320 3 3 6452
i 5323 2 2 3215
i 1153 1 1 15625
i 5321 2 2 1536
i 22879 2 2 1116
i 2353 1 1 46875
i 438 1 1 7812
i 1933 1 1 7812
i 995 35 35 164062
i 995 5 5 140625
i 995 6 6 85938
i 995 58 58 78125
i 995 12 12 70312
i 1424 1 1 7812
i 995 10 10 23438
i 995 80 80 15625
i 995 1 1 7812
i 995 13 13 7812
i 2309 1 1 7812
i 888 3 3 31250
i 11941 1 1 111111
i 559 9 9 23438
i 562 6 6 23438
i 557 10 10 23438
i 560 2 2 15625
end
npc 4335 # Guard (lvl 22)
g 526 1 1
g 995 30 30
t 1 main
i 561 1 1 7812
i 886 5 5 7812
i 5318 4 4 52632
i 5319 4 4 40000
i 5324 4 4 26316
i 5322 3 3 12987
i 5320 3 3 6452
i 5323 2 2 3215
i 5321 2 2 1536
i 22879 2 2 1116
i 9140 2 12 78125
i 995 1 1 148438
i 995 7 7 125000
i 995 5 5 140625
i 995 12 12 70312
i 995 4 4 62500
i 995 25 25 31250
i 995 17 17 31250
i 995 30 30 15625
i 1203 1 1 46875
i 1446 1 1 23438
i 886 1 1 31250
i 1947 1 1 7812
i 440 1 1 7812
i 2801 1 1 7812
i 882 1 1 23438
i 556 6 6 15625
i 557 3 3 15625
i 554 2 2 15625
i 565 1 1 7812
i 562 1 1 7812
end
npc 4336 # Guard (lvl 22)
g 526 1 1
g 995 30 30
t 1 main
i 561 1 1 7812
i 886 5 5 7812
i 5318 4 4 52632
i 5319 4 4 40000
i 5324 4 4 26316
i 5322 3 3 12987
i 5320 3 3 6452
i 5323 2 2 3215
i 5321 2 2 1536
i 22879 2 2 1116
i 9140 2 12 78125
i 995 1 1 148438
i 995 7 7 125000
i 995 5 5 140625
i 995 12 12 70312
i 995 4 4 62500
i 995 25 25 31250
i 995 17 17 31250
i 995 30 30 15625
i 1203 1 1 46875
i 1446 1 1 23438
i 886 1 1 31250
i 1947 1 1 7812
i 440 1 1 7812
i 2801 1 1 7812
i 882 1 1 23438
i 556 6 6 15625
i 557 3 3 15625
i 554 2 2 15625
i 565 1 1 7812
i 562 1 1 7812
end
npc 4813 # Icefiend (lvl 18)
t 1 main
i 1623 1 1 5859
i 1621 1 1 2930
i 1619 1 1 1465
i 1452 1 1 549
i 1462 1 1 549
i 1617 1 1 366
i 830 5 5 183
i 987 1 1 183
i 985 1 1 183
i 1247 1 1 11
i 2366 1 1 6
i 1249 1 1 4
i 556 1 5 7812
i 11941 1 1 125000
i 11942 1 1 16667
i 2677 1 1 7812
i 555 1 5 31250
i 995 1 30 31250
i 995 1 20 31250
end
npc 5007 # Imp (lvl 7)
g 25766 1 1
t 1 main
i 2311 1 1 31250
i 2146 1 1 31250
i 1965 1 1 15625
i 2307 1 1 15625
i 2309 1 1 7812
i 2142 1 1 7812
i 2347 1 1 62500
i 590 1 1 39062
i 1735 1 1 31250
i 1925 1 1 31250
i 1474 1 1 39062
i 1929 1 1 15625
i 1935 1 1 15625
i 1937 1 1 15625
i 1931 1 1 15625
i 1933 1 1 15625
i 1759 1 1 62500
i 1448 1 1 54688
i 592 1 1 46875
i 434 1 1 31250
i 753 1 1 31250
i 1470 1 1 39062
i 1947 1 1 23438
i 1949 1 1 15625
i 956 1 1 15625
i 195 1 1 7812
i 13453 1 1 40000
i 11941 1 1 66667
i 11942 1 1 16667
i 6803 1 1 200
i 1476 1 1 39062
i 1472 1 1 39062
i 877 1 1 62500
i 579 1 1 62500
i 1944 1 1 39062
i 2138 1 1 39062
end
npc 5086 # Dark wizard (lvl 20)
g 526 1 1
t 1 main
i 1379 1 1 31250
i 1017 1 1 46875
i 581 1 1 23438
i 557 36 36 31250
i 556 10 10 23438
i 555 10 10 23438
i 557 10 10 23438
i 554 10 10 23438
i 556 18 18 15625
i 555 18 18 15625
i 557 18 18 15625
i 554 18 18 15625
i 561 4 4 54688
i 562 4 4 46875
i 558 10 10 23438
i 559 10 10 23438
i 558 18 18 15625
i 559 18 18 15625
i 565 2 2 15625
i 564 2 2 7812
i 563 3 3 7812
i 995 1 1 132812
i 995 2 2 125000
i 995 4 4 70312
i 995 29 29 23438
i 995 30 30 7812
i 1444 1 1 15625
i 1442 1 1 15625
i 11941 1 1 142857
i 23182 1 1 28571
end
npc 5087 # Dark wizard (lvl 20)
g 526 1 1
t 1 main
i 1379 1 1 31250
i 1017 1 1 46875
i 581 1 1 23438
i 557 36 36 31250
i 556 10 10 23438
i 555 10 10 23438
i 557 10 10 23438
i 554 10 10 23438
i 556 18 18 15625
i 555 18 18 15625
i 557 18 18 15625
i 554 18 18 15625
i 561 4 4 54688
i 562 4 4 46875
i 558 10 10 23438
i 559 10 10 23438
i 558 18 18 15625
i 559 18 18 15625
i 565 2 2 15625
i 564 2 2 7812
i 563 3 3 7812
i 995 1 1 132812
i 995 2 2 125000
i 995 4 4 70312
i 995 29 29 23438
i 995 30 30 7812
i 1444 1 1 15625
i 1442 1 1 15625
i 11941 1 1 142857
i 23182 1 1 28571
end
npc 5088 # Dark wizard (lvl 20)
g 526 1 1
t 1 main
i 1379 1 1 31250
i 1017 1 1 46875
i 581 1 1 23438
i 557 36 36 31250
i 556 10 10 23438
i 555 10 10 23438
i 557 10 10 23438
i 554 10 10 23438
i 556 18 18 15625
i 555 18 18 15625
i 557 18 18 15625
i 554 18 18 15625
i 561 4 4 54688
i 562 4 4 46875
i 558 10 10 23438
i 559 10 10 23438
i 558 18 18 15625
i 559 18 18 15625
i 565 2 2 15625
i 564 2 2 7812
i 563 3 3 7812
i 995 1 1 132812
i 995 2 2 125000
i 995 4 4 70312
i 995 29 29 23438
i 995 30 30 7812
i 1444 1 1 15625
i 1442 1 1 15625
i 11941 1 1 142857
i 23182 1 1 28571
end
npc 5089 # Dark wizard (lvl 20)
g 526 1 1
t 1 main
i 1379 1 1 31250
i 1017 1 1 46875
i 581 1 1 23438
i 557 36 36 31250
i 556 10 10 23438
i 555 10 10 23438
i 557 10 10 23438
i 554 10 10 23438
i 556 18 18 15625
i 555 18 18 15625
i 557 18 18 15625
i 554 18 18 15625
i 561 4 4 54688
i 562 4 4 46875
i 558 10 10 23438
i 559 10 10 23438
i 558 18 18 15625
i 559 18 18 15625
i 565 2 2 15625
i 564 2 2 7812
i 563 3 3 7812
i 995 1 1 132812
i 995 2 2 125000
i 995 4 4 70312
i 995 29 29 23438
i 995 30 30 7812
i 1444 1 1 15625
i 1442 1 1 15625
i 11941 1 1 142857
i 23182 1 1 28571
end
npc 5185 # Guard (lvl 22)
g 526 1 1
g 995 30 30
t 1 main
i 561 1 1 7812
i 886 5 5 7812
i 5318 4 4 52632
i 5319 4 4 40000
i 5324 4 4 26316
i 5322 3 3 12987
i 5320 3 3 6452
i 5323 2 2 3215
i 5321 2 2 1536
i 22879 2 2 1116
i 9140 2 12 78125
i 995 1 1 148438
i 995 7 7 125000
i 995 5 5 140625
i 995 12 12 70312
i 995 4 4 62500
i 995 25 25 31250
i 995 17 17 31250
i 995 30 30 15625
i 1203 1 1 46875
i 1446 1 1 23438
i 886 1 1 31250
i 1947 1 1 7812
i 440 1 1 7812
i 2801 1 1 7812
i 882 1 1 23438
i 556 6 6 15625
i 557 3 3 15625
i 554 2 2 15625
i 565 1 1 7812
i 562 1 1 7812
end
npc 5217 # Thief (lvl 16)
g 526 1 1
t 1 main
i 199 1 1 44843
i 201 1 1 33670
i 203 1 1 25253
i 205 1 1 19646
i 207 1 1 15432
i 209 1 1 11236
i 211 1 1 8425
i 213 1 1 7018
i 215 1 1 5615
i 2485 1 1 4212
i 1139 1 1 15625
i 217 1 1 4212
i 995 3 3 296875
i 995 10 10 179688
i 995 5 5 70312
i 995 15 15 31250
i 995 25 25 7812
i 313 1 1 39062
i 436 1 1 15625
i 1440 1 1 15625
i 1965 1 1 7812
i 1203 1 1 7812
i 23182 1 1 11111
i 2677 1 1 7812
i 877 2 12 171875
i 882 7 7 23438
i 557 4 4 15625
i 554 6 6 15625
i 558 9 9 15625
i 562 2 2 7812
end
npc 5238 # Spider (lvl 24)
t 1 main
i 11941 1 1 66667
i 23182 1 1 7812
i 23490 1 1 507
i 21257 1 1 3135
end
npc 5242 # Scorpion (lvl 59)
g 4569 1 1
t 1 main
i 11941 1 1 100000
i 13459 1 1 40000
i 23182 1 1 10000
i 23490 1 1 711
i 21257 1 1 3257
end
npc 5243 # Jungle spider (lvl 44)
g 6291 1 1
end
npc 5244 # Snake (lvl 35)
g 526 1 1
t 1 main
i 7860 1 1 250000
end
npc 5874 # Black demon (lvl 172)
g 25772 1 1
t 1 main
i 565 7 7 31250
i 554 37 37 7812
i 563 3 3 7812
i 199 1 1 44843
i 201 1 1 33670
i 203 1 1 25253
i 205 1 1 19646
i 207 1 1 15432
i 209 1 1 11236
i 211 1 1 8425
i 1283 1 1 31250
i 213 1 1 7018
i 215 1 1 5615
i 2485 1 1 4212
i 217 1 1 4212
i 995 132 132 312500
i 995 30 30 54688
i 995 44 44 46875
i 995 220 220 46875
i 995 460 460 7812
i 379 1 1 23438
i 1365 1 1 23438
i 2361 1 1 15625
i 133 1 1 7812
i 1361 1 1 15625
i 1197 1 1 7812
i 11941 1 1 333333
i 1147 1 1 7812
i 13501 1 1 28571
i 23083 1 1 11765
i 2722 1 1 7812
i 19677 1 1 4425
i 19679 1 1 2941
i 19681 1 1 2941
i 19683 1 1 2941
i 23490 1 1 12195
i 21257 1 1 5128
i 1113 1 1 7812
i 556 50 50 62500
i 562 10 10 54688
end
npc 5875 # Black demon (lvl 172)
g 25772 1 1
t 1 main
i 565 7 7 31250
i 554 37 37 7812
i 563 3 3 7812
i 199 1 1 44843
i 201 1 1 33670
i 203 1 1 25253
i 205 1 1 19646
i 207 1 1 15432
i 209 1 1 11236
i 211 1 1 8425
i 1283 1 1 31250
i 213 1 1 7018
i 215 1 1 5615
i 2485 1 1 4212
i 217 1 1 4212
i 995 132 132 312500
i 995 30 30 54688
i 995 44 44 46875
i 995 220 220 46875
i 995 460 460 7812
i 379 1 1 23438
i 1365 1 1 23438
i 2361 1 1 15625
i 133 1 1 7812
i 1361 1 1 15625
i 1197 1 1 7812
i 11941 1 1 333333
i 1147 1 1 7812
i 13501 1 1 28571
i 23083 1 1 11765
i 2722 1 1 7812
i 19677 1 1 4425
i 19679 1 1 2941
i 19681 1 1 2941
i 19683 1 1 2941
i 23490 1 1 12195
i 21257 1 1 5128
i 1113 1 1 7812
i 556 50 50 62500
i 562 10 10 54688
end
npc 5876 # Black demon (lvl 172)
g 25772 1 1
t 1 main
i 565 7 7 31250
i 554 37 37 7812
i 563 3 3 7812
i 199 1 1 44843
i 201 1 1 33670
i 203 1 1 25253
i 205 1 1 19646
i 207 1 1 15432
i 209 1 1 11236
i 211 1 1 8425
i 1283 1 1 31250
i 213 1 1 7018
i 215 1 1 5615
i 2485 1 1 4212
i 217 1 1 4212
i 995 132 132 312500
i 995 30 30 54688
i 995 44 44 46875
i 995 220 220 46875
i 995 460 460 7812
i 379 1 1 23438
i 1365 1 1 23438
i 2361 1 1 15625
i 133 1 1 7812
i 1361 1 1 15625
i 1197 1 1 7812
i 11941 1 1 333333
i 1147 1 1 7812
i 13501 1 1 28571
i 23083 1 1 11765
i 2722 1 1 7812
i 19677 1 1 4425
i 19679 1 1 2941
i 19681 1 1 2941
i 19683 1 1 2941
i 23490 1 1 12195
i 21257 1 1 5128
i 1113 1 1 7812
i 556 50 50 62500
i 562 10 10 54688
end
npc 5877 # Black demon (lvl 172)
g 25772 1 1
t 1 main
i 565 7 7 31250
i 554 37 37 7812
i 563 3 3 7812
i 199 1 1 44843
i 201 1 1 33670
i 203 1 1 25253
i 205 1 1 19646
i 207 1 1 15432
i 209 1 1 11236
i 211 1 1 8425
i 1283 1 1 31250
i 213 1 1 7018
i 215 1 1 5615
i 2485 1 1 4212
i 217 1 1 4212
i 995 132 132 312500
i 995 30 30 54688
i 995 44 44 46875
i 995 220 220 46875
i 995 460 460 7812
i 379 1 1 23438
i 1365 1 1 23438
i 2361 1 1 15625
i 133 1 1 7812
i 1361 1 1 15625
i 1197 1 1 7812
i 11941 1 1 333333
i 1147 1 1 7812
i 13501 1 1 28571
i 23083 1 1 11765
i 2722 1 1 7812
i 19677 1 1 4425
i 19679 1 1 2941
i 19681 1 1 2941
i 19683 1 1 2941
i 23490 1 1 12195
i 21257 1 1 5128
i 1113 1 1 7812
i 556 50 50 62500
i 562 10 10 54688
end
npc 5878 # Blue dragon (lvl 111)
g 1751 1 1
g 536 1 1
t 1 main
i 1623 1 1 9766
i 1621 1 1 4883
i 1619 1 1 2441
i 1452 1 1 915
i 1462 1 1 915
i 1617 1 1 610
i 830 5 5 305
i 987 1 1 305
i 985 1 1 305
i 1247 1 1 19
i 2366 1 1 10
i 1249 1 1 7
i 555 75 75 62500
i 561 15 15 39062
i 563 3 3 23438
i 554 37 37 7812
i 199 1 1 29326
i 201 1 1 21978
i 203 1 1 16474
i 205 1 1 12821
i 207 1 1 10070
i 209 1 1 7326
i 211 1 1 5495
i 213 1 1 4577
i 215 1 1 3662
i 2485 1 1 2746
i 217 1 1 2746
i 995 44 44 226562
i 995 132 132 195312
i 995 200 200 78125
i 995 11 11 39062
i 995 440 440 7812
i 1069 1 1 31250
i 449 1 1 23438
i 365 1 1 23438
i 1355 1 1 23438
i 13510 1 1 20000
i 23083 1 1 10309
i 2722 1 1 7812
i 1365 1 1 23438
i 1243 1 1 15625
i 1161 1 1 7812
i 1197 1 1 7812
i 1213 1 1 7812
end
npc 5879 # Blue dragon (lvl 111)
g 1751 1 1
g 536 1 1
t 1 main
i 1623 1 1 9766
i 1621 1 1 4883
i 1619 1 1 2441
i 1452 1 1 915
i 1462 1 1 915
i 1617 1 1 610
i 830 5 5 305
i 987 1 1 305
i 985 1 1 305
i 1247 1 1 19
i 2366 1 1 10
i 1249 1 1 7
i 555 75 75 62500
i 561 15 15 39062
i 563 3 3 23438
i 554 37 37 7812
i 199 1 1 29326
i 201 1 1 21978
i 203 1 1 16474
i 205 1 1 12821
i 207 1 1 10070
i 209 1 1 7326
i 211 1 1 5495
i 213 1 1 4577
i 215 1 1 3662
i 2485 1 1 2746
i 217 1 1 2746
i 995 44 44 226562
i 995 132 132 195312
i 995 200 200 78125
i 995 11 11 39062
i 995 440 440 7812
i 1069 1 1 31250
i 449 1 1 23438
i 365 1 1 23438
i 1355 1 1 23438
i 13510 1 1 20000
i 23083 1 1 10309
i 2722 1 1 7812
i 1365 1 1 23438
i 1243 1 1 15625
i 1161 1 1 7812
i 1197 1 1 7812
i 1213 1 1 7812
end
npc 5880 # Blue dragon (lvl 111)
g 1751 1 1
g 536 1 1
t 1 main
i 1623 1 1 9766
i 1621 1 1 4883
i 1619 1 1 2441
i 1452 1 1 915
i 1462 1 1 915
i 1617 1 1 610
i 830 5 5 305
i 987 1 1 305
i 985 1 1 305
i 1247 1 1 19
i 2366 1 1 10
i 1249 1 1 7
i 555 75 75 62500
i 561 15 15 39062
i 563 3 3 23438
i 554 37 37 7812
i 199 1 1 29326
i 201 1 1 21978
i 203 1 1 16474
i 205 1 1 12821
i 207 1 1 10070
i 209 1 1 7326
i 211 1 1 5495
i 213 1 1 4577
i 215 1 1 3662
i 2485 1 1 2746
i 217 1 1 2746
i 995 44 44 226562
i 995 132 132 195312
i 995 200 200 78125
i 995 11 11 39062
i 995 440 440 7812
i 1069 1 1 31250
i 449 1 1 23438
i 365 1 1 23438
i 1355 1 1 23438
i 13510 1 1 20000
i 23083 1 1 10309
i 2722 1 1 7812
i 1365 1 1 23438
i 1243 1 1 15625
i 1161 1 1 7812
i 1197 1 1 7812
i 1213 1 1 7812
end
npc 5881 # Blue dragon (lvl 111)
g 1751 1 1
g 536 1 1
t 1 main
i 1623 1 1 9766
i 1621 1 1 4883
i 1619 1 1 2441
i 1452 1 1 915
i 1462 1 1 915
i 1617 1 1 610
i 830 5 5 305
i 987 1 1 305
i 985 1 1 305
i 1247 1 1 19
i 2366 1 1 10
i 1249 1 1 7
i 555 75 75 62500
i 561 15 15 39062
i 563 3 3 23438
i 554 37 37 7812
i 199 1 1 29326
i 201 1 1 21978
i 203 1 1 16474
i 205 1 1 12821
i 207 1 1 10070
i 209 1 1 7326
i 211 1 1 5495
i 213 1 1 4577
i 215 1 1 3662
i 2485 1 1 2746
i 217 1 1 2746
i 995 44 44 226562
i 995 132 132 195312
i 995 200 200 78125
i 995 11 11 39062
i 995 440 440 7812
i 1069 1 1 31250
i 449 1 1 23438
i 365 1 1 23438
i 1355 1 1 23438
i 13510 1 1 20000
i 23083 1 1 10309
i 2722 1 1 7812
i 1365 1 1 23438
i 1243 1 1 15625
i 1161 1 1 7812
i 1197 1 1 7812
i 1213 1 1 7812
end
npc 5882 # Blue dragon (lvl 111)
g 1751 1 1
g 536 1 1
t 1 main
i 1623 1 1 9766
i 1621 1 1 4883
i 1619 1 1 2441
i 1452 1 1 915
i 1462 1 1 915
i 1617 1 1 610
i 830 5 5 305
i 987 1 1 305
i 985 1 1 305
i 1247 1 1 19
i 2366 1 1 10
i 1249 1 1 7
i 555 75 75 62500
i 561 15 15 39062
i 563 3 3 23438
i 554 37 37 7812
i 199 1 1 29326
i 201 1 1 21978
i 203 1 1 16474
i 205 1 1 12821
i 207 1 1 10070
i 209 1 1 7326
i 211 1 1 5495
i 213 1 1 4577
i 215 1 1 3662
i 2485 1 1 2746
i 217 1 1 2746
i 995 44 44 226562
i 995 132 132 195312
i 995 200 200 78125
i 995 11 11 39062
i 995 440 440 7812
i 1069 1 1 31250
i 449 1 1 23438
i 365 1 1 23438
i 1355 1 1 23438
i 13510 1 1 20000
i 23083 1 1 10309
i 2722 1 1 7812
i 1365 1 1 23438
i 1243 1 1 15625
i 1161 1 1 7812
i 1197 1 1 7812
i 1213 1 1 7812
end
npc 5942 # Dagannoth (lvl 135)
g 526 1 1
t 1 main
i 1623 1 1 1953
i 1621 1 1 977
i 1619 1 1 488
i 1452 1 1 183
i 1462 1 1 183
i 1617 1 1 122
i 830 5 5 61
i 987 1 1 61
i 985 1 1 61
i 1247 1 1 4
i 2366 1 1 2
i 1249 1 1 1
i 5281 1 1 18484
i 5106 1 1 13106
i 5298 1 1 13106
i 5280 1 1 12516
i 22873 1 1 8937
i 5299 1 1 8937
i 5300 1 1 5959
i 5301 1 1 4172
i 5302 1 1 2980
i 22879 3 3 2383
i 1239 1 1 46875
i 5303 1 1 1788
i 5304 1 1 1192
i 301 1 1 93750
i 345 3 3 31250
i 327 5 5 31250
i 311 1 1 23438
i 314 15 15 15625
i 313 50 50 15625
i 377 1 1 15625
i 359 1 1 15625
i 1237 1 1 39062
i 401 10 10 15625
i 413 1 1 7812
i 411 2 2 7812
i 995 56 56 226562
i 995 25 25 70312
i 995 44 44 62500
i 995 41 41 46875
i 405 1 1 7812
i 45 12 12 15625
i 1243 1 1 7812
i 555 15 15 31250
i 7857 1 1 250000
i 13492 1 1 25000
i 2801 1 1 7812
i 23083 1 1 4255
i 886 15 15 15625
i 828 3 3 7812
i 5296 1 1 28011
i 5297 1 1 19084
end
npc 6056 # Guard (lvl 22)
g 526 1 1
g 995 30 30
t 1 main
i 561 1 1 7812
i 886 5 5 7812
i 5318 4 4 52632
i 5319 4 4 40000
i 5324 4 4 26316
i 5322 3 3 12987
i 5320 3 3 6452
i 5323 2 2 3215
i 5321 2 2 1536
i 22879 2 2 1116
i 9140 2 12 78125
i 995 1 1 148438
i 995 7 7 125000
i 995 5 5 140625
i 995 12 12 70312
i 995 4 4 62500
i 995 25 25 31250
i 995 17 17 31250
i 995 30 30 15625
i 1203 1 1 46875
i 1446 1 1 23438
i 886 1 1 31250
i 1947 1 1 7812
i 440 1 1 7812
i 2801 1 1 7812
i 882 1 1 23438
i 556 6 6 15625
i 557 3 3 15625
i 554 2 2 15625
i 565 1 1 7812
i 562 1 1 7812
end
npc 6561 # Guard (lvl 22)
g 526 1 1
g 995 30 30
t 1 main
i 561 1 1 7812
i 886 5 5 7812
i 5318 4 4 52632
i 5319 4 4 40000
i 5324 4 4 26316
i 5322 3 3 12987
i 5320 3 3 6452
i 5323 2 2 3215
i 5321 2 2 1536
i 22879 2 2 1116
i 9140 2 12 78125
i 995 1 1 148438
i 995 7 7 125000
i 995 5 5 140625
i 995 12 12 70312
i 995 4 4 62500
i 995 25 25 31250
i 995 17 17 31250
i 995 30 30 15625
i 1203 1 1 46875
i 1446 1 1 23438
i 886 1 1 31250
i 1947 1 1 7812
i 440 1 1 7812
i 2801 1 1 7812
i 882 1 1 23438
i 556 6 6 15625
i 557 3 3 15625
i 554 2 2 15625
i 565 1 1 7812
i 562 1 1 7812
end
npc 6596 # Zombie (lvl 13)
g 526 1 1
g 526 1 1
g 526 1 1
g 526 1 1
g 526 1 1
t 1 main
i 1623 1 1 5000
i 1621 1 1 2500
i 1619 1 1 1250
i 1452 1 1 469
i 1462 1 1 469
i 1617 1 1 312
i 830 5 5 156
i 987 1 1 156
i 985 1 1 156
i 1247 1 1 10
i 2366 1 1 5
i 1249 1 1 4
i 1623 1 1 1953
i 1621 1 1 977
i 1619 1 1 488
i 1452 1 1 183
i 1462 1 1 183
i 1617 1 1 122
i 830 5 5 61
i 987 1 1 61
i 985 1 1 61
i 1247 1 1 4
i 2366 1 1 2
i 1249 1 1 1
i 884 5 5 54688
i 217 1 1 2380
i 995 10 10 148438
i 995 26 26 39062
i 995 35 35 31250
i 995 1 1 15625
i 995 18 18 7812
i 313 3 3 328125
i 11940 3 3 328125
i 313 4 4 195312
i 11940 4 4 195312
i 559 6 6 39062
i 313 7 7 23438
i 11940 7 7 23438
i 221 1 1 15625
i 590 1 1 7812
i 558 5 5 39062
i 7863 1 1 250000
i 6807 1 1 200
i 23490 1 1 798
i 21257 1 1 3322
i 556 13 13 31250
i 886 5 14 200000
i 559 7 7 100000
i 199 1 1 10000
i 201 1 1 7502
i 203 1 1 5624
i 205 1 1 4374
i 207 1 1 3438
i 209 1 1 2500
i 211 1 1 1875
i 213 1 1 1562
i 884 8 8 31250
i 215 1 1 1250
i 2485 1 1 937
i 217 1 1 937
i 995 5 84 100000
i 995 10 10 40000
i 1917 1 1 100000
i 592 1 1 40000
i 886 5 5 15625
i 6807 1 1 200
i 561 6 6 7812
i 199 1 1 48780
i 201 1 1 36630
i 203 1 1 27473
i 7863 1 1 250000
i 205 1 1 21368
i 207 1 1 16779
i 209 1 1 12210
i 211 1 1 9158
i 213 1 1 7628
i 215 1 1 6105
i 2485 1 1 4577
i 217 1 1 4577
i 995 10 10 281250
i 995 4 4 31250
i 6807 1 1 200
i 995 18 18 23438
i 995 13 13 15625
i 995 28 28 15625
i 313 5 5 289062
i 436 1 1 15625
i 7863 1 1 250000
i 6807 1 1 200
i 1420 1 1 23438
i 1203 1 1 15625
i 23490 1 1 798
i 1189 1 1 7812
i 888 1 1 23438
i 559 3 3 15625
i 556 4 4 23438
i 562 4 4 7812
i 564 2 2 7812
i 554 7 7 7812
i 199 1 1 58480
i 201 1 1 43860
i 203 1 1 33003
i 21257 1 1 3322
i 205 1 1 25641
i 207 1 1 20161
i 209 1 1 14641
i 211 1 1 10989
i 213 1 1 9158
i 215 1 1 7326
i 2485 1 1 5495
i 217 1 1 5495
i 995 10 10 312500
i 995 18 18 164062
i 995 26 26 62500
i 995 35 35 46875
i 995 1 1 15625
i 313 7 7 203125
i 590 1 1 15625
i 221 1 1 7812
i 438 1 1 7812
i 1139 1 1 31250
i 7863 1 1 250000
i 1291 1 1 7812
i 6807 1 1 200
i 1189 1 1 15625
i 1203 1 1 15625
i 1420 1 1 7812
i 564 2 2 46875
i 562 4 4 39062
i 556 3 3 23438
i 559 3 3 23438
i 554 7 7 7812
i 1349 1 1 7812
i 199 1 1 25381
i 201 1 1 19048
i 203 1 1 14286
i 205 1 1 11111
i 207 1 1 8726
i 209 1 1 6349
i 211 1 1 4760
i 213 1 1 3967
i 215 1 1 3174
i 2485 1 1 2380
end
npc 6597 # Zombie (lvl 13)
g 526 1 1
g 526 1 1
g 526 1 1
g 526 1 1
g 526 1 1
t 1 main
i 1623 1 1 5000
i 1621 1 1 2500
i 1619 1 1 1250
i 1452 1 1 469
i 1462 1 1 469
i 1617 1 1 312
i 830 5 5 156
i 987 1 1 156
i 985 1 1 156
i 1247 1 1 10
i 2366 1 1 5
i 1249 1 1 4
i 1623 1 1 1953
i 1621 1 1 977
i 1619 1 1 488
i 1452 1 1 183
i 1462 1 1 183
i 1617 1 1 122
i 830 5 5 61
i 987 1 1 61
i 985 1 1 61
i 1247 1 1 4
i 2366 1 1 2
i 1249 1 1 1
i 884 5 5 54688
i 217 1 1 2380
i 995 10 10 148438
i 995 26 26 39062
i 995 35 35 31250
i 995 1 1 15625
i 995 18 18 7812
i 313 3 3 328125
i 11940 3 3 328125
i 313 4 4 195312
i 11940 4 4 195312
i 559 6 6 39062
i 313 7 7 23438
i 11940 7 7 23438
i 221 1 1 15625
i 590 1 1 7812
i 558 5 5 39062
i 7863 1 1 250000
i 6807 1 1 200
i 23490 1 1 798
i 21257 1 1 3322
i 556 13 13 31250
i 886 5 14 200000
i 559 7 7 100000
i 199 1 1 10000
i 201 1 1 7502
i 203 1 1 5624
i 205 1 1 4374
i 207 1 1 3438
i 209 1 1 2500
i 211 1 1 1875
i 213 1 1 1562
i 884 8 8 31250
i 215 1 1 1250
i 2485 1 1 937
i 217 1 1 937
i 995 5 84 100000
i 995 10 10 40000
i 1917 1 1 100000
i 592 1 1 40000
i 886 5 5 15625
i 6807 1 1 200
i 561 6 6 7812
i 199 1 1 48780
i 201 1 1 36630
i 203 1 1 27473
i 7863 1 1 250000
i 205 1 1 21368
i 207 1 1 16779
i 209 1 1 12210
i 211 1 1 9158
i 213 1 1 7628
i 215 1 1 6105
i 2485 1 1 4577
i 217 1 1 4577
i 995 10 10 281250
i 995 4 4 31250
i 6807 1 1 200
i 995 18 18 23438
i 995 13 13 15625
i 995 28 28 15625
i 313 5 5 289062
i 436 1 1 15625
i 7863 1 1 250000
i 6807 1 1 200
i 1420 1 1 23438
i 1203 1 1 15625
i 23490 1 1 798
i 1189 1 1 7812
i 888 1 1 23438
i 559 3 3 15625
i 556 4 4 23438
i 562 4 4 7812
i 564 2 2 7812
i 554 7 7 7812
i 199 1 1 58480
i 201 1 1 43860
i 203 1 1 33003
i 21257 1 1 3322
i 205 1 1 25641
i 207 1 1 20161
i 209 1 1 14641
i 211 1 1 10989
i 213 1 1 9158
i 215 1 1 7326
i 2485 1 1 5495
i 217 1 1 5495
i 995 10 10 312500
i 995 18 18 164062
i 995 26 26 62500
i 995 35 35 46875
i 995 1 1 15625
i 313 7 7 203125
i 590 1 1 15625
i 221 1 1 7812
i 438 1 1 7812
i 1139 1 1 31250
i 7863 1 1 250000
i 1291 1 1 7812
i 6807 1 1 200
i 1189 1 1 15625
i 1203 1 1 15625
i 1420 1 1 7812
i 564 2 2 46875
i 562 4 4 39062
i 556 3 3 23438
i 559 3 3 23438
i 554 7 7 7812
i 1349 1 1 7812
i 199 1 1 25381
i 201 1 1 19048
i 203 1 1 14286
i 205 1 1 11111
i 207 1 1 8726
i 209 1 1 6349
i 211 1 1 4760
i 213 1 1 3967
i 215 1 1 3174
i 2485 1 1 2380
end
npc 6598 # Zombie (lvl 13)
g 526 1 1
g 526 1 1
g 526 1 1
g 526 1 1
g 526 1 1
t 1 main
i 1623 1 1 5000
i 1621 1 1 2500
i 1619 1 1 1250
i 1452 1 1 469
i 1462 1 1 469
i 1617 1 1 312
i 830 5 5 156
i 987 1 1 156
i 985 1 1 156
i 1247 1 1 10
i 2366 1 1 5
i 1249 1 1 4
i 1623 1 1 1953
i 1621 1 1 977
i 1619 1 1 488
i 1452 1 1 183
i 1462 1 1 183
i 1617 1 1 122
i 830 5 5 61
i 987 1 1 61
i 985 1 1 61
i 1247 1 1 4
i 2366 1 1 2
i 1249 1 1 1
i 884 5 5 54688
i 217 1 1 2380
i 995 10 10 148438
i 995 26 26 39062
i 995 35 35 31250
i 995 1 1 15625
i 995 18 18 7812
i 313 3 3 328125
i 11940 3 3 328125
i 313 4 4 195312
i 11940 4 4 195312
i 559 6 6 39062
i 313 7 7 23438
i 11940 7 7 23438
i 221 1 1 15625
i 590 1 1 7812
i 558 5 5 39062
i 7863 1 1 250000
i 6807 1 1 200
i 23490 1 1 798
i 21257 1 1 3322
i 556 13 13 31250
i 886 5 14 200000
i 559 7 7 100000
i 199 1 1 10000
i 201 1 1 7502
i 203 1 1 5624
i 205 1 1 4374
i 207 1 1 3438
i 209 1 1 2500
i 211 1 1 1875
i 213 1 1 1562
i 884 8 8 31250
i 215 1 1 1250
i 2485 1 1 937
i 217 1 1 937
i 995 5 84 100000
i 995 10 10 40000
i 1917 1 1 100000
i 592 1 1 40000
i 886 5 5 15625
i 6807 1 1 200
i 561 6 6 7812
i 199 1 1 48780
i 201 1 1 36630
i 203 1 1 27473
i 7863 1 1 250000
i 205 1 1 21368
i 207 1 1 16779
i 209 1 1 12210
i 211 1 1 9158
i 213 1 1 7628
i 215 1 1 6105
i 2485 1 1 4577
i 217 1 1 4577
i 995 10 10 281250
i 995 4 4 31250
i 6807 1 1 200
i 995 18 18 23438
i 995 13 13 15625
i 995 28 28 15625
i 313 5 5 289062
i 436 1 1 15625
i 7863 1 1 250000
i 6807 1 1 200
i 1420 1 1 23438
i 1203 1 1 15625
i 23490 1 1 798
i 1189 1 1 7812
i 888 1 1 23438
i 559 3 3 15625
i 556 4 4 23438
i 562 4 4 7812
i 564 2 2 7812
i 554 7 7 7812
i 199 1 1 58480
i 201 1 1 43860
i 203 1 1 33003
i 21257 1 1 3322
i 205 1 1 25641
i 207 1 1 20161
i 209 1 1 14641
i 211 1 1 10989
i 213 1 1 9158
i 215 1 1 7326
i 2485 1 1 5495
i 217 1 1 5495
i 995 10 10 312500
i 995 18 18 164062
i 995 26 26 62500
i 995 35 35 46875
i 995 1 1 15625
i 313 7 7 203125
i 590 1 1 15625
i 221 1 1 7812
i 438 1 1 7812
i 1139 1 1 31250
i 7863 1 1 250000
i 1291 1 1 7812
i 6807 1 1 200
i 1189 1 1 15625
i 1203 1 1 15625
i 1420 1 1 7812
i 564 2 2 46875
i 562 4 4 39062
i 556 3 3 23438
i 559 3 3 23438
i 554 7 7 7812
i 1349 1 1 7812
i 199 1 1 25381
i 201 1 1 19048
i 203 1 1 14286
i 205 1 1 11111
i 207 1 1 8726
i 209 1 1 6349
i 211 1 1 4760
i 213 1 1 3967
i 215 1 1 3174
i 2485 1 1 2380
end
npc 6603 # Rogue (lvl 15)
g 526 1 1
t 1 main
i 199 1 1 44843
i 201 1 1 33670
i 203 1 1 25253
i 205 1 1 19646
i 207 1 1 15432
i 209 1 1 11236
i 211 1 1 8425
i 213 1 1 7018
i 215 1 1 5615
i 2485 1 1 4212
i 1139 1 1 15625
i 217 1 1 4212
i 995 3 3 296875
i 995 5 5 70312
i 995 15 15 31250
i 995 25 25 7812
i 313 1 1 39062
i 436 1 1 15625
i 1440 1 1 15625
i 1965 1 1 7812
i 11941 1 1 100000
i 1203 1 1 7812
i 23182 1 1 11111
i 2677 1 1 7812
i 23490 1 1 732
i 21257 1 1 3257
i 877 2 12 171875
i 882 7 7 23438
i 557 4 4 15625
i 554 6 6 15625
i 558 9 9 15625
i 562 2 2 7812
end
npc 6605 # Bandit (lvl 74)
t 1 main
i 1623 1 1 5859
i 1621 1 1 2930
i 1619 1 1 1465
i 1452 1 1 549
i 1462 1 1 549
i 1617 1 1 366
i 830 5 5 183
i 987 1 1 183
i 985 1 1 183
i 1247 1 1 11
i 2366 1 1 6
i 1249 1 1 4
i 23490 1 1 12821
i 21257 1 1 5102
i 23490 1 1 902
i 21257 1 1 3344
i 23490 1 1 11111
i 21257 1 1 5102
end
npc 6606 # Dark warrior (lvl 8)
g 526 1 1
t 1 main
i 562 2 2 7812
i 561 3 3 15625
i 199 1 1 5858
i 201 1 1 4394
i 203 1 1 3296
i 205 1 1 2563
i 207 1 1 2014
i 209 1 1 1465
i 211 1 1 1099
i 213 1 1 915
i 1139 1 1 23438
i 215 1 1 732
i 2485 1 1 549
i 217 1 1 549
i 995 1 1 242188
i 995 2 2 156250
i 995 6 6 156250
i 995 13 13 54688
i 995 20 20 46875
i 995 10 10 23438
i 995 30 30 15625
i 1420 1 1 7812
i 440 1 1 7812
i 325 1 1 7812
i 11941 1 1 66667
i 1151 1 1 7812
i 1426 1 1 7812
i 558 2 2 23438
i 555 3 3 15625
i 557 2 2 7812
i 882 8 8 31250
end
npc 6608 # Ankou (lvl 75)
g 526 1 1
g 20543 1 1
t 1 main
i 1623 1 1 5000
i 1621 1 1 2500
i 1619 1 1 1250
i 1452 1 1 469
i 1462 1 1 469
i 1617 1 1 312
i 830 5 5 156
i 987 1 1 156
i 985 1 1 156
i 1247 1 1 10
i 2366 1 1 5
i 1249 1 1 4
i 201 1 1 5624
i 203 1 1 4219
i 205 1 1 3281
i 207 1 1 2578
i 209 1 1 1875
i 211 1 1 1406
i 213 1 1 1172
i 215 1 1 937
i 2485 1 1 703
i 217 1 1 703
i 869 1 1 10000
i 5100 1 1 1307
i 5323 1 1 1250
i 5292 1 1 1193
i 5104 1 1 878
i 5293 1 1 811
i 5311 1 1 792
i 5321 1 1 601
i 5294 1 1 534
i 22879 1 1 382
i 5295 1 1 372
i 581 1 1 10000
i 5105 1 1 324
i 5282 1 1 277
i 5296 1 1 258
i 5281 1 1 172
i 5297 1 1 172
i 5106 1 1 124
i 5298 1 1 115
i 5280 1 1 115
i 5299 1 1 86
i 22873 1 1 76
i 890 5 14 40000
i 5300 1 1 48
i 5301 1 1 38
i 5302 1 1 29
i 5303 1 1 19
i 5304 1 1 10
i 7936 15 15 50000
i 1436 15 15 50000
i 447 3 7 20000
i 995 8 8 330000
i 995 5 204 100000
i 560 10 10 100000
i 995 10 10 30000
i 995 5 5 10000
i 11940 60 60 330000
i 313 60 60 330000
i 9008 1 1 30000
i 365 1 1 20000
i 187 1 1 20000
i 7082 1 1 10000
i 565 11 11 60000
i 563 2 2 60000
i 23083 1 1 4444
i 2722 1 1 1953
i 19677 1 1 3413
i 19679 1 1 2273
i 19681 1 1 2273
i 19683 1 1 2273
i 565 5 5 30000
i 199 1 1 7502
end
npc 6741 # Zombie (lvl 13)
g 526 1 1
g 526 1 1
g 526 1 1
g 526 1 1
g 526 1 1
t 1 main
i 1623 1 1 5000
i 1621 1 1 2500
i 1619 1 1 1250
i 1452 1 1 469
i 1462 1 1 469
i 1617 1 1 312
i 830 5 5 156
i 987 1 1 156
i 985 1 1 156
i 1247 1 1 10
i 2366 1 1 5
i 1249 1 1 4
i 1623 1 1 1953
i 1621 1 1 977
i 1619 1 1 488
i 1452 1 1 183
i 1462 1 1 183
i 1617 1 1 122
i 830 5 5 61
i 987 1 1 61
i 985 1 1 61
i 1247 1 1 4
i 2366 1 1 2
i 1249 1 1 1
i 884 5 5 54688
i 217 1 1 2380
i 995 10 10 148438
i 995 26 26 39062
i 995 35 35 31250
i 995 1 1 15625
i 995 18 18 7812
i 313 3 3 328125
i 11940 3 3 328125
i 313 4 4 195312
i 11940 4 4 195312
i 559 6 6 39062
i 313 7 7 23438
i 11940 7 7 23438
i 221 1 1 15625
i 590 1 1 7812
i 558 5 5 39062
i 7863 1 1 250000
i 6807 1 1 200
i 23490 1 1 798
i 21257 1 1 3322
i 556 13 13 31250
i 886 5 14 200000
i 559 7 7 100000
i 199 1 1 10000
i 201 1 1 7502
i 203 1 1 5624
i 205 1 1 4374
i 207 1 1 3438
i 209 1 1 2500
i 211 1 1 1875
i 213 1 1 1562
i 884 8 8 31250
i 215 1 1 1250
i 2485 1 1 937
i 217 1 1 937
i 995 5 84 100000
i 995 10 10 40000
i 1917 1 1 100000
i 592 1 1 40000
i 886 5 5 15625
i 6807 1 1 200
i 561 6 6 7812
i 199 1 1 48780
i 201 1 1 36630
i 203 1 1 27473
i 7863 1 1 250000
i 205 1 1 21368
i 207 1 1 16779
i 209 1 1 12210
i 211 1 1 9158
i 213 1 1 7628
i 215 1 1 6105
i 2485 1 1 4577
i 217 1 1 4577
i 995 10 10 281250
i 995 4 4 31250
i 6807 1 1 200
i 995 18 18 23438
i 995 13 13 15625
i 995 28 28 15625
i 313 5 5 289062
i 436 1 1 15625
i 7863 1 1 250000
i 6807 1 1 200
i 1420 1 1 23438
i 1203 1 1 15625
i 23490 1 1 798
i 1189 1 1 7812
i 888 1 1 23438
i 559 3 3 15625
i 556 4 4 23438
i 562 4 4 7812
i 564 2 2 7812
i 554 7 7 7812
i 199 1 1 58480
i 201 1 1 43860
i 203 1 1 33003
i 21257 1 1 3322
i 205 1 1 25641
i 207 1 1 20161
i 209 1 1 14641
i 211 1 1 10989
i 213 1 1 9158
i 215 1 1 7326
i 2485 1 1 5495
i 217 1 1 5495
i 995 10 10 312500
i 995 18 18 164062
i 995 26 26 62500
i 995 35 35 46875
i 995 1 1 15625
i 313 7 7 203125
i 590 1 1 15625
i 221 1 1 7812
i 438 1 1 7812
i 1139 1 1 31250
i 7863 1 1 250000
i 1291 1 1 7812
i 6807 1 1 200
i 1189 1 1 15625
i 1203 1 1 15625
i 1420 1 1 7812
i 564 2 2 46875
i 562 4 4 39062
i 556 3 3 23438
i 559 3 3 23438
i 554 7 7 7812
i 1349 1 1 7812
i 199 1 1 25381
i 201 1 1 19048
i 203 1 1 14286
i 205 1 1 11111
i 207 1 1 8726
i 209 1 1 6349
i 211 1 1 4760
i 213 1 1 3967
i 215 1 1 3174
i 2485 1 1 2380
end
npc 7241 # Abyssal demon (lvl 124)
g 25775 1 1
t 1 main
i 556 50 50 62500
i 562 10 10 46875
i 565 7 7 31250
i 563 3 3 7812
i 199 1 1 37175
i 201 1 1 27855
i 203 1 1 20877
i 205 1 1 16234
i 207 1 1 12755
i 209 1 1 9276
i 1283 1 1 31250
i 211 1 1 6959
i 213 1 1 5797
i 215 1 1 4638
i 2485 1 1 3479
i 217 1 1 3479
i 7936 60 60 39062
i 2361 1 1 15625
i 995 132 132 273438
i 995 220 220 70312
i 995 30 30 54688
i 1365 1 1 23438
i 995 44 44 46875
i 995 460 460 7812
i 379 1 1 15625
i 1454 1 1 7812
i 1452 1 1 7812
i 133 1 1 7812
i 1361 1 1 15625
i 1197 1 1 7812
i 1113 1 1 7812
i 13507 1 1 40000
i 23083 1 1 13158
i 2722 1 1 7812
i 12073 1 1 833
i 7979 1 1 167
i 19677 1 1 4292
i 19679 1 1 2857
i 19681 1 1 2857
i 1147 1 1 7812
i 19683 1 1 2857
i 4151 1 1 1953
i 13265 1 1 31
end
npc 7242 # Black demon (lvl 172)
g 25772 1 1
t 1 main
i 565 7 7 31250
i 554 37 37 7812
i 563 3 3 7812
i 199 1 1 44843
i 201 1 1 33670
i 203 1 1 25253
i 205 1 1 19646
i 207 1 1 15432
i 209 1 1 11236
i 211 1 1 8425
i 1283 1 1 31250
i 213 1 1 7018
i 215 1 1 5615
i 2485 1 1 4212
i 217 1 1 4212
i 995 132 132 312500
i 995 30 30 54688
i 995 44 44 46875
i 995 220 220 46875
i 995 460 460 7812
i 379 1 1 23438
i 1365 1 1 23438
i 2361 1 1 15625
i 133 1 1 7812
i 1361 1 1 15625
i 1197 1 1 7812
i 11941 1 1 333333
i 1147 1 1 7812
i 13501 1 1 28571
i 23083 1 1 11765
i 2722 1 1 7812
i 19677 1 1 4425
i 19679 1 1 2941
i 19681 1 1 2941
i 19683 1 1 2941
i 23490 1 1 12195
i 21257 1 1 5128
i 1113 1 1 7812
i 556 50 50 62500
i 562 10 10 54688
end
npc 7243 # Black demon (lvl 172)
g 25772 1 1
t 1 main
i 565 7 7 31250
i 554 37 37 7812
i 563 3 3 7812
i 199 1 1 44843
i 201 1 1 33670
i 203 1 1 25253
i 205 1 1 19646
i 207 1 1 15432
i 209 1 1 11236
i 211 1 1 8425
i 1283 1 1 31250
i 213 1 1 7018
i 215 1 1 5615
i 2485 1 1 4212
i 217 1 1 4212
i 995 132 132 312500
i 995 30 30 54688
i 995 44 44 46875
i 995 220 220 46875
i 995 460 460 7812
i 379 1 1 23438
i 1365 1 1 23438
i 2361 1 1 15625
i 133 1 1 7812
i 1361 1 1 15625
i 1197 1 1 7812
i 11941 1 1 333333
i 1147 1 1 7812
i 13501 1 1 28571
i 23083 1 1 11765
i 2722 1 1 7812
i 19677 1 1 4425
i 19679 1 1 2941
i 19681 1 1 2941
i 19683 1 1 2941
i 23490 1 1 12195
i 21257 1 1 5128
i 1113 1 1 7812
i 556 50 50 62500
i 562 10 10 54688
end
npc 7244 # Greater demon (lvl 92)
g 25769 1 1
t 1 main
i 560 5 5 23438
i 554 37 37 7812
i 995 132 132 312500
i 995 44 44 226562
i 995 220 220 78125
i 995 11 11 54688
i 995 460 460 7812
i 361 1 1 23438
i 2357 1 1 15625
i 1734 10 10 7812
i 1311 1 1 31250
i 1353 1 1 23438
i 11941 1 1 333333
i 13501 1 1 25000
i 23083 1 1 8929
i 2722 1 1 7812
i 19677 1 1 3906
i 19679 1 1 2597
i 19681 1 1 2597
i 19683 1 1 2597
i 1365 1 1 23438
i 23490 1 1 10417
i 21257 1 1 4016
i 1197 1 1 7812
i 1073 1 1 7812
i 1163 1 1 7812
i 554 75 75 62500
i 562 15 15 23438
end
npc 7245 # Greater demon (lvl 92)
g 25769 1 1
t 1 main
i 560 5 5 23438
i 554 37 37 7812
i 995 132 132 312500
i 995 44 44 226562
i 995 220 220 78125
i 995 11 11 54688
i 995 460 460 7812
i 361 1 1 23438
i 2357 1 1 15625
i 1734 10 10 7812
i 1311 1 1 31250
i 1353 1 1 23438
i 11941 1 1 333333
i 13501 1 1 25000
i 23083 1 1 8929
i 2722 1 1 7812
i 19677 1 1 3906
i 19679 1 1 2597
i 19681 1 1 2597
i 19683 1 1 2597
i 1365 1 1 23438
i 23490 1 1 10417
i 21257 1 1 4016
i 1197 1 1 7812
i 1073 1 1 7812
i 1163 1 1 7812
i 554 75 75 62500
i 562 15 15 23438
end
npc 7246 # Greater demon (lvl 92)
g 25769 1 1
t 1 main
i 560 5 5 23438
i 554 37 37 7812
i 995 132 132 312500
i 995 44 44 226562
i 995 220 220 78125
i 995 11 11 54688
i 995 460 460 7812
i 361 1 1 23438
i 2357 1 1 15625
i 1734 10 10 7812
i 1311 1 1 31250
i 1353 1 1 23438
i 11941 1 1 333333
i 13501 1 1 25000
i 23083 1 1 8929
i 2722 1 1 7812
i 19677 1 1 3906
i 19679 1 1 2597
i 19681 1 1 2597
i 19683 1 1 2597
i 1365 1 1 23438
i 23490 1 1 10417
i 21257 1 1 4016
i 1197 1 1 7812
i 1073 1 1 7812
i 1163 1 1 7812
i 554 75 75 62500
i 562 15 15 23438
end
npc 7247 # Lesser demon (lvl 82)
g 25769 1 1
t 1 main
i 1623 1 1 7812
i 1621 1 1 3906
i 1619 1 1 1953
i 1452 1 1 732
i 1462 1 1 732
i 1617 1 1 488
i 830 5 5 244
i 987 1 1 244
i 985 1 1 244
i 1247 1 1 15
i 2366 1 1 8
i 1249 1 1 6
i 560 3 3 23438
i 554 30 30 7812
i 199 1 1 1953
i 201 1 1 1465
i 203 1 1 1099
i 205 1 1 854
i 207 1 1 671
i 209 1 1 488
i 211 1 1 366
i 213 1 1 305
i 1157 1 1 31250
i 215 1 1 244
i 2485 1 1 183
i 217 1 1 183
i 995 120 120 312500
i 995 40 40 226562
i 995 200 200 78125
i 995 10 10 54688
i 995 450 450 7812
i 995 10 10 7812
i 1993 1 1 23438
i 1353 1 1 31250
i 444 1 1 15625
i 1325 1 1 23438
i 11941 1 1 333333
i 13501 1 1 20000
i 6805 1 1 200
i 19677 1 1 3636
i 19679 1 1 2421
i 19681 1 1 2421
i 19683 1 1 2421
i 1181 1 1 7812
i 23490 1 1 10204
i 21257 1 1 3906
i 1109 1 1 7812
i 1147 1 1 7812
i 554 60 60 62500
i 562 12 12 39062
end
npc 7248 # Lesser demon (lvl 82)
g 25769 1 1
t 1 main
i 1623 1 1 7812
i 1621 1 1 3906
i 1619 1 1 1953
i 1452 1 1 732
i 1462 1 1 732
i 1617 1 1 488
i 830 5 5 244
i 987 1 1 244
i 985 1 1 244
i 1247 1 1 15
i 2366 1 1 8
i 1249 1 1 6
i 560 3 3 23438
i 554 30 30 7812
i 199 1 1 1953
i 201 1 1 1465
i 203 1 1 1099
i 205 1 1 854
i 207 1 1 671
i 209 1 1 488
i 211 1 1 366
i 213 1 1 305
i 1157 1 1 31250
i 215 1 1 244
i 2485 1 1 183
i 217 1 1 183
i 995 120 120 312500
i 995 40 40 226562
i 995 200 200 78125
i 995 10 10 54688
i 995 450 450 7812
i 995 10 10 7812
i 1993 1 1 23438
i 1353 1 1 31250
i 444 1 1 15625
i 1325 1 1 23438
i 11941 1 1 333333
i 13501 1 1 20000
i 6805 1 1 200
i 19677 1 1 3636
i 19679 1 1 2421
i 19681 1 1 2421
i 19683 1 1 2421
i 1181 1 1 7812
i 23490 1 1 10204
i 21257 1 1 3906
i 1109 1 1 7812
i 1147 1 1 7812
i 554 60 60 62500
i 562 12 12 39062
end
npc 7249 # Dust devil (lvl 93)
g 526 1 1
t 1 main
i 1623 1 1 21484
i 1621 1 1 10742
i 1619 1 1 5371
i 1452 1 1 2014
i 1462 1 1 2014
i 1617 1 1 1343
i 830 5 5 671
i 987 1 1 671
i 985 1 1 671
i 1247 1 1 42
i 2366 1 1 21
i 1249 1 1 16
i 1215 1 1 7812
i 20736 1 1 250
i 3140 1 1 31
i 4696 200 200 78125
i 557 300 300 78125
i 554 300 300 78125
i 554 50 50 7812
i 562 80 80 54688
i 892 12 12 39062
i 566 20 20 31250
i 1357 1 1 23438
i 566 50 50 7812
i 199 1 1 37175
i 201 1 1 27855
i 203 1 1 20877
i 205 1 1 16234
i 207 1 1 12755
i 209 1 1 9276
i 211 1 1 6959
i 213 1 1 5797
i 215 1 1 4638
i 1213 1 1 15625
i 2485 1 1 3479
i 217 1 1 3479
i 995 2000 4000 218750
i 1885 4 4 15625
i 2359 10 10 23438
i 2361 4 4 7812
i 2489 1 1 15625
i 23083 1 1 11494
i 2491 1 1 7812
i 1397 1 1 15625
i 1399 1 1 15625
i 1405 1 1 7812
i 1407 1 1 7812
end
npc 7251 # Fire giant (lvl 86)
g 532 1 1
t 1 main
i 554 37 37 7812
i 563 2 2 7812
i 199 1 1 37175
i 201 1 1 27855
i 203 1 1 20877
i 205 1 1 16234
i 207 1 1 12755
i 209 1 1 9276
i 211 1 1 6959
i 213 1 1 5797
i 1353 1 1 23438
i 215 1 1 4638
i 2485 1 1 3479
i 217 1 1 3479
i 995 60 60 312500
i 995 15 15 54688
i 995 25 25 46875
i 995 300 300 15625
i 995 50 50 7812
i 379 1 1 23438
i 2353 1 1 15625
i 1181 1 1 15625
i 117 1 1 7812
i 1393 1 1 7812
i 1333 1 1 7812
i 11941 1 1 333333
i 7872 1 1 250000
i 554 150 150 78125
i 13474 1 1 50000
i 23083 1 1 7194
i 10976 1 1 2500
i 6800 1 1 200
i 10977 1 1 200
i 23490 1 1 10204
i 562 5 5 54688
i 21257 1 1 4310
i 892 12 12 39062
i 565 5 5 31250
end
npc 7252 # Fire giant (lvl 86)
g 532 1 1
t 1 main
i 554 37 37 7812
i 563 2 2 7812
i 199 1 1 37175
i 201 1 1 27855
i 203 1 1 20877
i 205 1 1 16234
i 207 1 1 12755
i 209 1 1 9276
i 211 1 1 6959
i 213 1 1 5797
i 1353 1 1 23438
i 215 1 1 4638
i 2485 1 1 3479
i 217 1 1 3479
i 995 60 60 312500
i 995 15 15 54688
i 995 25 25 46875
i 995 300 300 15625
i 995 50 50 7812
i 379 1 1 23438
i 2353 1 1 15625
i 1181 1 1 15625
i 117 1 1 7812
i 1393 1 1 7812
i 1333 1 1 7812
i 11941 1 1 333333
i 7872 1 1 250000
i 554 150 150 78125
i 13474 1 1 50000
i 23083 1 1 7194
i 10976 1 1 2500
i 6800 1 1 200
i 10977 1 1 200
i 23490 1 1 10204
i 562 5 5 54688
i 21257 1 1 4310
i 892 12 12 39062
i 565 5 5 31250
end
npc 7253 # Bronze dragon (lvl 131)
g 536 1 1
g 2349 5 5
t 1 main
i 1197 1 1 7812
i 1123 1 1 7812
i 1303 1 1 7812
i 829 30 30 156250
i 554 50 50 62500
i 9142 2 12 46875
i 563 10 10 39062
i 565 15 15 23438
i 560 25 25 7812
i 995 196 196 312500
i 995 330 330 78125
i 995 690 690 7812
i 2361 1 1 23438
i 373 2 2 15625
i 373 1 1 7812
i 4585 1 1 488
i 4087 1 1 488
i 816 16 16 54688
i 23083 1 1 10753
i 2722 1 1 7812
i 1315 1 1 31250
i 1355 1 1 23438
i 1369 1 1 23438
i 868 2 2 23438
end
npc 7254 # Iron dragon (lvl 189)
g 536 1 1
g 2351 5 5
t 1 main
i 1183 1 1 7812
i 1147 1 1 7812
i 1373 1 1 7812
i 830 4 4 156250
i 565 15 15 148438
i 9143 2 12 46875
i 566 3 3 39062
i 995 270 270 156250
i 995 550 550 78125
i 995 990 990 7812
i 161 1 1 62500
i 9431 1 1 39062
i 2361 2 2 23438
i 2011 1 1 23438
i 4585 1 1 977
i 4087 1 1 977
i 817 9 9 54688
i 23083 1 1 12195
i 2722 1 1 7812
i 11286 1 1 100
i 1317 1 1 31250
i 1357 1 1 23438
i 1371 1 1 23438
i 868 5 5 23438
end
npc 7255 # Steel dragon (lvl 246)
g 536 1 1
g 2353 5 5
t 1 main
i 1163 1 1 7812
i 565 20 20 148438
i 830 7 7 156250
i 9144 2 12 46875
i 566 5 5 39062
i 995 470 470 132812
i 995 650 650 39062
i 145 1 1 101562
i 9431 1 1 62500
i 19582 12 12 39062
i 2363 1 1 23438
i 165 1 1 23438
i 2011 1 1 7812
i 2011 2 2 7812
i 4585 1 1 1953
i 4087 1 1 1953
i 817 12 12 54688
i 2722 1 1 15625
i 23083 1 1 14286
i 12073 1 1 2000
i 11286 1 1 100
i 1432 1 1 31250
i 1199 1 1 15625
i 868 7 7 23438
i 1359 1 1 15625
end
npc 7256 # Hellhound (lvl 122)
g 25769 1 1
t 1 main
i 23490 1 1 11111
i 21257 1 1 4386
i 13233 1 1 31
i 11941 1 1 333333
i 2722 1 1 15625
i 23083 1 1 10526
i 19677 1 1 3906
i 19679 1 1 2604
i 19681 1 1 2604
i 19683 1 1 2604
end
npc 7257 # Ankou (lvl 75)
g 526 1 1
g 20543 1 1
t 1 main
i 1623 1 1 5000
i 1621 1 1 2500
i 1619 1 1 1250
i 1452 1 1 469
i 1462 1 1 469
i 1617 1 1 312
i 830 5 5 156
i 987 1 1 156
i 985 1 1 156
i 1247 1 1 10
i 2366 1 1 5
i 1249 1 1 4
i 201 1 1 5624
i 203 1 1 4219
i 205 1 1 3281
i 207 1 1 2578
i 209 1 1 1875
i 211 1 1 1406
i 213 1 1 1172
i 215 1 1 937
i 2485 1 1 703
i 217 1 1 703
i 869 1 1 10000
i 5100 1 1 1307
i 5323 1 1 1250
i 5292 1 1 1193
i 5104 1 1 878
i 5293 1 1 811
i 5311 1 1 792
i 5321 1 1 601
i 5294 1 1 534
i 22879 1 1 382
i 5295 1 1 372
i 581 1 1 10000
i 5105 1 1 324
i 5282 1 1 277
i 5296 1 1 258
i 5281 1 1 172
i 5297 1 1 172
i 5106 1 1 124
i 5298 1 1 115
i 5280 1 1 115
i 5299 1 1 86
i 22873 1 1 76
i 890 5 14 40000
i 5300 1 1 48
i 5301 1 1 38
i 5302 1 1 29
i 5303 1 1 19
i 5304 1 1 10
i 7936 15 15 50000
i 1436 15 15 50000
i 447 3 7 20000
i 995 8 8 330000
i 995 5 204 100000
i 560 10 10 100000
i 995 10 10 30000
i 995 5 5 10000
i 11940 60 60 330000
i 313 60 60 330000
i 9008 1 1 30000
i 365 1 1 20000
i 187 1 1 20000
i 7082 1 1 10000
i 565 11 11 60000
i 563 2 2 60000
i 23083 1 1 4444
i 2722 1 1 1953
i 19677 1 1 3413
i 19679 1 1 2273
i 19681 1 1 2273
i 19683 1 1 2273
i 565 5 5 30000
i 199 1 1 7502
end
npc 7259 # Dagannoth (lvl 135)
g 526 1 1
t 1 main
i 1623 1 1 1953
i 1621 1 1 977
i 1619 1 1 488
i 1452 1 1 183
i 1462 1 1 183
i 1617 1 1 122
i 830 5 5 61
i 987 1 1 61
i 985 1 1 61
i 1247 1 1 4
i 2366 1 1 2
i 1249 1 1 1
i 5281 1 1 18484
i 5106 1 1 13106
i 5298 1 1 13106
i 5280 1 1 12516
i 22873 1 1 8937
i 5299 1 1 8937
i 5300 1 1 5959
i 5301 1 1 4172
i 5302 1 1 2980
i 22879 3 3 2383
i 1239 1 1 46875
i 5303 1 1 1788
i 5304 1 1 1192
i 301 1 1 93750
i 345 3 3 31250
i 327 5 5 31250
i 311 1 1 23438
i 314 15 15 15625
i 313 50 50 15625
i 377 1 1 15625
i 359 1 1 15625
i 1237 1 1 39062
i 401 10 10 15625
i 413 1 1 7812
i 411 2 2 7812
i 995 56 56 226562
i 995 25 25 70312
i 995 44 44 62500
i 995 41 41 46875
i 405 1 1 7812
i 45 12 12 15625
i 1243 1 1 7812
i 555 15 15 31250
i 7857 1 1 250000
i 13492 1 1 25000
i 2801 1 1 7812
i 23083 1 1 4255
i 886 15 15 15625
i 828 3 3 7812
i 5296 1 1 28011
i 5297 1 1 19084
end
npc 7260 # Dagannoth (lvl 135)
g 526 1 1
t 1 main
i 1623 1 1 1953
i 1621 1 1 977
i 1619 1 1 488
i 1452 1 1 183
i 1462 1 1 183
i 1617 1 1 122
i 830 5 5 61
i 987 1 1 61
i 985 1 1 61
i 1247 1 1 4
i 2366 1 1 2
i 1249 1 1 1
i 5281 1 1 18484
i 5106 1 1 13106
i 5298 1 1 13106
i 5280 1 1 12516
i 22873 1 1 8937
i 5299 1 1 8937
i 5300 1 1 5959
i 5301 1 1 4172
i 5302 1 1 2980
i 22879 3 3 2383
i 1239 1 1 46875
i 5303 1 1 1788
i 5304 1 1 1192
i 301 1 1 93750
i 345 3 3 31250
i 327 5 5 31250
i 311 1 1 23438
i 314 15 15 15625
i 313 50 50 15625
i 377 1 1 15625
i 359 1 1 15625
i 1237 1 1 39062
i 401 10 10 15625
i 413 1 1 7812
i 411 2 2 7812
i 995 56 56 226562
i 995 25 25 70312
i 995 44 44 62500
i 995 41 41 46875
i 405 1 1 7812
i 45 12 12 15625
i 1243 1 1 7812
i 555 15 15 31250
i 7857 1 1 250000
i 13492 1 1 25000
i 2801 1 1 7812
i 23083 1 1 4255
i 886 15 15 15625
i 828 3 3 7812
i 5296 1 1 28011
i 5297 1 1 19084
end
npc 7261 # Hill Giant (lvl 28)
g 532 1 1
t 1 main
i 1623 1 1 5859
i 1621 1 1 2930
i 1619 1 1 1465
i 1452 1 1 549
i 1462 1 1 549
i 1617 1 1 366
i 830 5 5 183
i 987 1 1 183
i 985 1 1 183
i 1247 1 1 11
i 2366 1 1 6
i 1249 1 1 4
i 886 10 10 15625
i 558 3 3 15625
i 564 2 2 15625
i 561 6 6 15625
i 562 2 2 7812
i 560 2 2 7812
i 199 1 1 13680
i 201 1 1 10256
i 203 1 1 7692
i 205 1 1 5981
i 1203 1 1 31250
i 207 1 1 4699
i 209 1 1 3418
i 211 1 1 2563
i 213 1 1 2136
i 215 1 1 1709
i 2485 1 1 1282
i 217 1 1 1282
i 5318 4 4 52632
i 5319 4 4 40000
i 5324 4 4 26316
i 1153 1 1 39062
i 5322 3 3 12987
i 5320 3 3 6452
i 5323 2 2 3215
i 5321 2 2 1536
i 22879 2 2 1116
i 995 5 5 140625
i 995 38 38 109375
i 995 52 52 78125
i 995 15 15 62500
i 995 10 10 54688
i 1191 1 1 23438
i 995 8 8 46875
i 995 88 88 15625
i 225 1 1 85938
i 1917 1 1 46875
i 1446 1 1 15625
i 20754 1 1 7812
i 1295 1 1 15625
i 11941 1 1 200000
i 13474 1 1 40000
i 884 3 3 46875
i 23182 1 1 20000
i 10976 1 1 2500
i 6800 1 1 200
i 10977 1 1 200
i 554 15 15 23438
i 555 7 7 23438
i 563 2 2 23438
end
npc 7262 # Moss giant (lvl 42)
g 532 1 1
t 1 main
i 1623 1 1 7812
i 1621 1 1 3906
i 1619 1 1 1953
i 1452 1 1 732
i 1462 1 1 732
i 1617 1 1 488
i 830 5 5 244
i 987 1 1 244
i 985 1 1 244
i 1247 1 1 15
i 2366 1 1 8
i 1249 1 1 6
i 557 27 27 23438
i 562 7 7 23438
i 561 6 6 23438
i 564 3 3 15625
i 884 15 15 15625
i 886 30 30 7812
i 560 3 3 7812
i 565 1 1 7812
i 199 1 1 9766
i 201 1 1 7326
i 1179 1 1 39062
i 203 1 1 5495
i 205 1 1 4272
i 207 1 1 3357
i 209 1 1 2441
i 211 1 1 1831
i 213 1 1 1526
i 215 1 1 1221
i 2485 1 1 915
i 217 1 1 915
i 5100 1 1 35714
i 1389 1 1 15625
i 5323 1 1 34130
i 5292 1 1 32573
i 5104 1 1 23981
i 5293 1 1 22173
i 5311 1 1 21645
i 5321 1 1 16447
i 5294 1 1 14620
i 22879 1 1 10438
i 5295 1 1 10173
i 5105 1 1 8873
i 1141 1 1 15625
i 5282 1 1 7564
i 5296 1 1 7042
i 5281 1 1 4697
i 5297 1 1 4697
i 5106 1 1 3392
i 5298 1 1 3131
i 5280 1 1 3131
i 5299 1 1 2348
i 22873 1 1 2087
i 5300 1 1 1305
i 1285 1 1 15625
i 5301 1 1 1044
i 5302 1 1 783
i 5303 1 1 522
i 5304 1 1 261
i 995 5 5 273438
i 995 37 37 148438
i 995 2 2 85938
i 995 119 119 78125
i 995 10 10 39062
i 995 300 300 15625
i 1243 1 1 15625
i 2353 1 1 46875
i 453 1 1 7812
i 1969 1 1 7812
i 1193 1 1 7812
i 11941 1 1 333333
i 7869 1 1 250000
i 13474 1 1 41667
i 23182 1 1 22222
i 22374 1 1 6667
i 563 3 3 31250
i 10976 1 1 2500
i 6800 1 1 200
i 10977 1 1 200
i 19677 1 1 3413
i 19679 1 1 2273
i 19681 1 1 2273
i 19683 1 1 2273
i 23490 1 1 1876
i 21257 1 1 3676
i 556 18 18 23438
end
npc 7263 # Ghost (lvl 19)
t 1 main
i 23182 1 1 11111
end
npc 7264 # Ghost (lvl 19)
t 1 main
i 23182 1 1 11111
end
npc 7265 # Skeleton (lvl 22)
g 526 1 1
t 1 main
i 1623 1 1 1953
i 1621 1 1 977
i 1619 1 1 488
i 1452 1 1 183
i 1462 1 1 183
i 1617 1 1 122
i 830 5 5 61
i 987 1 1 61
i 985 1 1 61
i 1247 1 1 4
i 2366 1 1 2
i 1249 1 1 1
i 556 12 12 15625
i 557 3 3 15625
i 554 2 2 15625
i 562 3 3 15625
i 561 3 3 7812
i 886 1 1 7812
i 995 10 10 164062
i 995 2 2 140625
i 995 12 12 117188
i 995 4 4 54688
i 995 16 16 31250
i 995 25 25 31250
i 995 33 33 31250
i 995 48 48 7812
i 1203 1 1 46875
i 1442 1 1 15625
i 440 1 1 7812
i 1947 1 1 7812
i 11941 1 1 71429
i 23182 1 1 10000
i 6806 1 1 200
i 19677 1 1 3185
i 19679 1 1 2123
i 19681 1 1 2123
i 19683 1 1 2123
i 23490 1 1 902
i 21257 1 1 3322
i 882 2 2 54688
i 882 5 5 31250
i 884 1 1 31250
end
npc 7269 # Magic axe (lvl 42)
g 1363 1 1
t 1 main
i 1373 1 1 2000
i 2801 1 1 3906
i 19677 1 1 3300
i 19679 1 1 2198
i 19681 1 1 2198
i 19683 1 1 2198
i 11941 1 1 333333
i 2801 1 1 3906
i 23490 1 1 1876
i 21257 1 1 3521
i 1363 1 1 950000
i 1365 1 1 20000
i 1369 1 1 20000
i 1371 1 1 8000
end
npc 7270 # Cyclops (lvl 56)
g 532 1 1
t 1 main
i 1623 1 1 5859
i 1621 1 1 2930
i 1619 1 1 1465
i 1452 1 1 549
i 1462 1 1 549
i 1617 1 1 366
i 830 5 5 183
i 987 1 1 183
i 985 1 1 183
i 1247 1 1 11
i 2366 1 1 6
i 1249 1 1 4
i 1203 1 1 31250
i 1153 1 1 39062
i 1191 1 1 23438
i 1295 1 1 15625
i 884 3 3 46875
i 554 15 15 23438
i 555 7 7 23438
i 563 2 2 23438
i 886 10 10 15625
i 558 3 3 15625
i 564 2 2 15625
i 561 6 6 15625
i 562 2 2 7812
i 560 2 2 7812
i 199 1 1 13680
i 201 1 1 10256
i 203 1 1 7692
i 205 1 1 5981
i 207 1 1 4699
i 209 1 1 3418
i 211 1 1 2563
i 213 1 1 2136
i 215 1 1 1709
i 2485 1 1 1282
i 217 1 1 1282
i 5318 4 4 45455
i 5319 4 4 34483
i 5324 4 4 22727
i 5322 3 3 11236
i 5320 3 3 5587
i 5323 2 2 2786
i 5321 2 2 1330
i 22879 2 2 967
i 5305 4 4 4329
i 5307 3 3 4310
i 5308 3 3 3247
i 5306 2 2 3226
i 5309 2 2 2151
i 5310 2 2 1074
i 5311 1 1 546
i 995 38 38 109375
i 995 52 52 78125
i 995 15 15 62500
i 995 8 8 46875
i 995 88 88 15625
i 225 1 1 85938
i 1917 1 1 46875
i 1446 1 1 15625
i 20754 1 1 7812
i 13474 1 1 40000
i 23182 1 1 20000
i 10976 1 1 2500
i 6800 1 1 200
i 10977 1 1 200
end
npc 7271 # Cyclops (lvl 56)
g 532 1 1
t 1 main
i 1623 1 1 5859
i 1621 1 1 2930
i 1619 1 1 1465
i 1452 1 1 549
i 1462 1 1 549
i 1617 1 1 366
i 830 5 5 183
i 987 1 1 183
i 985 1 1 183
i 1247 1 1 11
i 2366 1 1 6
i 1249 1 1 4
i 1203 1 1 31250
i 1153 1 1 39062
i 1191 1 1 23438
i 1295 1 1 15625
i 884 3 3 46875
i 554 15 15 23438
i 555 7 7 23438
i 563 2 2 23438
i 886 10 10 15625
i 558 3 3 15625
i 564 2 2 15625
i 561 6 6 15625
i 562 2 2 7812
i 560 2 2 7812
i 199 1 1 13680
i 201 1 1 10256
i 203 1 1 7692
i 205 1 1 5981
i 207 1 1 4699
i 209 1 1 3418
i 211 1 1 2563
i 213 1 1 2136
i 215 1 1 1709
i 2485 1 1 1282
i 217 1 1 1282
i 5318 4 4 45455
i 5319 4 4 34483
i 5324 4 4 22727
i 5322 3 3 11236
i 5320 3 3 5587
i 5323 2 2 2786
i 5321 2 2 1330
i 22879 2 2 967
i 5305 4 4 4329
i 5307 3 3 4310
i 5308 3 3 3247
i 5306 2 2 3226
i 5309 2 2 2151
i 5310 2 2 1074
i 5311 1 1 546
i 995 38 38 109375
i 995 52 52 78125
i 995 15 15 62500
i 995 8 8 46875
i 995 88 88 15625
i 225 1 1 85938
i 1917 1 1 46875
i 1446 1 1 15625
i 20754 1 1 7812
i 13474 1 1 40000
i 23182 1 1 20000
i 10976 1 1 2500
i 6800 1 1 200
i 10977 1 1 200
end
npc 7281 # Man (lvl 2)
g 526 1 1
t 1 main
i 199 1 1 44843
i 201 1 1 33670
i 203 1 1 25253
i 205 1 1 19646
i 207 1 1 15432
i 209 1 1 11236
i 211 1 1 8425
i 213 1 1 7018
i 215 1 1 5615
i 2485 1 1 4212
i 1139 1 1 15625
i 217 1 1 4212
i 995 3 3 296875
i 995 10 10 179688
i 995 5 5 70312
i 995 15 15 31250
i 995 25 25 7812
i 313 1 1 39062
i 436 1 1 15625
i 1440 1 1 15625
i 1965 1 1 7812
i 1203 1 1 7812
i 11941 1 1 66667
i 23182 1 1 11111
i 2677 1 1 7812
i 877 2 12 171875
i 882 7 7 23438
i 557 4 4 15625
i 554 6 6 15625
i 558 9 9 15625
i 562 2 2 7812
end
npc 7282 # Pirate (lvl 23)
g 526 1 1
g 526 1 1
t 1 main
i 1623 1 1 1953
i 1621 1 1 977
i 1619 1 1 488
i 1452 1 1 183
i 1462 1 1 183
i 1617 1 1 122
i 830 5 5 61
i 987 1 1 61
i 985 1 1 61
i 1247 1 1 4
i 2366 1 1 2
i 1249 1 1 1
i 556 10 10 15625
i 557 9 9 15625
i 554 5 5 15625
i 563 2 2 7812
i 995 4 4 226562
i 995 25 25 101562
i 995 7 7 62500
i 995 12 12 46875
i 995 35 35 31250
i 995 55 55 7812
i 9140 2 12 78125
i 1025 1 1 93750
i 1949 1 1 7812
i 2351 1 1 7812
i 1203 1 1 46875
i 11941 1 1 166667
i 1321 1 1 31250
i 1115 1 1 7812
i 562 2 2 46875
i 561 2 2 39062
i 882 9 9 23438
i 882 12 12 15625
end
npc 7656 # Lesser demon (lvl 82)
g 25769 1 1
t 1 main
i 1623 1 1 7812
i 1621 1 1 3906
i 1619 1 1 1953
i 1452 1 1 732
i 1462 1 1 732
i 1617 1 1 488
i 830 5 5 244
i 987 1 1 244
i 985 1 1 244
i 1247 1 1 15
i 2366 1 1 8
i 1249 1 1 6
i 560 3 3 23438
i 554 30 30 7812
i 199 1 1 1953
i 201 1 1 1465
i 203 1 1 1099
i 205 1 1 854
i 207 1 1 671
i 209 1 1 488
i 211 1 1 366
i 213 1 1 305
i 1157 1 1 31250
i 215 1 1 244
i 2485 1 1 183
i 217 1 1 183
i 995 120 120 312500
i 995 40 40 226562
i 995 200 200 78125
i 995 10 10 54688
i 995 450 450 7812
i 995 10 10 7812
i 1993 1 1 23438
i 1353 1 1 31250
i 444 1 1 15625
i 1325 1 1 23438
i 11941 1 1 333333
i 13501 1 1 20000
i 6805 1 1 200
i 19677 1 1 3636
i 19679 1 1 2421
i 19681 1 1 2421
i 19683 1 1 2421
i 1181 1 1 7812
i 23490 1 1 10204
i 21257 1 1 3906
i 1109 1 1 7812
i 1147 1 1 7812
i 554 60 60 62500
i 562 12 12 39062
end
npc 7657 # Lesser demon (lvl 82)
g 25769 1 1
t 1 main
i 1623 1 1 7812
i 1621 1 1 3906
i 1619 1 1 1953
i 1452 1 1 732
i 1462 1 1 732
i 1617 1 1 488
i 830 5 5 244
i 987 1 1 244
i 985 1 1 244
i 1247 1 1 15
i 2366 1 1 8
i 1249 1 1 6
i 560 3 3 23438
i 554 30 30 7812
i 199 1 1 1953
i 201 1 1 1465
i 203 1 1 1099
i 205 1 1 854
i 207 1 1 671
i 209 1 1 488
i 211 1 1 366
i 213 1 1 305
i 1157 1 1 31250
i 215 1 1 244
i 2485 1 1 183
i 217 1 1 183
i 995 120 120 312500
i 995 40 40 226562
i 995 200 200 78125
i 995 10 10 54688
i 995 450 450 7812
i 995 10 10 7812
i 1993 1 1 23438
i 1353 1 1 31250
i 444 1 1 15625
i 1325 1 1 23438
i 11941 1 1 333333
i 13501 1 1 20000
i 6805 1 1 200
i 19677 1 1 3636
i 19679 1 1 2421
i 19681 1 1 2421
i 19683 1 1 2421
i 1181 1 1 7812
i 23490 1 1 10204
i 21257 1 1 3906
i 1109 1 1 7812
i 1147 1 1 7812
i 554 60 60 62500
i 562 12 12 39062
end
npc 7664 # Lesser demon (lvl 82)
g 25769 1 1
t 1 main
i 1623 1 1 7812
i 1621 1 1 3906
i 1619 1 1 1953
i 1452 1 1 732
i 1462 1 1 732
i 1617 1 1 488
i 830 5 5 244
i 987 1 1 244
i 985 1 1 244
i 1247 1 1 15
i 2366 1 1 8
i 1249 1 1 6
i 560 3 3 23438
i 554 30 30 7812
i 199 1 1 1953
i 201 1 1 1465
i 203 1 1 1099
i 205 1 1 854
i 207 1 1 671
i 209 1 1 488
i 211 1 1 366
i 213 1 1 305
i 1157 1 1 31250
i 215 1 1 244
i 2485 1 1 183
i 217 1 1 183
i 995 120 120 312500
i 995 40 40 226562
i 995 200 200 78125
i 995 10 10 54688
i 995 450 450 7812
i 995 10 10 7812
i 1993 1 1 23438
i 1353 1 1 31250
i 444 1 1 15625
i 1325 1 1 23438
i 11941 1 1 333333
i 13501 1 1 20000
i 6805 1 1 200
i 19677 1 1 3636
i 19679 1 1 2421
i 19681 1 1 2421
i 19683 1 1 2421
i 1181 1 1 7812
i 23490 1 1 10204
i 21257 1 1 3906
i 1109 1 1 7812
i 1147 1 1 7812
i 554 60 60 62500
i 562 12 12 39062
end
npc 7679 # TzHaar-Ket (lvl 149)
t 1 main
i 6528 1 1 1953
i 13498 1 1 28571
i 6524 1 1 1953
i 6568 1 1 1953
i 1623 1 1 31250
i 1621 1 1 31250
i 1619 1 1 31250
i 1617 1 1 7812
i 9194 1 1 7812
i 6529 1 103 125000
end
npc 7682 # TzHaar-Hur (lvl 74)
t 1 main
i 1623 1 1 7812
i 1931 1 1 31250
i 6529 3 7 933333
i 1623 1 1 25641
i 1621 1 1 20513
i 1619 1 1 15385
i 1617 1 1 5128
i 1621 1 1 7812
i 1619 1 1 7812
i 1617 1 1 1953
i 6529 1 16 125000
i 1755 1 1 31250
i 2347 1 1 31250
i 1935 1 1 31250
i 946 1 1 31250
end
npc 7683 # TzHaar-Hur (lvl 74)
t 1 main
i 1623 1 1 7812
i 1931 1 1 31250
i 6529 3 7 933333
i 1623 1 1 25641
i 1621 1 1 20513
i 1619 1 1 15385
i 1617 1 1 5128
i 1621 1 1 7812
i 1619 1 1 7812
i 1617 1 1 1953
i 6529 1 16 125000
i 1755 1 1 31250
i 2347 1 1 31250
i 1935 1 1 31250
i 946 1 1 31250
end
npc 7684 # TzHaar-Hur (lvl 74)
t 1 main
i 1623 1 1 7812
i 1931 1 1 31250
i 6529 3 7 933333
i 1623 1 1 25641
i 1621 1 1 20513
i 1619 1 1 15385
i 1617 1 1 5128
i 1621 1 1 7812
i 1619 1 1 7812
i 1617 1 1 1953
i 6529 1 16 125000
i 1755 1 1 31250
i 2347 1 1 31250
i 1935 1 1 31250
i 946 1 1 31250
end
npc 7685 # TzHaar-Hur (lvl 74)
t 1 main
i 1623 1 1 7812
i 1931 1 1 31250
i 6529 3 7 933333
i 1623 1 1 25641
i 1621 1 1 20513
i 1619 1 1 15385
i 1617 1 1 5128
i 1621 1 1 7812
i 1619 1 1 7812
i 1617 1 1 1953
i 6529 1 16 125000
i 1755 1 1 31250
i 2347 1 1 31250
i 1935 1 1 31250
i 946 1 1 31250
end
npc 7686 # TzHaar-Hur (lvl 74)
t 1 main
i 1623 1 1 7812
i 1931 1 1 31250
i 6529 3 7 933333
i 1623 1 1 25641
i 1621 1 1 20513
i 1619 1 1 15385
i 1617 1 1 5128
i 1621 1 1 7812
i 1619 1 1 7812
i 1617 1 1 1953
i 6529 1 16 125000
i 1755 1 1 31250
i 2347 1 1 31250
i 1935 1 1 31250
i 946 1 1 31250
end
npc 7687 # TzHaar-Hur (lvl 74)
t 1 main
i 1623 1 1 7812
i 1931 1 1 31250
i 6529 3 7 933333
i 1623 1 1 25641
i 1621 1 1 20513
i 1619 1 1 15385
i 1617 1 1 5128
i 1621 1 1 7812
i 1619 1 1 7812
i 1617 1 1 1953
i 6529 1 16 125000
i 1755 1 1 31250
i 2347 1 1 31250
i 1935 1 1 31250
i 946 1 1 31250
end
npc 7712 # Dwarf (lvl 10)
g 526 1 1
g 526 1 1
t 1 main
i 1623 1 1 1953
i 1621 1 1 977
i 1619 1 1 488
i 1452 1 1 183
i 1462 1 1 183
i 1617 1 1 122
i 830 5 5 61
i 987 1 1 61
i 985 1 1 61
i 1247 1 1 4
i 2366 1 1 2
i 1249 1 1 1
i 995 10 10 117188
i 995 30 30 15625
i 2347 1 1 78125
i 2349 1 1 54688
i 440 1 1 31250
i 438 1 1 23438
i 436 1 1 23438
i 2351 1 1 23438
i 453 1 1 15625
i 1265 1 1 101562
i 1139 1 1 31250
i 23182 1 1 10000
i 1265 1 1 101562
i 1139 1 1 31250
i 1375 1 1 15625
i 1363 1 1 7812
i 877 2 12 54688
i 562 2 2 31250
i 561 2 2 31250
i 1375 1 1 15625
i 995 4 4 179688
i 995 10 10 93750
i 995 30 30 15625
i 2347 1 1 78125
i 2349 1 1 54688
i 440 1 1 31250
i 438 1 1 23438
i 436 1 1 23438
i 2351 1 1 23438
i 453 1 1 15625
i 1363 1 1 7812
i 877 2 12 54688
i 562 2 2 31250
i 561 2 2 31250
i 995 4 4 156250
end
npc 7713 # Dwarf (lvl 10)
g 526 1 1
g 526 1 1
t 1 main
i 1623 1 1 1953
i 1621 1 1 977
i 1619 1 1 488
i 1452 1 1 183
i 1462 1 1 183
i 1617 1 1 122
i 830 5 5 61
i 987 1 1 61
i 985 1 1 61
i 1247 1 1 4
i 2366 1 1 2
i 1249 1 1 1
i 995 10 10 117188
i 995 30 30 15625
i 2347 1 1 78125
i 2349 1 1 54688
i 440 1 1 31250
i 438 1 1 23438
i 436 1 1 23438
i 2351 1 1 23438
i 453 1 1 15625
i 1265 1 1 101562
i 1139 1 1 31250
i 23182 1 1 10000
i 1265 1 1 101562
i 1139 1 1 31250
i 1375 1 1 15625
i 1363 1 1 7812
i 877 2 12 54688
i 562 2 2 31250
i 561 2 2 31250
i 1375 1 1 15625
i 995 4 4 179688
i 995 10 10 93750
i 995 30 30 15625
i 2347 1 1 78125
i 2349 1 1 54688
i 440 1 1 31250
i 438 1 1 23438
i 436 1 1 23438
i 2351 1 1 23438
i 453 1 1 15625
i 1363 1 1 7812
i 877 2 12 54688
i 562 2 2 31250
i 561 2 2 31250
i 995 4 4 156250
end
npc 7714 # Dwarf (lvl 10)
g 526 1 1
g 526 1 1
t 1 main
i 1623 1 1 1953
i 1621 1 1 977
i 1619 1 1 488
i 1452 1 1 183
i 1462 1 1 183
i 1617 1 1 122
i 830 5 5 61
i 987 1 1 61
i 985 1 1 61
i 1247 1 1 4
i 2366 1 1 2
i 1249 1 1 1
i 995 10 10 117188
i 995 30 30 15625
i 2347 1 1 78125
i 2349 1 1 54688
i 440 1 1 31250
i 438 1 1 23438
i 436 1 1 23438
i 2351 1 1 23438
i 453 1 1 15625
i 1265 1 1 101562
i 1139 1 1 31250
i 23182 1 1 10000
i 1265 1 1 101562
i 1139 1 1 31250
i 1375 1 1 15625
i 1363 1 1 7812
i 877 2 12 54688
i 562 2 2 31250
i 561 2 2 31250
i 1375 1 1 15625
i 995 4 4 179688
i 995 10 10 93750
i 995 30 30 15625
i 2347 1 1 78125
i 2349 1 1 54688
i 440 1 1 31250
i 438 1 1 23438
i 436 1 1 23438
i 2351 1 1 23438
i 453 1 1 15625
i 1363 1 1 7812
i 877 2 12 54688
i 562 2 2 31250
i 561 2 2 31250
i 995 4 4 156250
end
npc 7715 # Dwarf (lvl 10)
g 526 1 1
g 526 1 1
t 1 main
i 1623 1 1 1953
i 1621 1 1 977
i 1619 1 1 488
i 1452 1 1 183
i 1462 1 1 183
i 1617 1 1 122
i 830 5 5 61
i 987 1 1 61
i 985 1 1 61
i 1247 1 1 4
i 2366 1 1 2
i 1249 1 1 1
i 995 10 10 117188
i 995 30 30 15625
i 2347 1 1 78125
i 2349 1 1 54688
i 440 1 1 31250
i 438 1 1 23438
i 436 1 1 23438
i 2351 1 1 23438
i 453 1 1 15625
i 1265 1 1 101562
i 1139 1 1 31250
i 23182 1 1 10000
i 1265 1 1 101562
i 1139 1 1 31250
i 1375 1 1 15625
i 1363 1 1 7812
i 877 2 12 54688
i 562 2 2 31250
i 561 2 2 31250
i 1375 1 1 15625
i 995 4 4 179688
i 995 10 10 93750
i 995 30 30 15625
i 2347 1 1 78125
i 2349 1 1 54688
i 440 1 1 31250
i 438 1 1 23438
i 436 1 1 23438
i 2351 1 1 23438
i 453 1 1 15625
i 1363 1 1 7812
i 877 2 12 54688
i 562 2 2 31250
i 561 2 2 31250
i 995 4 4 156250
end
npc 7721 # Dwarf (lvl 10)
g 526 1 1
g 526 1 1
t 1 main
i 1623 1 1 1953
i 1621 1 1 977
i 1619 1 1 488
i 1452 1 1 183
i 1462 1 1 183
i 1617 1 1 122
i 830 5 5 61
i 987 1 1 61
i 985 1 1 61
i 1247 1 1 4
i 2366 1 1 2
i 1249 1 1 1
i 995 10 10 117188
i 995 30 30 15625
i 2347 1 1 78125
i 2349 1 1 54688
i 440 1 1 31250
i 438 1 1 23438
i 436 1 1 23438
i 2351 1 1 23438
i 453 1 1 15625
i 1265 1 1 101562
i 1139 1 1 31250
i 23182 1 1 10000
i 1265 1 1 101562
i 1139 1 1 31250
i 1375 1 1 15625
i 1363 1 1 7812
i 877 2 12 54688
i 562 2 2 31250
i 561 2 2 31250
i 1375 1 1 15625
i 995 4 4 179688
i 995 10 10 93750
i 995 30 30 15625
i 2347 1 1 78125
i 2349 1 1 54688
i 440 1 1 31250
i 438 1 1 23438
i 436 1 1 23438
i 2351 1 1 23438
i 453 1 1 15625
i 1363 1 1 7812
i 877 2 12 54688
i 562 2 2 31250
i 561 2 2 31250
i 995 4 4 156250
end
npc 7861 # Black dragon (lvl 227)
g 536 1 1
g 1747 1 1
g 7478 1 1
t 1 main
i 1303 1 1 7812
i 829 30 30 156250
i 816 16 16 54688
i 554 50 50 62500
i 565 15 15 23438
i 556 75 75 7812
i 563 10 10 39062
i 995 196 196 312500
i 995 330 330 78125
i 995 690 690 7812
i 19582 10 10 46875
i 2361 1 1 23438
i 1897 1 1 23438
i 1315 1 1 31250
i 1355 1 1 23438
i 11941 1 1 333333
i 13510 1 1 28571
i 23083 1 1 13514
i 2722 1 1 7812
i 12073 1 1 2000
i 11286 1 1 100
i 23490 1 1 13889
i 21257 1 1 5952
i 1369 1 1 23438
i 868 2 2 23438
i 1197 1 1 7812
i 1123 1 1 7812
end
npc 7862 # Black dragon (lvl 227)
g 536 1 1
g 1747 1 1
g 7478 1 1
t 1 main
i 1303 1 1 7812
i 829 30 30 156250
i 816 16 16 54688
i 554 50 50 62500
i 565 15 15 23438
i 556 75 75 7812
i 563 10 10 39062
i 995 196 196 312500
i 995 330 330 78125
i 995 690 690 7812
i 19582 10 10 46875
i 2361 1 1 23438
i 1897 1 1 23438
i 1315 1 1 31250
i 1355 1 1 23438
i 11941 1 1 333333
i 13510 1 1 28571
i 23083 1 1 13514
i 2722 1 1 7812
i 12073 1 1 2000
i 11286 1 1 100
i 23490 1 1 13889
i 21257 1 1 5952
i 1369 1 1 23438
i 868 2 2 23438
i 1197 1 1 7812
i 1123 1 1 7812
end
npc 7863 # Black dragon (lvl 227)
g 536 1 1
g 1747 1 1
g 7478 1 1
t 1 main
i 1303 1 1 7812
i 829 30 30 156250
i 816 16 16 54688
i 554 50 50 62500
i 565 15 15 23438
i 556 75 75 7812
i 563 10 10 39062
i 995 196 196 312500
i 995 330 330 78125
i 995 690 690 7812
i 19582 10 10 46875
i 2361 1 1 23438
i 1897 1 1 23438
i 1315 1 1 31250
i 1355 1 1 23438
i 11941 1 1 333333
i 13510 1 1 28571
i 23083 1 1 13514
i 2722 1 1 7812
i 12073 1 1 2000
i 11286 1 1 100
i 23490 1 1 13889
i 21257 1 1 5952
i 1369 1 1 23438
i 868 2 2 23438
i 1197 1 1 7812
i 1123 1 1 7812
end
npc 7864 # Ankou (lvl 75)
g 526 1 1
g 20543 1 1
t 1 main
i 1623 1 1 5000
i 1621 1 1 2500
i 1619 1 1 1250
i 1452 1 1 469
i 1462 1 1 469
i 1617 1 1 312
i 830 5 5 156
i 987 1 1 156
i 985 1 1 156
i 1247 1 1 10
i 2366 1 1 5
i 1249 1 1 4
i 201 1 1 5624
i 203 1 1 4219
i 205 1 1 3281
i 207 1 1 2578
i 209 1 1 1875
i 211 1 1 1406
i 213 1 1 1172
i 215 1 1 937
i 2485 1 1 703
i 217 1 1 703
i 869 1 1 10000
i 5100 1 1 1307
i 5323 1 1 1250
i 5292 1 1 1193
i 5104 1 1 878
i 5293 1 1 811
i 5311 1 1 792
i 5321 1 1 601
i 5294 1 1 534
i 22879 1 1 382
i 5295 1 1 372
i 581 1 1 10000
i 5105 1 1 324
i 5282 1 1 277
i 5296 1 1 258
i 5281 1 1 172
i 5297 1 1 172
i 5106 1 1 124
i 5298 1 1 115
i 5280 1 1 115
i 5299 1 1 86
i 22873 1 1 76
i 890 5 14 40000
i 5300 1 1 48
i 5301 1 1 38
i 5302 1 1 29
i 5303 1 1 19
i 5304 1 1 10
i 7936 15 15 50000
i 1436 15 15 50000
i 447 3 7 20000
i 995 8 8 330000
i 995 5 204 100000
i 560 10 10 100000
i 995 10 10 30000
i 995 5 5 10000
i 11940 60 60 330000
i 313 60 60 330000
i 9008 1 1 30000
i 365 1 1 20000
i 187 1 1 20000
i 7082 1 1 10000
i 565 11 11 60000
i 563 2 2 60000
i 23083 1 1 4444
i 2722 1 1 1953
i 19677 1 1 3413
i 19679 1 1 2273
i 19681 1 1 2273
i 19683 1 1 2273
i 565 5 5 30000
i 199 1 1 7502
end
npc 7865 # Lesser demon (lvl 82)
g 25769 1 1
t 1 main
i 1623 1 1 7812
i 1621 1 1 3906
i 1619 1 1 1953
i 1452 1 1 732
i 1462 1 1 732
i 1617 1 1 488
i 830 5 5 244
i 987 1 1 244
i 985 1 1 244
i 1247 1 1 15
i 2366 1 1 8
i 1249 1 1 6
i 560 3 3 23438
i 554 30 30 7812
i 199 1 1 1953
i 201 1 1 1465
i 203 1 1 1099
i 205 1 1 854
i 207 1 1 671
i 209 1 1 488
i 211 1 1 366
i 213 1 1 305
i 1157 1 1 31250
i 215 1 1 244
i 2485 1 1 183
i 217 1 1 183
i 995 120 120 312500
i 995 40 40 226562
i 995 200 200 78125
i 995 10 10 54688
i 995 450 450 7812
i 995 10 10 7812
i 1993 1 1 23438
i 1353 1 1 31250
i 444 1 1 15625
i 1325 1 1 23438
i 11941 1 1 333333
i 13501 1 1 20000
i 6805 1 1 200
i 19677 1 1 3636
i 19679 1 1 2421
i 19681 1 1 2421
i 19683 1 1 2421
i 1181 1 1 7812
i 23490 1 1 10204
i 21257 1 1 3906
i 1109 1 1 7812
i 1147 1 1 7812
i 554 60 60 62500
i 562 12 12 39062
end
npc 7866 # Lesser demon (lvl 82)
g 25769 1 1
t 1 main
i 1623 1 1 7812
i 1621 1 1 3906
i 1619 1 1 1953
i 1452 1 1 732
i 1462 1 1 732
i 1617 1 1 488
i 830 5 5 244
i 987 1 1 244
i 985 1 1 244
i 1247 1 1 15
i 2366 1 1 8
i 1249 1 1 6
i 560 3 3 23438
i 554 30 30 7812
i 199 1 1 1953
i 201 1 1 1465
i 203 1 1 1099
i 205 1 1 854
i 207 1 1 671
i 209 1 1 488
i 211 1 1 366
i 213 1 1 305
i 1157 1 1 31250
i 215 1 1 244
i 2485 1 1 183
i 217 1 1 183
i 995 120 120 312500
i 995 40 40 226562
i 995 200 200 78125
i 995 10 10 54688
i 995 450 450 7812
i 995 10 10 7812
i 1993 1 1 23438
i 1353 1 1 31250
i 444 1 1 15625
i 1325 1 1 23438
i 11941 1 1 333333
i 13501 1 1 20000
i 6805 1 1 200
i 19677 1 1 3636
i 19679 1 1 2421
i 19681 1 1 2421
i 19683 1 1 2421
i 1181 1 1 7812
i 23490 1 1 10204
i 21257 1 1 3906
i 1109 1 1 7812
i 1147 1 1 7812
i 554 60 60 62500
i 562 12 12 39062
end
npc 7867 # Lesser demon (lvl 82)
g 25769 1 1
t 1 main
i 1623 1 1 7812
i 1621 1 1 3906
i 1619 1 1 1953
i 1452 1 1 732
i 1462 1 1 732
i 1617 1 1 488
i 830 5 5 244
i 987 1 1 244
i 985 1 1 244
i 1247 1 1 15
i 2366 1 1 8
i 1249 1 1 6
i 560 3 3 23438
i 554 30 30 7812
i 199 1 1 1953
i 201 1 1 1465
i 203 1 1 1099
i 205 1 1 854
i 207 1 1 671
i 209 1 1 488
i 211 1 1 366
i 213 1 1 305
i 1157 1 1 31250
i 215 1 1 244
i 2485 1 1 183
i 217 1 1 183
i 995 120 120 312500
i 995 40 40 226562
i 995 200 200 78125
i 995 10 10 54688
i 995 450 450 7812
i 995 10 10 7812
i 1993 1 1 23438
i 1353 1 1 31250
i 444 1 1 15625
i 1325 1 1 23438
i 11941 1 1 333333
i 13501 1 1 20000
i 6805 1 1 200
i 19677 1 1 3636
i 19679 1 1 2421
i 19681 1 1 2421
i 19683 1 1 2421
i 1181 1 1 7812
i 23490 1 1 10204
i 21257 1 1 3906
i 1109 1 1 7812
i 1147 1 1 7812
i 554 60 60 62500
i 562 12 12 39062
end
npc 7868 # Green dragon (lvl 79)
g 536 1 1
g 1753 1 1
t 1 main
i 1623 1 1 9766
i 1621 1 1 4883
i 1619 1 1 2441
i 1452 1 1 915
i 1462 1 1 915
i 1617 1 1 610
i 830 5 5 305
i 987 1 1 305
i 985 1 1 305
i 1247 1 1 19
i 2366 1 1 10
i 1249 1 1 7
i 199 1 1 29326
i 201 1 1 21978
i 203 1 1 16474
i 205 1 1 12821
i 207 1 1 10070
i 209 1 1 7326
i 211 1 1 5495
i 213 1 1 4577
i 215 1 1 3662
i 2485 1 1 2746
i 217 1 1 2746
i 995 44 44 226562
i 995 132 132 195312
i 995 200 200 78125
i 995 11 11 39062
i 995 440 440 7812
i 1069 1 1 31250
i 365 1 1 23438
i 449 1 1 23438
i 1365 1 1 23438
i 11941 1 1 333333
i 13510 1 1 28571
i 2722 1 1 7812
i 23490 1 1 10000
i 21257 1 1 3846
i 1355 1 1 23438
i 1243 1 1 15625
i 1197 1 1 7812
i 1161 1 1 7812
i 1213 1 1 7812
end
npc 7869 # Green dragon (lvl 79)
g 536 1 1
g 1753 1 1
t 1 main
i 1623 1 1 9766
i 1621 1 1 4883
i 1619 1 1 2441
i 1452 1 1 915
i 1462 1 1 915
i 1617 1 1 610
i 830 5 5 305
i 987 1 1 305
i 985 1 1 305
i 1247 1 1 19
i 2366 1 1 10
i 1249 1 1 7
i 199 1 1 29326
i 201 1 1 21978
i 203 1 1 16474
i 205 1 1 12821
i 207 1 1 10070
i 209 1 1 7326
i 211 1 1 5495
i 213 1 1 4577
i 215 1 1 3662
i 2485 1 1 2746
i 217 1 1 2746
i 995 44 44 226562
i 995 132 132 195312
i 995 200 200 78125
i 995 11 11 39062
i 995 440 440 7812
i 1069 1 1 31250
i 365 1 1 23438
i 449 1 1 23438
i 1365 1 1 23438
i 11941 1 1 333333
i 13510 1 1 28571
i 2722 1 1 7812
i 23490 1 1 10000
i 21257 1 1 3846
i 1355 1 1 23438
i 1243 1 1 15625
i 1197 1 1 7812
i 1161 1 1 7812
i 1213 1 1 7812
end
npc 7870 # Green dragon (lvl 79)
g 536 1 1
g 1753 1 1
t 1 main
i 1623 1 1 9766
i 1621 1 1 4883
i 1619 1 1 2441
i 1452 1 1 915
i 1462 1 1 915
i 1617 1 1 610
i 830 5 5 305
i 987 1 1 305
i 985 1 1 305
i 1247 1 1 19
i 2366 1 1 10
i 1249 1 1 7
i 199 1 1 29326
i 201 1 1 21978
i 203 1 1 16474
i 205 1 1 12821
i 207 1 1 10070
i 209 1 1 7326
i 211 1 1 5495
i 213 1 1 4577
i 215 1 1 3662
i 2485 1 1 2746
i 217 1 1 2746
i 995 44 44 226562
i 995 132 132 195312
i 995 200 200 78125
i 995 11 11 39062
i 995 440 440 7812
i 1069 1 1 31250
i 365 1 1 23438
i 449 1 1 23438
i 1365 1 1 23438
i 11941 1 1 333333
i 13510 1 1 28571
i 2722 1 1 7812
i 23490 1 1 10000
i 21257 1 1 3846
i 1355 1 1 23438
i 1243 1 1 15625
i 1197 1 1 7812
i 1161 1 1 7812
i 1213 1 1 7812
end
npc 7871 # Greater demon (lvl 92)
g 25769 1 1
t 1 main
i 560 5 5 23438
i 554 37 37 7812
i 995 132 132 312500
i 995 44 44 226562
i 995 220 220 78125
i 995 11 11 54688
i 995 460 460 7812
i 361 1 1 23438
i 2357 1 1 15625
i 1734 10 10 7812
i 1311 1 1 31250
i 1353 1 1 23438
i 11941 1 1 333333
i 13501 1 1 25000
i 23083 1 1 8929
i 2722 1 1 7812
i 19677 1 1 3906
i 19679 1 1 2597
i 19681 1 1 2597
i 19683 1 1 2597
i 1365 1 1 23438
i 23490 1 1 10417
i 21257 1 1 4016
i 1197 1 1 7812
i 1073 1 1 7812
i 1163 1 1 7812
i 554 75 75 62500
i 562 15 15 23438
end
npc 7872 # Greater demon (lvl 92)
g 25769 1 1
t 1 main
i 560 5 5 23438
i 554 37 37 7812
i 995 132 132 312500
i 995 44 44 226562
i 995 220 220 78125
i 995 11 11 54688
i 995 460 460 7812
i 361 1 1 23438
i 2357 1 1 15625
i 1734 10 10 7812
i 1311 1 1 31250
i 1353 1 1 23438
i 11941 1 1 333333
i 13501 1 1 25000
i 23083 1 1 8929
i 2722 1 1 7812
i 19677 1 1 3906
i 19679 1 1 2597
i 19681 1 1 2597
i 19683 1 1 2597
i 1365 1 1 23438
i 23490 1 1 10417
i 21257 1 1 4016
i 1197 1 1 7812
i 1073 1 1 7812
i 1163 1 1 7812
i 554 75 75 62500
i 562 15 15 23438
end
npc 7873 # Greater demon (lvl 92)
g 25769 1 1
t 1 main
i 560 5 5 23438
i 554 37 37 7812
i 995 132 132 312500
i 995 44 44 226562
i 995 220 220 78125
i 995 11 11 54688
i 995 460 460 7812
i 361 1 1 23438
i 2357 1 1 15625
i 1734 10 10 7812
i 1311 1 1 31250
i 1353 1 1 23438
i 11941 1 1 333333
i 13501 1 1 25000
i 23083 1 1 8929
i 2722 1 1 7812
i 19677 1 1 3906
i 19679 1 1 2597
i 19681 1 1 2597
i 19683 1 1 2597
i 1365 1 1 23438
i 23490 1 1 10417
i 21257 1 1 4016
i 1197 1 1 7812
i 1073 1 1 7812
i 1163 1 1 7812
i 554 75 75 62500
i 562 15 15 23438
end
npc 7874 # Black demon (lvl 172)
g 25772 1 1
t 1 main
i 565 7 7 31250
i 554 37 37 7812
i 563 3 3 7812
i 199 1 1 44843
i 201 1 1 33670
i 203 1 1 25253
i 205 1 1 19646
i 207 1 1 15432
i 209 1 1 11236
i 211 1 1 8425
i 1283 1 1 31250
i 213 1 1 7018
i 215 1 1 5615
i 2485 1 1 4212
i 217 1 1 4212
i 995 132 132 312500
i 995 30 30 54688
i 995 44 44 46875
i 995 220 220 46875
i 995 460 460 7812
i 379 1 1 23438
i 1365 1 1 23438
i 2361 1 1 15625
i 133 1 1 7812
i 1361 1 1 15625
i 1197 1 1 7812
i 11941 1 1 333333
i 1147 1 1 7812
i 13501 1 1 28571
i 23083 1 1 11765
i 2722 1 1 7812
i 19677 1 1 4425
i 19679 1 1 2941
i 19681 1 1 2941
i 19683 1 1 2941
i 23490 1 1 12195
i 21257 1 1 5128
i 1113 1 1 7812
i 556 50 50 62500
i 562 10 10 54688
end
npc 7875 # Black demon (lvl 172)
g 25772 1 1
t 1 main
i 565 7 7 31250
i 554 37 37 7812
i 563 3 3 7812
i 199 1 1 44843
i 201 1 1 33670
i 203 1 1 25253
i 205 1 1 19646
i 207 1 1 15432
i 209 1 1 11236
i 211 1 1 8425
i 1283 1 1 31250
i 213 1 1 7018
i 215 1 1 5615
i 2485 1 1 4212
i 217 1 1 4212
i 995 132 132 312500
i 995 30 30 54688
i 995 44 44 46875
i 995 220 220 46875
i 995 460 460 7812
i 379 1 1 23438
i 1365 1 1 23438
i 2361 1 1 15625
i 133 1 1 7812
i 1361 1 1 15625
i 1197 1 1 7812
i 11941 1 1 333333
i 1147 1 1 7812
i 13501 1 1 28571
i 23083 1 1 11765
i 2722 1 1 7812
i 19677 1 1 4425
i 19679 1 1 2941
i 19681 1 1 2941
i 19683 1 1 2941
i 23490 1 1 12195
i 21257 1 1 5128
i 1113 1 1 7812
i 556 50 50 62500
i 562 10 10 54688
end
npc 7876 # Black demon (lvl 172)
g 25772 1 1
t 1 main
i 565 7 7 31250
i 554 37 37 7812
i 563 3 3 7812
i 199 1 1 44843
i 201 1 1 33670
i 203 1 1 25253
i 205 1 1 19646
i 207 1 1 15432
i 209 1 1 11236
i 211 1 1 8425
i 1283 1 1 31250
i 213 1 1 7018
i 215 1 1 5615
i 2485 1 1 4212
i 217 1 1 4212
i 995 132 132 312500
i 995 30 30 54688
i 995 44 44 46875
i 995 220 220 46875
i 995 460 460 7812
i 379 1 1 23438
i 1365 1 1 23438
i 2361 1 1 15625
i 133 1 1 7812
i 1361 1 1 15625
i 1197 1 1 7812
i 11941 1 1 333333
i 1147 1 1 7812
i 13501 1 1 28571
i 23083 1 1 11765
i 2722 1 1 7812
i 19677 1 1 4425
i 19679 1 1 2941
i 19681 1 1 2941
i 19683 1 1 2941
i 23490 1 1 12195
i 21257 1 1 5128
i 1113 1 1 7812
i 556 50 50 62500
i 562 10 10 54688
end
npc 7877 # Hellhound (lvl 122)
g 25769 1 1
t 1 main
i 23490 1 1 11111
i 21257 1 1 4386
i 13233 1 1 31
i 11941 1 1 333333
i 2722 1 1 15625
i 23083 1 1 10526
i 19677 1 1 3906
i 19679 1 1 2604
i 19681 1 1 2604
i 19683 1 1 2604
end
npc 7878 # Ice giant (lvl 53)
g 532 1 1
t 1 main
i 1623 1 1 7812
i 1621 1 1 3906
i 1619 1 1 1953
i 1452 1 1 732
i 1462 1 1 732
i 1617 1 1 488
i 830 5 5 244
i 987 1 1 244
i 985 1 1 244
i 1247 1 1 15
i 2366 1 1 8
i 1249 1 1 6
i 5295 1 1 3779
i 5105 1 1 3295
i 5282 1 1 2811
i 5296 1 1 2616
i 5281 1 1 1744
i 5297 1 1 1744
i 5106 1 1 1260
i 5298 1 1 1163
i 5280 1 1 1163
i 5299 1 1 872
i 22873 1 1 775
i 5300 1 1 485
i 5301 1 1 388
i 5302 1 1 291
i 5303 1 1 194
i 5304 1 1 97
i 995 150 299 343750
i 995 200 399 78125
i 995 250 250 70312
i 995 100 100 54688
i 995 400 799 15625
i 1993 1 1 23438
i 447 3 3 7812
i 7946 1 1 7812
i 11941 1 1 333333
i 7875 1 1 250000
i 13474 1 1 47619
i 10976 1 1 2500
i 6800 1 1 200
i 10977 1 1 200
i 23490 1 1 7692
i 21257 1 1 4167
i 1355 1 1 31250
i 1287 1 1 31250
i 1071 1 1 7812
i 1211 1 1 7812
i 1430 1 1 7812
i 1183 1 1 7812
i 1199 1 1 7812
i 1213 1 1 7812
i 890 5 14 46875
i 561 6 6 31250
i 560 5 5 23438
i 563 3 3 15625
i 565 5 5 15625
i 564 4 4 7812
i 562 15 15 7812
i 560 3 3 7812
i 5100 1 1 13280
i 5323 1 1 12690
i 5292 1 1 12107
i 5104 1 1 8913
i 5293 1 1 8237
i 5311 1 1 8045
i 5321 1 1 6105
i 5294 1 1 5426
i 22879 1 1 3876
end
npc 7879 # Ice giant (lvl 53)
g 532 1 1
t 1 main
i 1623 1 1 7812
i 1621 1 1 3906
i 1619 1 1 1953
i 1452 1 1 732
i 1462 1 1 732
i 1617 1 1 488
i 830 5 5 244
i 987 1 1 244
i 985 1 1 244
i 1247 1 1 15
i 2366 1 1 8
i 1249 1 1 6
i 5295 1 1 3779
i 5105 1 1 3295
i 5282 1 1 2811
i 5296 1 1 2616
i 5281 1 1 1744
i 5297 1 1 1744
i 5106 1 1 1260
i 5298 1 1 1163
i 5280 1 1 1163
i 5299 1 1 872
i 22873 1 1 775
i 5300 1 1 485
i 5301 1 1 388
i 5302 1 1 291
i 5303 1 1 194
i 5304 1 1 97
i 995 150 299 343750
i 995 200 399 78125
i 995 250 250 70312
i 995 100 100 54688
i 995 400 799 15625
i 1993 1 1 23438
i 447 3 3 7812
i 7946 1 1 7812
i 11941 1 1 333333
i 7875 1 1 250000
i 13474 1 1 47619
i 10976 1 1 2500
i 6800 1 1 200
i 10977 1 1 200
i 23490 1 1 7692
i 21257 1 1 4167
i 1355 1 1 31250
i 1287 1 1 31250
i 1071 1 1 7812
i 1211 1 1 7812
i 1430 1 1 7812
i 1183 1 1 7812
i 1199 1 1 7812
i 1213 1 1 7812
i 890 5 14 46875
i 561 6 6 31250
i 560 5 5 23438
i 563 3 3 15625
i 565 5 5 15625
i 564 4 4 7812
i 562 15 15 7812
i 560 3 3 7812
i 5100 1 1 13280
i 5323 1 1 12690
i 5292 1 1 12107
i 5104 1 1 8913
i 5293 1 1 8237
i 5311 1 1 8045
i 5321 1 1 6105
i 5294 1 1 5426
i 22879 1 1 3876
end
npc 7880 # Ice giant (lvl 53)
g 532 1 1
t 1 main
i 1623 1 1 7812
i 1621 1 1 3906
i 1619 1 1 1953
i 1452 1 1 732
i 1462 1 1 732
i 1617 1 1 488
i 830 5 5 244
i 987 1 1 244
i 985 1 1 244
i 1247 1 1 15
i 2366 1 1 8
i 1249 1 1 6
i 5295 1 1 3779
i 5105 1 1 3295
i 5282 1 1 2811
i 5296 1 1 2616
i 5281 1 1 1744
i 5297 1 1 1744
i 5106 1 1 1260
i 5298 1 1 1163
i 5280 1 1 1163
i 5299 1 1 872
i 22873 1 1 775
i 5300 1 1 485
i 5301 1 1 388
i 5302 1 1 291
i 5303 1 1 194
i 5304 1 1 97
i 995 150 299 343750
i 995 200 399 78125
i 995 250 250 70312
i 995 100 100 54688
i 995 400 799 15625
i 1993 1 1 23438
i 447 3 3 7812
i 7946 1 1 7812
i 11941 1 1 333333
i 7875 1 1 250000
i 13474 1 1 47619
i 10976 1 1 2500
i 6800 1 1 200
i 10977 1 1 200
i 23490 1 1 7692
i 21257 1 1 4167
i 1355 1 1 31250
i 1287 1 1 31250
i 1071 1 1 7812
i 1211 1 1 7812
i 1430 1 1 7812
i 1183 1 1 7812
i 1199 1 1 7812
i 1213 1 1 7812
i 890 5 14 46875
i 561 6 6 31250
i 560 5 5 23438
i 563 3 3 15625
i 565 5 5 15625
i 564 4 4 7812
i 562 15 15 7812
i 560 3 3 7812
i 5100 1 1 13280
i 5323 1 1 12690
i 5292 1 1 12107
i 5104 1 1 8913
i 5293 1 1 8237
i 5311 1 1 8045
i 5321 1 1 6105
i 5294 1 1 5426
i 22879 1 1 3876
end
npc 9182 # Guard (lvl 22)
g 526 1 1
g 995 30 30
t 1 main
i 561 1 1 7812
i 886 5 5 7812
i 5318 4 4 52632
i 5319 4 4 40000
i 5324 4 4 26316
i 5322 3 3 12987
i 5320 3 3 6452
i 5323 2 2 3215
i 5321 2 2 1536
i 22879 2 2 1116
i 9140 2 12 78125
i 995 1 1 148438
i 995 7 7 125000
i 995 5 5 140625
i 995 12 12 70312
i 995 4 4 62500
i 995 25 25 31250
i 995 17 17 31250
i 995 30 30 15625
i 1203 1 1 46875
i 1446 1 1 23438
i 886 1 1 31250
i 1947 1 1 7812
i 440 1 1 7812
i 2801 1 1 7812
i 882 1 1 23438
i 556 6 6 15625
i 557 3 3 15625
i 554 2 2 15625
i 565 1 1 7812
i 562 1 1 7812
end
npc 9183 # Guard (lvl 22)
g 526 1 1
g 995 30 30
t 1 main
i 561 1 1 7812
i 886 5 5 7812
i 5318 4 4 52632
i 5319 4 4 40000
i 5324 4 4 26316
i 5322 3 3 12987
i 5320 3 3 6452
i 5323 2 2 3215
i 5321 2 2 1536
i 22879 2 2 1116
i 9140 2 12 78125
i 995 1 1 148438
i 995 7 7 125000
i 995 5 5 140625
i 995 12 12 70312
i 995 4 4 62500
i 995 25 25 31250
i 995 17 17 31250
i 995 30 30 15625
i 1203 1 1 46875
i 1446 1 1 23438
i 886 1 1 31250
i 1947 1 1 7812
i 440 1 1 7812
i 2801 1 1 7812
i 882 1 1 23438
i 556 6 6 15625
i 557 3 3 15625
i 554 2 2 15625
i 565 1 1 7812
i 562 1 1 7812
end
npc 9184 # Guard (lvl 22)
g 526 1 1
g 995 30 30
t 1 main
i 561 1 1 7812
i 886 5 5 7812
i 5318 4 4 52632
i 5319 4 4 40000
i 5324 4 4 26316
i 5322 3 3 12987
i 5320 3 3 6452
i 5323 2 2 3215
i 5321 2 2 1536
i 22879 2 2 1116
i 9140 2 12 78125
i 995 1 1 148438
i 995 7 7 125000
i 995 5 5 140625
i 995 12 12 70312
i 995 4 4 62500
i 995 25 25 31250
i 995 17 17 31250
i 995 30 30 15625
i 1203 1 1 46875
i 1446 1 1 23438
i 886 1 1 31250
i 1947 1 1 7812
i 440 1 1 7812
i 2801 1 1 7812
i 882 1 1 23438
i 556 6 6 15625
i 557 3 3 15625
i 554 2 2 15625
i 565 1 1 7812
i 562 1 1 7812
end
npc 9185 # Guard (lvl 22)
g 526 1 1
g 995 30 30
t 1 main
i 561 1 1 7812
i 886 5 5 7812
i 5318 4 4 52632
i 5319 4 4 40000
i 5324 4 4 26316
i 5322 3 3 12987
i 5320 3 3 6452
i 5323 2 2 3215
i 5321 2 2 1536
i 22879 2 2 1116
i 9140 2 12 78125
i 995 1 1 148438
i 995 7 7 125000
i 995 5 5 140625
i 995 12 12 70312
i 995 4 4 62500
i 995 25 25 31250
i 995 17 17 31250
i 995 30 30 15625
i 1203 1 1 46875
i 1446 1 1 23438
i 886 1 1 31250
i 1947 1 1 7812
i 440 1 1 7812
i 2801 1 1 7812
i 882 1 1 23438
i 556 6 6 15625
i 557 3 3 15625
i 554 2 2 15625
i 565 1 1 7812
i 562 1 1 7812
end
npc 9189 # Guard (lvl 22)
g 526 1 1
g 995 30 30
t 1 main
i 561 1 1 7812
i 886 5 5 7812
i 5318 4 4 52632
i 5319 4 4 40000
i 5324 4 4 26316
i 5322 3 3 12987
i 5320 3 3 6452
i 5323 2 2 3215
i 5321 2 2 1536
i 22879 2 2 1116
i 9140 2 12 78125
i 995 1 1 148438
i 995 7 7 125000
i 995 5 5 140625
i 995 12 12 70312
i 995 4 4 62500
i 995 25 25 31250
i 995 17 17 31250
i 995 30 30 15625
i 1203 1 1 46875
i 1446 1 1 23438
i 886 1 1 31250
i 1947 1 1 7812
i 440 1 1 7812
i 2801 1 1 7812
i 882 1 1 23438
i 556 6 6 15625
i 557 3 3 15625
i 554 2 2 15625
i 565 1 1 7812
i 562 1 1 7812
end
npc 9190 # Guard (lvl 22)
g 526 1 1
g 995 30 30
t 1 main
i 561 1 1 7812
i 886 5 5 7812
i 5318 4 4 52632
i 5319 4 4 40000
i 5324 4 4 26316
i 5322 3 3 12987
i 5320 3 3 6452
i 5323 2 2 3215
i 5321 2 2 1536
i 22879 2 2 1116
i 9140 2 12 78125
i 995 1 1 148438
i 995 7 7 125000
i 995 5 5 140625
i 995 12 12 70312
i 995 4 4 62500
i 995 25 25 31250
i 995 17 17 31250
i 995 30 30 15625
i 1203 1 1 46875
i 1446 1 1 23438
i 886 1 1 31250
i 1947 1 1 7812
i 440 1 1 7812
i 2801 1 1 7812
i 882 1 1 23438
i 556 6 6 15625
i 557 3 3 15625
i 554 2 2 15625
i 565 1 1 7812
i 562 1 1 7812
end
